title,content,link,date,source_type,source_name
Военная операция на Украине. Онлайн,,https://tass.ru/armiya-i-opk/27004755,"Mon, 06 Apr 2026 00:00:00 +0300",website,tass.ru
Военная операция США и Израиля в Иране. Онлайн,"Любая наземная операция обречена на полный провал и поражение от армии Ирана, с таким предупреждением выступил генеральный штаб вооруженных сил исламской республики",https://tass.ru/mezhdunarodnaya-panorama/27004757,"Mon, 06 Apr 2026 00:00:01 +0300",website,tass.ru
Военная операция США и Израиля в Иране. Онлайн,,https://tass.ru/mezhdunarodnaya-panorama/27004757,"Mon, 06 Apr 2026 00:00:01 +0300",website,tass.ru
Космонавты на МКС поздравили россиян с началом Недели космоса,"Сергей Кудь-Сверчков отметил, что государство уделяет развитию космонавтики большое внимание",https://tass.ru/kosmos/27009649,"Mon, 06 Apr 2026 00:01:04 +0300",website,tass.ru
Космонавты на МКС поздравили россиян с началом Недели космоса,,https://tass.ru/kosmos/27009649,"Mon, 06 Apr 2026 00:01:04 +0300",website,tass.ru
Началась первая в России Неделя космоса,Приуроченные к ней мероприятия будут проходить до 12 апреля,https://tass.ru/obschestvo/27009635,"Mon, 06 Apr 2026 00:01:49 +0300",website,tass.ru
"Ефрейтор Колышкин эвакуировал раненых бойцов, отстреливаясь от дронов ВСУ",После спасения товарищей боец оказал им первую медицинскую помощь,https://tass.ru/armiya-i-opk/27009665,"Mon, 06 Apr 2026 00:03:32 +0300",website,tass.ru
Баканов: первые отечественные космонавты реализовали мечту человечества,"Глава Роскосмоса отметил, что люди веками мечтали отправиться к звездам",https://tass.ru/kosmos/27009657,"Mon, 06 Apr 2026 00:04:16 +0300",website,tass.ru
"Старший лейтенант Горев уничтожил дрон ""Баба-яга""","Благодаря профессиональным действиям военнослужащего и слаженным действиям личного состава взвода было ликвидировано три опорных пункта и два расчета FPV-дронов ВСУ, рассказали в Минобороны РФ",https://tass.ru/armiya-i-opk/27009663,"Mon, 06 Apr 2026 00:06:53 +0300",website,tass.ru
Концерт в честь Навруза в подмосковном Live Arena собрал 11 тыс. зрителей,"Хедлайнерами концерта стали популярный таджикский поп-певец Джонибек Муродов, таджикская примадонна Шабнами Сурайё, а также казахстанский певец, композитор и аранжировщик Парвиз Назаров",https://tass.ru/kultura/27009589,"Mon, 06 Apr 2026 00:07:01 +0300",website,tass.ru
Концерт в честь Навруза в подмосковном Live Arena собрал 11 тыс. зрителей,,https://tass.ru/kultura/27009589,"Mon, 06 Apr 2026 00:07:01 +0300",website,tass.ru
"В Иране заявили, что любую наземную операцию США ожидает поражение","Генеральный штаб вооруженных сил исламской республики отметил, что проникновение врага в какую-либо часть государства постигнет провал",https://tass.ru/mezhdunarodnaya-panorama/27009677,"Mon, 06 Apr 2026 00:24:17 +0300",website,tass.ru
Посол Келин: Британия заинтересована в усилении конфликта на Украине,"Посол России в Великобритании отметил, что недавние удары по гражданским объектам и населению в Брянске являются наглядным примером намерений Лондона",https://tass.ru/politika/27009685,"Mon, 06 Apr 2026 00:26:15 +0300",website,tass.ru
Китай уведомил РФ о готовности продлить безвизовый въезд россиянам еще на год,МИД России прорабатывает с китайскими партнерами модальности сохранения порядка взаимных поездок граждан,https://tass.ru/obschestvo/27009707,"Mon, 06 Apr 2026 00:27:35 +0300",website,tass.ru
Al Hadath: в Иране погибли четыре офицера при отражении атак вертолетов США,"Это произошло недалеко от Исфахана, расположенного в центральной части исламской республики, сообщает телеканал",https://tass.ru/proisshestviya/27009701,"Mon, 06 Apr 2026 00:28:55 +0300",website,tass.ru
В Британии объявили о борьбе с ростом стоимости жизни из-за войны в Иране,Самое значительное изменение - снятие ограничений на пособия на детей,https://tass.ru/mezhdunarodnaya-panorama/27009723,"Mon, 06 Apr 2026 00:34:11 +0300",website,tass.ru
В Казахстане прорвало плотину,"Сооружение ""Шоптыколь"" расположено в 2 км от села Сабынды в Акмолинской области",https://tass.ru/proisshestviya/27009715,"Mon, 06 Apr 2026 00:36:50 +0300",website,tass.ru
Движение автотранспорта по Крымскому мосту возобновили,Оно было временно перекрыто 5 апреля в 21:57 мск,https://tass.ru/obschestvo/27009747,"Mon, 06 Apr 2026 00:48:11 +0300",website,tass.ru
Малкин вошел в топ-25 игроков НХЛ по количеству голевых передач,"Форвард ""Питтсбурга"" сделал 873 результативных паса и сравнялся с Филом Эспозито",https://tass.ru/sport/27009753,"Mon, 06 Apr 2026 00:51:03 +0300",website,tass.ru
"Иран предупредил, что намерен отвечать на удары по гражданским объектам атаками","Генштаб исламской республики пообещал, что ответные атаки будут в два раза мощнее",https://tass.ru/mezhdunarodnaya-panorama/27009761,"Mon, 06 Apr 2026 00:53:22 +0300",website,tass.ru
В аэропортах Краснодара и Сочи задержали 193 рейса,Отменили 51 рейс,https://tass.ru/ekonomika/27009767,"Mon, 06 Apr 2026 00:55:24 +0300",website,tass.ru
"""Страна"": сотрудники ТЦК задержали украинского хореографа Амадора Лопеса","Он проходит процедуры, связанные с мобилизацией, сообщает издание",https://tass.ru/proisshestviya/27009789,"Mon, 06 Apr 2026 00:55:59 +0300",website,tass.ru
Трамп не исключил переброску американских войск в Иран,"США готовы будут рассмотреть возможность нанесения ударов по любым инфраструктурным объектам республики, если не удастся достичь сделки, отметил президент Соединенных Штатов ",https://tass.ru/mezhdunarodnaya-panorama/27009781,"Mon, 06 Apr 2026 00:59:23 +0300",website,tass.ru
Баканов назвал 65-летие полета Гагарина в космос величайшей датой,Советский космонавт облетел вокруг Земли и успешно приземлился в Саратовской области 12 апреля 1961 года,https://tass.ru/kosmos/27009803,"Mon, 06 Apr 2026 01:01:28 +0300",website,tass.ru
Глава Петропавловска-Камчатского ушел в отставку,Евгений Беляев покинул пост по собственному желанию,https://tass.ru/politika/27009829,"Mon, 06 Apr 2026 01:02:50 +0300",website,tass.ru
"Баканов рассказал, когда впервые увидел пуск ракеты","Генеральный директор госкорпорации Роскосмос отметил, что это произошло, когда ему было 26 лет",https://tass.ru/kosmos/27009797,"Mon, 06 Apr 2026 01:02:57 +0300",website,tass.ru
Lebanon 24: четыре ливанца погибли при ударе ВМС Израиля по пригороду Бейрута,"По информации портала, ВМС еврейского государства выпустили ракеты по двум квартирам в жилом комплексе ""Тиляль""",https://tass.ru/mezhdunarodnaya-panorama/27009835,"Mon, 06 Apr 2026 01:05:52 +0300",website,tass.ru
В Новороссийске из-за атаки БПЛА пострадали восемь человек,Среди них двое детей,https://tass.ru/proisshestviya/27009841,"Mon, 06 Apr 2026 01:09:41 +0300",website,tass.ru
В Новороссийске для жителей поврежденных из-за БПЛА домов подготовили ПВР,Их организовали в двух школах,https://tass.ru/proisshestviya/27009877,"Mon, 06 Apr 2026 01:38:37 +0300",website,tass.ru
Для жителей поврежденных из-за БПЛА домов подготовили ПВР в двух школах Новороссийска,,https://tass.ru/proisshestviya/27009877,"Mon, 06 Apr 2026 01:38:37 +0300",website,tass.ru
"В Иране сообщили, что жилой квартал города Кум подвергся бомбардировке","Советник губернатора провинции заявил, что спасательные команды приступили к ""разбору завалов и поиску выживших""",https://tass.ru/mezhdunarodnaya-panorama/27009871,"Mon, 06 Apr 2026 01:39:18 +0300",website,tass.ru
"В Иране сообщили, что жилой квартал иранского города Кум подвергся бомбардировке","Советник губернатора провинции заявил, что спасательные команды приступили к ""разбору завалов и поиску выживших""",https://tass.ru/mezhdunarodnaya-panorama/27009871,"Mon, 06 Apr 2026 01:39:18 +0300",website,tass.ru
"The Economist заявил о ""похоронных настроениях"" в Европе по поводу будущего НАТО","Их причиной стало высказывание  госсекретаря США Марко Рубио, поставившего под сомнение эффективность альянса, пишет журнал",https://tass.ru/mezhdunarodnaya-panorama/27009881,"Mon, 06 Apr 2026 01:42:07 +0300",website,tass.ru
Юрист Поляков напомнил о риске лишиться прав после употребления кефира и кваса,"Доцент кафедры административного права и процесса Университета имени О. Е. Кутафина отметил, что, согласно судебной практике, употребление продуктов питания не является оправданием при фиксации опьянения",https://tass.ru/obschestvo/27009891,"Mon, 06 Apr 2026 01:46:07 +0300",website,tass.ru
Юрист Поляков напомнил о риске лишиться прав после употребления кефира и кваса,,https://tass.ru/obschestvo/27009891,"Mon, 06 Apr 2026 01:46:07 +0300",website,tass.ru
В Пензенской области ввели режим беспилотной опасности,В регионе временно ограничили работу мобильного интернета,https://tass.ru/proisshestviya/27009897,"Mon, 06 Apr 2026 01:50:52 +0300",website,tass.ru
"Bild: в ФРГ во время поиска пасхальных яиц нашли флакон с надписью ""Полоний-210""","На место происшествия прибыли около 138 сотрудников экстренных служб, включая отряд радиационной защиты, пишет издание",https://tass.ru/proisshestviya/27009903,"Mon, 06 Apr 2026 01:58:22 +0300",website,tass.ru
Баканов: в СВО принимают участие 1 357 сотрудников Роскосмоса,"Глава госкорпорации отметил, что признателен каждому работнику, который пошел на специальную военную операцию",https://tass.ru/armiya-i-opk/27009917,"Mon, 06 Apr 2026 02:00:30 +0300",website,tass.ru
Врио главы Петропавловска-Камчатского станет Андрей Воровский,Евгений Беляев ушел в отставку по собственному желанию,https://tass.ru/politika/27009911,"Mon, 06 Apr 2026 02:01:53 +0300",website,tass.ru
Дирижер Курентзис представил программу к 100-летию Дьердя Куртага,"В концерте приняли участие оркестр и хор musicAeterna, а также солисты - сопрано Ивета Симонян и баритон Владислав Чижов",https://tass.ru/kultura/27009855,"Mon, 06 Apr 2026 02:06:09 +0300",website,tass.ru
"В Бразилии заявили, что США выйдут ослабленными из конфликта с Ираном","Специальный помощник президента страны по международным вопросам Селсу Аморим отметил, что Соединенным Штатам не удалось достичь поставленных целей в ожидаемые сроки",https://tass.ru/mezhdunarodnaya-panorama/27009923,"Mon, 06 Apr 2026 02:07:41 +0300",website,tass.ru
"Эксперт Вегвари: в Венгрии, возможно, обнаружили неизвестную картину Ван Гога","Искусствовед отметила, что речь идет еще об одной версии картины голландского художника ""Танцевальный зал в Арле""",https://tass.ru/kultura/27009937,"Mon, 06 Apr 2026 02:15:19 +0300",website,tass.ru
The Times: закон о повышении обороноспособности Британии не примут до 2027 года,"Предполагалось, что законопроект начнут обсуждать в 2026 году, пишет газета",https://tass.ru/mezhdunarodnaya-panorama/27009945,"Mon, 06 Apr 2026 02:15:59 +0300",website,tass.ru
"В ОП рассказали, что Telegram нарушает законодательство о рынке ценных бумаг","Член комиссии по общественной экспертизе законопроектов и иных нормативных актов Евгений Машаров отметил, что мессенджер в последние годы предлагает россиянам финансовые услуги наравне с онлайн-казино и ставками на спорт",https://tass.ru/obschestvo/27009957,"Mon, 06 Apr 2026 02:18:55 +0300",website,tass.ru
Цена нефти марки Brent превысила $110,"К 01:10 мск стоимость фьючерса ускорила рост до $111,89 за баррель",https://tass.ru/ekonomika/27009961,"Mon, 06 Apr 2026 02:22:52 +0300",website,tass.ru
Al Araby: беспилотник атаковал дипломатический объект США в Ираке,"По информации телеканала, под удар попал логистический центр американского посольства, расположенный рядом с аэропортом Багдада",https://tass.ru/proisshestviya/27009969,"Mon, 06 Apr 2026 02:23:45 +0300",website,tass.ru
Fars: в Тегеране произошли взрывы,Подробности не приводятся,https://tass.ru/mezhdunarodnaya-panorama/27009977,"Mon, 06 Apr 2026 02:26:20 +0300",website,tass.ru
Участие в Российском космическом форуме примут шесть зарубежных стран,"На мероприятии 9 апреля ожидаются представители Китая, Индии, Индонезии, Белоруссии, Казахстана и Мьянмы, сообщил глава Роскосмоса Дмитрий Баканов",https://tass.ru/kosmos/27009989,"Mon, 06 Apr 2026 02:31:05 +0300",website,tass.ru
Алиханов: экспорт российских лекарств вырос более чем на 30% в 2025 году,"Сумма составила около $1,3 млрд, сообщил министр промышленности и торговли ",https://tass.ru/ekonomika/27010015,"Mon, 06 Apr 2026 02:38:11 +0300",website,tass.ru
Iran War Cost Tracker: США потратили более $42 млрд на военную операцию в Иране,"Такие данные приводит счетчик портала, работающий в режиме реального времени",https://tass.ru/mezhdunarodnaya-panorama/27010057,"Mon, 06 Apr 2026 02:46:49 +0300",website,tass.ru
"В Иране сообщили, что при бомбардировке города Кум погибли пять человек","Это число, вероятно, увеличится по мере продолжения работ по расчистке завалов, сообщил заместитель главы управления безопасности провинции ",https://tass.ru/proisshestviya/27010065,"Mon, 06 Apr 2026 02:57:52 +0300",website,tass.ru
МВД: мошенники используют схему с имитацией инвестиционных платформ с ботами,Пользователям демонстрируют фальшивый интерфейс с быстро растущим балансом и графиками доходности,https://tass.ru/obschestvo/27010075,"Mon, 06 Apr 2026 03:00:43 +0300",website,tass.ru
Баканов: Роскосмос сохраняет вакансии за ушедшими на СВО сотрудниками,Родственникам работников также помогают с трудоустройством,https://tass.ru/kosmos/27010085,"Mon, 06 Apr 2026 03:01:06 +0300",website,tass.ru
Мурашко: Минздрав начал подготовку к новому эпидсезону по гриппу,"Министр здравоохранения отметил, что готовятся вакцинные штаммы, ведется контрактация по противогриппозным вакцинам ",https://tass.ru/obschestvo/27010081,"Mon, 06 Apr 2026 03:03:36 +0300",website,tass.ru
"Эксперт Подчиненова рассказала, кому стоит отказаться от куличей на Пасху","Врач-эндокринолог и диетолог отметила, что классические куличи на пшеничной муке не рекомендованы людям с целиакией, индивидуальной непереносимостью белка пшеницы или аллергией на белок коровьего молока",https://tass.ru/obschestvo/27010091,"Mon, 06 Apr 2026 03:07:52 +0300",website,tass.ru
"В Росстате рассказали, где средняя зарплата превышает 150 тыс. рублей",Такой показатель в январе 2026 года зафиксирован в семи регионах России,https://tass.ru/obschestvo/27010093,"Mon, 06 Apr 2026 03:12:37 +0300",website,tass.ru
Минздраву предложили ставить у окон роддомов стенды для граффити от отцов,"Председатель Совета матерей Татьяна Буцкая отметила, что мужчины размещают надписи с благодарностями на асфальте, заборах и стенах, что создает сразу несколько проблем",https://tass.ru/obschestvo/27010107,"Mon, 06 Apr 2026 03:15:27 +0300",website,tass.ru
Минздраву предложили ставить у окон роддомов стенды для граффити от отцов,,https://tass.ru/obschestvo/27010107,"Mon, 06 Apr 2026 03:15:27 +0300",website,tass.ru
Алиханов: Россия экспортирует лекарства в более чем 150 стран,Глава Минпромторга назвал развитие экспорта отечественных препаратов одной из приоритетных задач ведомства,https://tass.ru/ekonomika/27010111,"Mon, 06 Apr 2026 03:15:58 +0300",website,tass.ru
"Боец Гудини: ""Ланцеты"" уничтожают цели ВСУ даже при сильном встречном ветре","Российский военнослужащий отметил, что барражирующие боеприпасы могут работать в сложных погодных условиях ",https://tass.ru/armiya-i-opk/27010119,"Mon, 06 Apr 2026 03:18:41 +0300",website,tass.ru
"Оператор ""Днепра"" Гудини: ""Ланцеты"" уничтожают цели ВСУ даже при сильном ветре","Российский военнослужащий отметил, что барражирующие боеприпасы могут работать в сложных погодных условиях ",https://tass.ru/armiya-i-opk/27010119,"Mon, 06 Apr 2026 03:18:41 +0300",website,tass.ru
У Северных Курил произошло ощущаемое землетрясение,"Магнитуда составила 4,2",https://tass.ru/proisshestviya/27010123,"Mon, 06 Apr 2026 03:27:14 +0300",website,tass.ru
В Израиле заявили об обстреле со стороны Ирана,"Командование тыла направило предупреждение на мобильные телефоны жителей, находящихся в районе атак",https://tass.ru/mezhdunarodnaya-panorama/27010127,"Mon, 06 Apr 2026 03:30:23 +0300",website,tass.ru
"Эксперт Костенко объяснил, когда второй иностранный язык обязателен в школе","Это возможно, если в учебном учреждении могут его преподавать, а родители подали соответствующее заявление, отметил руководитель Института содержания и методов обучения им. В. С. Леднева ",https://tass.ru/obschestvo/27010131,"Mon, 06 Apr 2026 03:35:44 +0300",website,tass.ru
Жителям Певека на Чукотке рекомендовали не выходить из дома из-за урагана,В городе ожидается юго-восточный ураганный ветер с порывами 50-55 м/с,https://tass.ru/proisshestviya/27010135,"Mon, 06 Apr 2026 03:39:33 +0300",website,tass.ru
На Камчатке Вулкан Шивелуч выбросил пепел на высоту 7 км над уровнем моря,Активность вулкана опасна для местных и международных авиаперевозок,https://tass.ru/proisshestviya/27010137,"Mon, 06 Apr 2026 03:41:29 +0300",website,tass.ru
Алиханов назвал основных зарубежных покупателей российских лекарств,"Среди них Казахстан, Белоруссия, Узбекистан, Турция, Туркменистан, Алжир и Литва, рассказал глава Минпромторга",https://tass.ru/ekonomika/27010145,"Mon, 06 Apr 2026 03:48:10 +0300",website,tass.ru
В Дербентском районе Дагестана ищут двоих пропавших без вести,Поиски продолжаются спасателями и местными волонтерами,https://tass.ru/proisshestviya/27010157,"Mon, 06 Apr 2026 03:56:06 +0300",website,tass.ru
The Times of Israel: после обстрела Хайфы четыре человека остаются под завалами,"Работа спасателей затруднена из-за ""масштабов разрушений и сложности задачи"", пишет издание ",https://tass.ru/mezhdunarodnaya-panorama/27010165,"Mon, 06 Apr 2026 03:59:35 +0300",website,tass.ru
Опрошенные родители школьников назвали главные страхи за будущее детей,,https://tass.ru/obschestvo/27010177,"Mon, 06 Apr 2026 04:01:27 +0300",website,tass.ru
Al Hadath: технологический университет в Тегеране подвергся бомбардировке,"По информации телеканала, на территории вуза произошло несколько взрывов",https://tass.ru/mezhdunarodnaya-panorama/27010179,"Mon, 06 Apr 2026 04:03:52 +0300",website,tass.ru
Посольства Ирана высмеяли требование Трампа открыть Ормузский пролив,,https://tass.ru/mezhdunarodnaya-panorama/27010187,"Mon, 06 Apr 2026 04:12:43 +0300",website,tass.ru
Связисты Южной группировки сорвали попытку ВСУ нарушить управление у Краматорска,"Противник нанес дар по ретранслятору радиосвязи и дублирующей проводной линии, но бойцы ВС РФ смогли оперативно устранить повреждения и восстановить управление",https://tass.ru/armiya-i-opk/27010399,"Mon, 06 Apr 2026 05:11:14 +0300",website,tass.ru
CNN: США привлекли элитный спецназ к спасению второго члена экипажа F-15E,"Среди сотен военнослужащих в операции по спасению штурмана-оператора самолета участвовали военнослужащие спецподразделений Delta Force и Navy Seals, сообщает телекомпания",https://tass.ru/mezhdunarodnaya-panorama/27010439,"Mon, 06 Apr 2026 05:15:57 +0300",website,tass.ru
Добро.Центры впервые откроются в Чечне и на Байконуре,"В Добро.рф уточнили, что в Чеченской Республике начнут работу сразу три центра",https://tass.ru/obschestvo/27010447,"Mon, 06 Apr 2026 05:17:46 +0300",website,tass.ru
"Эксперт Зайков рассказал, можно ли потратить маткапитал на старшего ребенка","Доцент кафедры экономики и финансов Алтайского филиала отметил, что материнским капиталом можно оплатить обучение как первого, так и последующих - родных или усыновленных детей",https://tass.ru/obschestvo/27010453,"Mon, 06 Apr 2026 05:19:55 +0300",website,tass.ru
Минпромторг готовит новый механизм стимулирования экспорта для фармкомпаний,"Речь идет про экспортный кешбэк, сообщил глава ведомства Антон Алиханов",https://tass.ru/ekonomika/27010457,"Mon, 06 Apr 2026 05:27:12 +0300",website,tass.ru
Иран заявил о гибели 13 человек при бомбардировке в регионе Бехарестан,Из-за удара было разрушено два жилых дома в городе Калех-Мир,https://tass.ru/mezhdunarodnaya-panorama/27010465,"Mon, 06 Apr 2026 05:27:15 +0300",website,tass.ru
На Камчатке осудили пять участников группы за организацию подпольного казино,"С осужденных взыскали деньги, полученные преступным путем",https://tass.ru/proisshestviya/27010489,"Mon, 06 Apr 2026 05:38:02 +0300",website,tass.ru
Axios: США и Иран обсуждают возможность 45-дневного прекращения огня,"Источники портала признают, что ""шансов на достижение сделки в ближайшие 48 часов мало"" ",https://tass.ru/mezhdunarodnaya-panorama/27010493,"Mon, 06 Apr 2026 05:38:32 +0300",website,tass.ru
На Камчатке ФСБ перекрыла канал незаконной миграции,"По данным следствия, сообщники организовали пребывание в России граждан одной из республик ближнего зарубежья, изготовив фиктивные гражданско-правовые договоры",https://tass.ru/obschestvo/27010501,"Mon, 06 Apr 2026 05:47:17 +0300",website,tass.ru
Израиль заявил об очередном ракетном обстреле со стороны Ирана,"ВС еврейского государства сообщили, что системы обороны работают для пресечения угрозы",https://tass.ru/mezhdunarodnaya-panorama/27010515,"Mon, 06 Apr 2026 05:52:51 +0300",website,tass.ru
В Кузбассе третьи сутки ищут пропавшего Героя России Алексея Асылханова,Он ушел 3 апреля из дома и не вернулся,https://tass.ru/proisshestviya/27010507,"Mon, 06 Apr 2026 05:53:42 +0300",website,tass.ru
Mehr: из-за бомбардировок в восточной части Тегерана погибли четыре человека,"По информации агентства, еще не менее семи получили ранения",https://tass.ru/mezhdunarodnaya-panorama/27010521,"Mon, 06 Apr 2026 05:54:34 +0300",website,tass.ru
Rusprofile: в России стали чаще открывать бизнес,"С января по март включительно в России появились 314 404 компании и индивидуальных предпринимателя, что на 3,64% больше, чем за аналогичный период 2025 года",https://tass.ru/ekonomika/27010555,"Mon, 06 Apr 2026 06:01:58 +0300",website,tass.ru
ВТБ: ИИ решает каждое второе обращение клиентов в банк,"Искусственный интеллект в контакт-центре точнее понимает клиента с первых секунд и быстрее адаптируется к диалогу, сообщили в кредитной организации",https://tass.ru/ekonomika/27010545,"Mon, 06 Apr 2026 06:03:18 +0300",website,tass.ru
Экономист Т-банка прогнозирует доллар на уровне 90 рублей к концу года,"Руководитель управления фондового рынка банка Софья Донец отметила, что для прогнозирования курса валюты важно влияние изменения глобальных сырьевых цен и возможного изменения бюджетного правила",https://tass.ru/ekonomika/27010575,"Mon, 06 Apr 2026 06:03:49 +0300",website,tass.ru
SuperJob: в России самыми ленивыми работниками оказались дизайнеры,"При этом меньше всего ленятся операторы кол-центров и главные бухгалтеры, показало исследование",https://tass.ru/obschestvo/27010571,"Mon, 06 Apr 2026 06:05:17 +0300",website,tass.ru
"В Сербии заявили, что найденную на газопроводе взрывчатку могли сделать в США","По словам директора сербского Военного агентства безопасности Джуро Йованича, на это указывает маркировка",https://tass.ru/mezhdunarodnaya-panorama/27010505,"Mon, 06 Apr 2026 06:05:53 +0300",website,tass.ru
В 2025 году Россия добилась выдачи из-за рубежа 186 разыскиваемых лиц,"Положительные решения по запросам Генпрокуратуры принимали Турция, Сербия, ОАЭ, Черногория, Греция, Алжир, Замбия и другие страны",https://tass.ru/obschestvo/27010581,"Mon, 06 Apr 2026 06:06:44 +0300",website,tass.ru
В Москве прогнозируют облачную погоду и до 11 градусов тепла,Атмосферное давление в столице составит около 739 мм ртутного столба,https://tass.ru/obschestvo/27010549,"Mon, 06 Apr 2026 06:07:53 +0300",website,tass.ru
Израиль сообщил о серии ударов по целям в Тегеране,Армия еврейского государства била по правительственным объектам,https://tass.ru/mezhdunarodnaya-panorama/27010607,"Mon, 06 Apr 2026 06:08:36 +0300",website,tass.ru
"В СФ назвали пока ""сложной"" езду на электромобилях по России","Заместитель председателя Совета по развитию цифровой экономики сенатор Артем Шейкин отметил, что в стране не хватает зарядных станций для таких путешествий",https://tass.ru/obschestvo/27010595,"Mon, 06 Apr 2026 06:10:55 +0300",website,tass.ru
"""Займер"": более 80% желающих взять займы столкнулись с отказом по кредиту","При этом положительное решение по кредиту получил каждый десятый, говорится в опросе финтех-группы ",https://tass.ru/ekonomika/27010591,"Mon, 06 Apr 2026 06:13:29 +0300",website,tass.ru
N12: в Хайфе после ударов Ирана погибли два человека,"Спасательные бригады продолжают разыскивать еще двоих пропавших без вести, сообщил телеканал ",https://tass.ru/mezhdunarodnaya-panorama/27010623,"Mon, 06 Apr 2026 06:15:58 +0300",website,tass.ru
Алиханов: к 2030 году планируется вывести на рынок КНР лекарства для онкотерапии,"Компания ""Биокад"" реализует проект по созданию в Китае совместного предприятия для выпуска лекарств на основе моноклональных антител и генотерапевтических препаратов отечественной разработки",https://tass.ru/ekonomika/27010613,"Mon, 06 Apr 2026 06:19:49 +0300",website,tass.ru
Эксперт Кермедчиева: подделки брендов в модном сегменте занимают около 40%,"Доступности контрафактной продукции способствуют маркетплейсы, отметила вице-президент по новым брендам Союза торговых центров",https://tass.ru/ekonomika/27010633,"Mon, 06 Apr 2026 06:22:17 +0300",website,tass.ru
В Поморье внедрили метод лечения осложнений болезней головного и спинного мозга,Методику используют на базе Архангельского городского кардиологического центра Первой городской клинической больницы,https://tass.ru/nauka/27010649,"Mon, 06 Apr 2026 06:29:47 +0300",website,tass.ru
Баканов: первый модуль Российской орбитальной станции развернут в 2028 году,"Такую дату руководитель Роскосмоса назвал, опираясь на утвержденный паспорт нацпроекта ",https://tass.ru/kosmos/27010673,"Mon, 06 Apr 2026 06:30:51 +0300",website,tass.ru
Калужские власти ожидают рост выпуска автомобилей Tenet,В 2025 году в регионе было собрано более 140 тыс. автомобилей различных марок,https://tass.ru/ekonomika/27010531,"Mon, 06 Apr 2026 06:32:22 +0300",website,tass.ru
ТАСС: из Донбасса под Сумы перебросили артиллеристов 78-й бригады ВСУ,"Это показал анализ публикаций украинских волонтеров, сообщили в российских силовых структурах",https://tass.ru/armiya-i-opk/27010695,"Mon, 06 Apr 2026 06:32:39 +0300",website,tass.ru
ТАСС: ВСУ перебросили в Харьковскую область карательные группы Нацгвардии,"В российских силовых структурах отметили, что эти группы также будут искать дезертиров",https://tass.ru/armiya-i-opk/27010687,"Mon, 06 Apr 2026 06:32:45 +0300",website,tass.ru
Калужский автозавод готовится к выпуску новой модели Tenet,Планируется запустить конвейер,https://tass.ru/ekonomika/27010661,"Mon, 06 Apr 2026 06:34:15 +0300",website,tass.ru
ТАСС: мобилизованный в ВСУ с ДЦП и шизофренией пропал без вести у Сум,"В российских силовых структурах подчеркнули, что киевские власти доукомплектовывают подразделения на сумском участке фронта насильно мобилизованными украинцами",https://tass.ru/armiya-i-opk/27010679,"Mon, 06 Apr 2026 06:34:20 +0300",website,tass.ru
"""Ушкуйник"": проект катера ""Скорлупа"" изначально закладывался как серийный","Советник генерального директора НПЦ Евгений Мандельштам отметил, что затяжной стадии ""штучных"" прототипов не было",https://tass.ru/ekonomika/27010657,"Mon, 06 Apr 2026 06:34:54 +0300",website,tass.ru
Австралия обеспечила импорт топлива до мая на фоне мирового энергокризиса,"Все закупки топлива уже законтрактованы, что гарантирует их поставку, заявил министр энергетики страны Крис Боуэн",https://tass.ru/ekonomika/27010725,"Mon, 06 Apr 2026 06:44:05 +0300",website,tass.ru
В Киргизии задержали сторонника террористической организации,"Как сообщили в Государственном комитете национальной безопасности, подозреваемый планировал выехать за границу в одну из зон боевых действий",https://tass.ru/proisshestviya/27010731,"Mon, 06 Apr 2026 06:44:36 +0300",website,tass.ru
"""Вашингтон"" разгромно проиграл ""Рейнджерс"" в НХЛ. Овечкин очков не набрал",Встреча завершилась победой клуба из Нью-Йорка со счетом 8:1,https://tass.ru/sport/27010741,"Mon, 06 Apr 2026 06:45:29 +0300",website,tass.ru
Из Дербентского района из-за разрушения плотины эвакуировали более 350 человек,Пострадавшим обеспечивается горячее питание и медицинская помощь,https://tass.ru/proisshestviya/27010755,"Mon, 06 Apr 2026 06:46:57 +0300",website,tass.ru
Боец Гудини: в Херсонской области расчет Zala за месяц выявил три орудия ВСУ,"Старший оператор расчета отметил, что бойцам также удалось обнаружить  четыре пункта управления беспилотниками противника",https://tass.ru/armiya-i-opk/27010749,"Mon, 06 Apr 2026 06:47:05 +0300",website,tass.ru
В Пензенской области отменили беспилотную опасность,Режим был введен в 01:47 мск,https://tass.ru/proisshestviya/27010769,"Mon, 06 Apr 2026 06:50:05 +0300",website,tass.ru
Алиханов: Вьетнам упростил регистрацию российских фармпрепаратов,"Глава Минпромторга подчеркнул, что это расширит присутствие компаний из РФ с уникальными компетенциями в разработке и производстве высокотехнологичных биологических лекарств",https://tass.ru/ekonomika/27010775,"Mon, 06 Apr 2026 06:50:11 +0300",website,tass.ru
ЦАХАЛ снова зафиксировал запуск ракет из Ирана в сторону Израиля,Оборонные системы работают над перехватом угроз,https://tass.ru/mezhdunarodnaya-panorama/27010783,"Mon, 06 Apr 2026 06:50:35 +0300",website,tass.ru
"Юрист Власова рассказала, как решить проблему с ""капающим"" кондиционером соседей","В первую очередь, по словам советника Федеральной палаты адвокатов РФ, нужно обратиться в управляющую компанию или к председателю правления ТСЖ либо ЖСК",https://tass.ru/obschestvo/27010763,"Mon, 06 Apr 2026 06:53:13 +0300",website,tass.ru
Иран заявил о гибели как минимум шести человек при атаке на Шахедшахр,Среди них было трое подростков,https://tass.ru/mezhdunarodnaya-panorama/27010789,"Mon, 06 Apr 2026 06:53:38 +0300",website,tass.ru
ТАСС: министра тарифной политики Красноярского края задержали по делу о взятке,По версии следствия Александр Ананьев за вознаграждение в 10 млн рублей обязался способствовать включению компании в перечень территориальных сетевых организаций и решению других вопросов в ее интересах,https://tass.ru/proisshestviya/27010797,"Mon, 06 Apr 2026 06:54:28 +0300",website,tass.ru
"Автор хита ""Скрипка-лиса"" Саруханов назвал работу с Кеосаяном великолепной","Музыкант отметил, что режиссер был для него не только профессионалом, но и близким другом",https://tass.ru/kultura/27010805,"Mon, 06 Apr 2026 06:56:38 +0300",website,tass.ru
Глава Минпромторга: развитие экспорта российских лекарств — одна из приоритетных задач,"Объемы экспорта российских лекарственных средств за рубеж продолжают неуклонно расти, расширяется ассортимент и география поставок. О достижениях и перспективах развития экспорта российской фармацевтической продукции в интервью ТАСС рассказал глава Минпромторга РФ Антон Алиханов",https://tass.ru/interviews/27001169,"Mon, 06 Apr 2026 07:00:01 +0300",website,tass.ru
Эксперт Бабинов: площадь съемного жилья в крупных городах может снизиться на 5%,"Сооснователь коливинг-оператора Colife считает, что это может произойти к 2028 году",https://tass.ru/nedvizhimost/27010637,"Mon, 06 Apr 2026 07:00:20 +0300",website,tass.ru
Марочко: Киев может мобилизовать в ВСУ эвакуированное из Славянска население,"Военный эксперт не исключает, что мужчин могут отправить в виде ""пушечного мяса"" на линию боевого соприкосновения",https://tass.ru/armiya-i-opk/27010877,"Mon, 06 Apr 2026 07:01:09 +0300",website,tass.ru
"Командир Карта: войска ""Севера"" уничтожили более 90 гексакоптеров ""Баба-яга"" ВСУ","Российские военнослужащие вычислили воздушную угрозу противника с помощью радиолокационных станций и пунктов наблюдения, сообщил начальник огневого поражения 11-го корпуса ",https://tass.ru/armiya-i-opk/27010887,"Mon, 06 Apr 2026 07:01:26 +0300",website,tass.ru
МЧС прогнозирует ухудшение обстановки с паводком в Новосибирской области,"Начальник регионального министерства Виктор Орлов добавил, что оперативные группы готовы к выдвижению в районы, где возможна наиболее напряженная ситуация - Кочковский, Краснозерский и Колыванский",https://tass.ru/obschestvo/27010819,"Mon, 06 Apr 2026 07:01:37 +0300",website,tass.ru
В ХМАО экс-директора транспортной компании отправили под домашний арест,Меру пресечения избрали на срок 1 месяц 29 суток,https://tass.ru/proisshestviya/27010839,"Mon, 06 Apr 2026 07:03:13 +0300",website,tass.ru
"Алиханов: выпуск инсулина по технологии ""Герофарм"" в Каракасе начнут в 2026 году","Сейчас проводится модернизация производственной линии на венесуэльском предприятии, отметил глава Минпромторга",https://tass.ru/ekonomika/27010845,"Mon, 06 Apr 2026 07:03:27 +0300",website,tass.ru
Алиханов рассказал о предоставляемых фармэкспортерам мерах поддержки,"Глава Минпромторга сообщил, что экспортеров информируют о регуляторных требованиях фармрынков иностранных государств, а также консультируют для выхода на новые рынки ",https://tass.ru/ekonomika/27010865,"Mon, 06 Apr 2026 07:03:36 +0300",website,tass.ru
Суд Москвы запретил распространять через интернет инструкции по лжеминированию,"Прокуратура обнаружила группу в ""ВКонтакте"" и бот в Telegram, где предоставлялась подробная инструкция по осуществлению ложного информирования специальных служб об акте терроризма",https://tass.ru/obschestvo/27010857,"Mon, 06 Apr 2026 07:04:59 +0300",website,tass.ru
Баканов: России нельзя прерывать пилотируемую космонавтику,"Глава Роскосмоса подчеркнул, что для этого необходимо синхронизировать сроки завершения работы по Международной космической станции и развертыванию Российской орбитальной",https://tass.ru/kosmos/27010871,"Mon, 06 Apr 2026 07:05:01 +0300",website,tass.ru
Даниил Медведев и Мирра Андреева сохранили 10-е места в рейтингах ATP и WTA,Лидерами рейтингов остаются Карлос Алькарас и Арина Соболенко,https://tass.ru/sport/27010917,"Mon, 06 Apr 2026 07:05:38 +0300",website,tass.ru
Эксперт Цепп-Ларуш: диалог России и США необходим для решения мировых проблем,Основатель международного Шиллеровского института таким образом прокомментировала итоги визита в Вашингтон делегации Госдумы,https://tass.ru/politika/27010823,"Mon, 06 Apr 2026 07:06:34 +0300",website,tass.ru
Эксперт Панкина: владельцы недвижимости в ОАЭ будут готовы к скидкам осенью,"В большинстве случаев собственники предпочитают занимать выжидательную позицию, отметила руководитель Дубайского отдела продаж Whitewill ",https://tass.ru/obschestvo/27010901,"Mon, 06 Apr 2026 07:08:57 +0300",website,tass.ru
"Командир Чехов: дроны ""Севера"" уничтожили грузовики ВСУ в Сумской области","Военнослужащий отметил, что что имеющиеся средства связи и управления в войсках беспилотных систем позволяют успешно выполнять поставленные задачи",https://tass.ru/armiya-i-opk/27010927,"Mon, 06 Apr 2026 07:09:45 +0300",website,tass.ru
В Западной Сибири из-за теплой погоды ожидается вскрытие рек,"В частности, в Алтайском крае прогнозируют вскрытие реки Алей, что может привести к превышению опасных отметок уровня воды в Рубцовске и Алейске",https://tass.ru/obschestvo/27010899,"Mon, 06 Apr 2026 07:12:53 +0300",website,tass.ru
Эксперт Кермедчиева: в РФ объемы продаж через маркетплейсы удвоятся к 2030 году,"Вице-президент по новым брендам Союза торговых центров считает, что концу 2026 года доля онлайн продаж может увеличиться в России с 26% до 29%",https://tass.ru/ekonomika/27010929,"Mon, 06 Apr 2026 07:13:30 +0300",website,tass.ru
Эксперт Цепп-Ларуш: передача Киеву ядерного оружия стала бы безрассудным шагом,"Основатель международного Шиллеровского института Хельга отметила, что такой шаг может приведет к тому, что объекты хранения таких боезарядов станут непосредственными целями для атак",https://tass.ru/mezhdunarodnaya-panorama/27010907,"Mon, 06 Apr 2026 07:13:49 +0300",website,tass.ru
В Новосибирской области выявили нарушения при подготовке к паводку,Главам 24 муниципалитетов внесли представления,https://tass.ru/obschestvo/27010933,"Mon, 06 Apr 2026 07:14:01 +0300",website,tass.ru
"""Агроэкспорт"": Россия обновила рекорд по экспорту шампиньонов в 2025 году","Поставки увеличились на 20% в натуральном и на 42% в стоимостном выражении по сравнению с 2024 годом, сообщили в федеральном центре",https://tass.ru/ekonomika/27010937,"Mon, 06 Apr 2026 07:16:50 +0300",website,tass.ru
"Индекс Мосбиржи на открытии утренней торговой сессии рос на 0,11%","К 07:10 мск показатель перешел к снижению и находился на отметке 2 756,07 пункта",https://tass.ru/ekonomika/27010955,"Mon, 06 Apr 2026 07:17:53 +0300",website,tass.ru
Заслуженный артист России Саруханов: авторская песня в кризисе из-за ИИ,"Происходящее связано с системными изменениями в индустрии и ростом заимствований, отметил музыкант",https://tass.ru/kultura/27010943,"Mon, 06 Apr 2026 07:19:13 +0300",website,tass.ru
Баканов: МКС сведут с орбиты по плану в 2030 году,"Глава Роскосмоса отметил, что на замену Международной космической станции придет Российская орбитальная станция",https://tass.ru/kosmos/27010949,"Mon, 06 Apr 2026 07:19:49 +0300",website,tass.ru
"В Приморье взяли под стражу подростков, подозреваемых в разбойном нападении",Их арестовали на срок от 1 месяца 29 дней до 2 месяцев,https://tass.ru/proisshestviya/27010969,"Mon, 06 Apr 2026 07:21:12 +0300",website,tass.ru
В Омске пропали два брата 10 и 11 лет,"В СК региона отметили, что дети ушли 5 апреля около 18:00 кататься на самокатах в близлежащем микрорайоне и не вернулись",https://tass.ru/proisshestviya/27010961,"Mon, 06 Apr 2026 07:21:19 +0300",website,tass.ru
Nikkei: импорт нефти в Японию в марте упал на 30%,"Падение закупок оказалось более крупным, чем во время вспышки коронавируса в 2020 году, сообщила газета",https://tass.ru/ekonomika/27010973,"Mon, 06 Apr 2026 07:24:31 +0300",website,tass.ru
Иран заявил о гибели шестерых детей при ночных бомбардировках Тегерана,Также в юго-восточной части города был полностью разрушен жилой дом после попадания в него несколько снарядов,https://tass.ru/mezhdunarodnaya-panorama/27010987,"Mon, 06 Apr 2026 07:27:05 +0300",website,tass.ru
ТАСС: полеты в небе Бахрейна и Кувейта будут запрещены уже 38-е сутки подряд,"В авиадиспетчерских службах Ближнего Востока напомнили, что Бахрейн допускает отдельные вылеты из Манамы только по спецразрешениям и только по кратчайшему коридору в сторону соседней Саудовской Аравии",https://tass.ru/mezhdunarodnaya-panorama/27010993,"Mon, 06 Apr 2026 07:28:42 +0300",website,tass.ru
На Кубе доказали эффективность Jusvinza в восстановлении от лихорадки чикунгунья,"Как сообщает портал Cubadebate, по итогам второй фазы клинических испытаний препарата была доказано, что его применение устраняет болезненные и воспалительные симптомы в суставах",https://tass.ru/obschestvo/27011007,"Mon, 06 Apr 2026 07:31:02 +0300",website,tass.ru
На МКС отправится комплект коллекционных монет Гагарина,"Побывав в космосе, они вернутся на Землю, сообщил заведующий лабораторией психофизиологического обеспечения полетов и экстремальной деятельности Института медико-биологических проблем РАН Олег Рюмин",https://tass.ru/kosmos/27011023,"Mon, 06 Apr 2026 07:31:33 +0300",website,tass.ru
"Боец Гроза: ""Север"" за неделю уничтожил более 15 артиллерийских установок ВСУ","Начальник расчета ударных БПЛА группировки отметил, что благодаря этому удалось вытеснить противника с позиций",https://tass.ru/armiya-i-opk/27011029,"Mon, 06 Apr 2026 07:32:04 +0300",website,tass.ru
"""Руспродсоюз"": в России за год снизилась стоимость приготовления кулича на Пасху","Средняя сумма составляет 230 рублей, сообщили в ассоциации",https://tass.ru/ekonomika/27011013,"Mon, 06 Apr 2026 07:35:14 +0300",website,tass.ru
Четверых сахалинцев осудили за махинации с наследством на 55 млн рублей,Их отправили в исправительную колонию общего режима на срок от двух до четырех лет,https://tass.ru/obschestvo/27011043,"Mon, 06 Apr 2026 07:35:23 +0300",website,tass.ru
В Новосибирском зоопарке появилась малайская медведица,"Для добычи меда животное использует язык, который может достигать 46 см",https://tass.ru/obschestvo/27011047,"Mon, 06 Apr 2026 07:42:01 +0300",website,tass.ru
Капризова признали первой звездой дня в НХЛ,"Российский форвард оформил хет-трик в матче с ""Детройтом""",https://tass.ru/sport/27011061,"Mon, 06 Apr 2026 07:54:16 +0300",website,tass.ru
"Школьники создали проект экзоскелета по заказу резидента центра ""Русский""","Еще одним заказчиком выступила компания ""Абрис""",https://tass.ru/obschestvo/27011019,"Mon, 06 Apr 2026 07:57:27 +0300",website,tass.ru
Между переговорами и угрозами: как ведут диалог США и Иран,"США и Иран подтверждают, что контакты между ними есть, но расходятся в их оценке. Пока Вашингтон заявляет об активных переговорах, в Тегеране настаивают: переговоров между государствами нет. Что происходит в диалоге противоборствующих государств — в материале ТАСС",https://tass.ru/mezhdunarodnaya-panorama/27002405,"Mon, 06 Apr 2026 08:00:00 +0300",website,tass.ru
Марочко: группировку ВСУ на Днепропетровщине усилили наемниками,"По словам военного эксперта, противник стал чаще использовать тяжелую бронетехнику и нарастил использование БПЛА",https://tass.ru/armiya-i-opk/27011097,"Mon, 06 Apr 2026 08:01:39 +0300",website,tass.ru
"Марочко: Киев за неделю в зоне СВО потерял почти 8,9 тыс. солдат и наемников","Военный эксперт подчеркнул, что наибольший ущерб противнику нанесли бойцы группировки войск ""Центр""",https://tass.ru/armiya-i-opk/27011087,"Mon, 06 Apr 2026 08:01:48 +0300",website,tass.ru
Иран назвал преступлением атаки на установки по производству тяжелой воды,"Организация атомной энергии Ирана указало, что, несмотря на атаки, исламская республика не прекратит развивать науку и не откажется от стремления служить миру ",https://tass.ru/mezhdunarodnaya-panorama/27011115,"Mon, 06 Apr 2026 08:03:15 +0300",website,tass.ru
"Командир Тайга: бойцы ""Севера"" уничтожили пункты управления и запуска БПЛА ВСУ",Таким образом российские военные лишили противника возможности ведения разведки,https://tass.ru/armiya-i-opk/27011079,"Mon, 06 Apr 2026 08:03:53 +0300",website,tass.ru
Из района Дагестана эвакуировали более 4 тыс. человек из-за разрушения плотины,Для мониторинга обстановки с воздуха привлекли авиацию,https://tass.ru/proisshestviya/27011121,"Mon, 06 Apr 2026 08:06:35 +0300",website,tass.ru
Армия Израиля засекла очередной запуск ракет из Ирана,Оборонные системы работают над перехватом угроз,https://tass.ru/mezhdunarodnaya-panorama/27011157,"Mon, 06 Apr 2026 08:06:56 +0300",website,tass.ru
"В ЛНР после удара ВСУ по шахте ""Белореченская"" под землей остается 41 работник",С ними установили связь,https://tass.ru/proisshestviya/27011131,"Mon, 06 Apr 2026 08:08:08 +0300",website,tass.ru
Генпрокуратура: Россия в 2025 году выдала за рубеж 863 разыскиваемых лица,Большинство из рассмотренных 1 159 запросов о выдаче поступило из правоохранительных органов государств - участников СНГ,https://tass.ru/obschestvo/27011147,"Mon, 06 Apr 2026 08:08:15 +0300",website,tass.ru
Россия в 2025 году выдала за рубеж 863 разыскиваемых лица,"Большинство из рассмотренных 1 159 запросов о выдаче поступило из правоохранительных органов государств - участников СНГ, сообщили в Генпрокуратуре РФ",https://tass.ru/obschestvo/27011147,"Mon, 06 Apr 2026 08:08:15 +0300",website,tass.ru
В Приморье из-за рубежа в 2026 году переселились 25 соотечественников,"Из них семь человек из Киргизии, шесть из Узбекистана и четыре с Украины",https://tass.ru/obschestvo/27011129,"Mon, 06 Apr 2026 08:08:50 +0300",website,tass.ru
В Приморье из-за рубежа в 2026 году переселились 25 соотечественников,"Из них семь человек из Киргизии, шесть человек из Узбекистана и четыре с Украины",https://tass.ru/obschestvo/27011129,"Mon, 06 Apr 2026 08:08:50 +0300",website,tass.ru
Дмитриев: отказ ЕС от энергетики РФ предвещает трудные времена для Европы,Спецпредставитель президента России назвал это глупым идеологическим решением,https://tass.ru/ekonomika/27011163,"Mon, 06 Apr 2026 08:08:56 +0300",website,tass.ru
В топ лучших заведений Шанхая попал первый в Азии ресторан русской высокой кухни,"В меню ""Кириллицы"" - борщ, солянка, оливье, холодец, малосольные огурцы, блины, икра, камчатский краб, сахалинские гребешки и другое",https://tass.ru/obschestvo/27011173,"Mon, 06 Apr 2026 08:11:07 +0300",website,tass.ru
"В Ленобласти движение по трассе М-11 ""Нева"" приостанавливали из-за ДТП",Съезд был возможен на 545-м км М-11 в Новгородской области,https://tass.ru/proisshestviya/27011201,"Mon, 06 Apr 2026 08:17:28 +0300",website,tass.ru
"В Ленобласти движение по трассе М-11 ""Нева"" приостановлено из-за ДТП",Съезд возможен на 545-м км М-11 в Новгородской области,https://tass.ru/proisshestviya/27011201,"Mon, 06 Apr 2026 08:17:28 +0300",website,tass.ru
В Амурской области ожидают около 200 тыс. китайских туристов в 2026 году,В 2025 году общий турпоток в регион увеличился на 50%,https://tass.ru/ekonomika/27011169,"Mon, 06 Apr 2026 08:19:52 +0300",website,tass.ru
OleoScope: РФ с сентября по февраль снизила экспорт подсолнечного масла на 14%,"При этом экспорт соевого масла с сентября 2025 года по февраль 2026 года увеличился на 0,4% до 322 тыс. тонн",https://tass.ru/ekonomika/27011207,"Mon, 06 Apr 2026 08:20:09 +0300",website,tass.ru
NTV: Турция направила плавучую электростанцию на помощь Кубе,Энергосистема Кубы оказалась в глубоком кризисе после американского эмбарго на поставки топлива в страну,https://tass.ru/obschestvo/27011209,"Mon, 06 Apr 2026 08:20:32 +0300",website,tass.ru
Жителя Астрахани арестовали за призывы к терроризму,Подозреваемый дал признательные показания,https://tass.ru/proisshestviya/27011215,"Mon, 06 Apr 2026 08:21:49 +0300",website,tass.ru
В Чернигове произошел взрыв,В Черниговской области объявили воздушную тревогу,https://tass.ru/proisshestviya/27011221,"Mon, 06 Apr 2026 08:24:30 +0300",website,tass.ru
В Оренбуржье количество закрытых из-за паводка мостов и дорог сократилось до 22,В регионе за сутки наблюдаются понижения уровней воды на 1-112 см,https://tass.ru/obschestvo/27011217,"Mon, 06 Apr 2026 08:26:33 +0300",website,tass.ru
В Томске разработают радиационно-защитную ткань для космонавтов,"Кроме того, специалисты создадут плитки для обитаемых космических аппаратов",https://tass.ru/nauka/27011057,"Mon, 06 Apr 2026 08:29:30 +0300",website,tass.ru
В Абу-Даби заявили о пострадавшем при падении обломков перехваченного снаряда,Гражданин Ганы получил травмы средней степени тяжести,https://tass.ru/mezhdunarodnaya-panorama/27011233,"Mon, 06 Apr 2026 08:35:07 +0300",website,tass.ru
В Кузбассе в снежном покрове накопилось до 400% воды от нормы,"Как сообщил губернатор региона Илья Середюк, паводковый сезон ожидается непростым",https://tass.ru/obschestvo/27011193,"Mon, 06 Apr 2026 08:35:21 +0300",website,tass.ru
В Кузбассе в снежном покрове накопилось до 400% от нормы воды,"Как сообщил губернатор региона Илья Середюк, паводковый сезон ожидается непростым",https://tass.ru/obschestvo/27011193,"Mon, 06 Apr 2026 08:35:21 +0300",website,tass.ru
WAM: здание телекоммуникационной компании в ОАЭ подверглось удару БПЛА,Информации о пострадавших не приводится,https://tass.ru/mezhdunarodnaya-panorama/27011247,"Mon, 06 Apr 2026 08:35:38 +0300",website,tass.ru
В Сочи 15 рейсов ушли на запасные аэродромы из-за ограничений,"Рейсы отправили в Махачкалу, Нальчик, Минеральные Воды, Владикавказ, Грозный, Астрахань",https://tass.ru/obschestvo/27011241,"Mon, 06 Apr 2026 08:38:20 +0300",website,tass.ru
Володин рассказал о наступившем периоде кризиса в Евросоюзе,"Отказавшись от дешевой российской энергетики, ЕС сделал свою экономику практически неконкурентоспособной, считает председатель Госдумы",https://tass.ru/politika/27011253,"Mon, 06 Apr 2026 08:39:38 +0300",website,tass.ru
Северная Осетия получит 46 новых пассажирских автобусов к концу года,На приобретение новых автобусов республике выделят 83 млн рублей,https://tass.ru/obschestvo/27011283,"Mon, 06 Apr 2026 08:42:21 +0300",website,tass.ru
"Напавшего на мэра Енисейска приговорили к 2,5 года колонии",Мужчина бил главу города кулаком по лицу,https://tass.ru/proisshestviya/27011275,"Mon, 06 Apr 2026 08:42:30 +0300",website,tass.ru
Эстонская разведка рекомендовала ВСУ не направлять БПЛА через республику,"Полностью исключить такие случаи невозможно, подчеркнул глава разведывательного центра Сил обороны Эстонии Антс Кивисельг",https://tass.ru/mezhdunarodnaya-panorama/27011285,"Mon, 06 Apr 2026 08:43:22 +0300",website,tass.ru
В Хабаровском крае на реке Тумнин провели подрыв льда для пропуска паводка,"Межведомственная группа еще раз провела разведку местности, промеры зимнего покрова на реке",https://tass.ru/obschestvo/27011197,"Mon, 06 Apr 2026 08:46:12 +0300",website,tass.ru
"Автор хита ""Скрипка-лиса"" объяснил, почему современная музыка потеряла качество","Заслуженный артист России Игорь Саруханов считает, что причиной стала упрощенная модель ее создания",https://tass.ru/kultura/27011297,"Mon, 06 Apr 2026 08:49:29 +0300",website,tass.ru
CSA: у астронавтов будет несколько часов на изучение поверхности Луны,Пролет мимо Луны начнется 6 апреля в 21:45 мск,https://tass.ru/kosmos/27011303,"Mon, 06 Apr 2026 08:50:44 +0300",website,tass.ru
На севере Украины без света остались более 280 тыс. абонентов,"В Черниговском районе поврежден важный энергообъект, рассказали в ""Черниговоблэнерго""",https://tass.ru/proisshestviya/27011311,"Mon, 06 Apr 2026 08:53:49 +0300",website,tass.ru
Поезда МЦД-1 следуют с опозданиями из-за вынужденной остановки состава,Поезд остановился для работы медиков и правоохранительных органов,https://tass.ru/obschestvo/27011319,"Mon, 06 Apr 2026 08:53:55 +0300",website,tass.ru
Axios: США и Израиль подготовили план бомбардировок объектов энергетики Ирана,"Реализация готового военного плана откладывается до истечения обозначенных Вашингтоном крайних сроков для достижения предварительного соглашения в ходе переговоров с исламской республикой, отмечает портал ",https://tass.ru/mezhdunarodnaya-panorama/27011335,"Mon, 06 Apr 2026 08:59:57 +0300",website,tass.ru
"Игорь Саруханов: песни живут долго, если они сделаны правильно","Заслуженный артист России, автор и исполнитель таких известных песен, как ""Скрипка-лиса"", ""Желаю тебе"", ""Зеленые глаза"", празднует свое 70-летие. В интервью ТАСС Игорь Саруханов рассказал о 40-летии творческой деятельности, юбилейном сольном концерте 30 апреля в Москве и о том, как его песни продолжают жить и находить отклик у новых поколений слушателей",https://tass.ru/interviews/26994491,"Mon, 06 Apr 2026 09:00:00 +0300",website,tass.ru
Сергей Авдеев: в космонавты идут не за славой,"Сергей Авдеев в детстве не мечтал стать космонавтом. Но увлекся наукой и решил попробовать. В итоге он совершил три полета общей продолжительностью более 747 суток — рекорд держался почти шесть лет.

ТАСС побеседовал с Героем России о его подготовке, полетах, необычных ситуациях в космосе и перспективах космонавтики в России",https://tass.ru/interviews/26947051,"Mon, 06 Apr 2026 09:00:00 +0300",website,tass.ru
В ТАСС расскажут о промежуточных итогах зачисления детей в первые классы в Новосибирске,Спикером выступит начальник департамента образования мэрии Новосибирска Рамиль Ахметгареев,https://tass.ru/novosti-regionov/27011293,"Mon, 06 Apr 2026 09:00:01 +0300",website,tass.ru
СК подтвердил задержание министра тарифной политики Красноярского края,Александра Ананьева подозревают в получении взятки в крупном размере,https://tass.ru/proisshestviya/27011343,"Mon, 06 Apr 2026 09:00:06 +0300",website,tass.ru
Дмитриев сравнил ситуацию в мире с началом пандемии COVID-19,Спецпредставитель президента РФ по инвестиционно-экономическому сотрудничеству с зарубежными странами посоветовал властям ЕС и Британии лучше готовиться к экономическим кризисам,https://tass.ru/politika/27011309,"Mon, 06 Apr 2026 09:00:19 +0300",website,tass.ru
Баканов: Россия не может сотрудничать по МКС со всеми дружественными странами,"Глава Роскосмоса отметил, что происходит ""определенная дискриминация""",https://tass.ru/ekonomika/27011361,"Mon, 06 Apr 2026 09:01:03 +0300",website,tass.ru
Баканов: Россия не может сотрудничать по МКС со всеми дружественными странами,,https://tass.ru/ekonomika/27011361,"Mon, 06 Apr 2026 09:01:03 +0300",website,tass.ru
Каменский: выставку олимпийских артефактов нужно чаще показывать молодежи,"Торжественное открытие выставки коллекции, собранной президентом ""Норникеля"", главой попечительского совета Ночной хоккейной лиги Владимиром Потаниным, состоится 10 апреля в Норильске",https://tass.ru/sport/27011383,"Mon, 06 Apr 2026 09:01:31 +0300",website,tass.ru
Россияне в начале 2026 года купили на 6% меньше смартфонов,"Средняя цена купленного гаджета составила 25,7 тыс. рублей",https://tass.ru/ekonomika/27011395,"Mon, 06 Apr 2026 09:02:44 +0300",website,tass.ru
"Россияне в начале 2026 года купили на 6% меньше смартфонов, чем годом ранее","Средняя цена купленного гаджета составила 25,7 тыс. рублей",https://tass.ru/ekonomika/27011395,"Mon, 06 Apr 2026 09:02:44 +0300",website,tass.ru
В Башкирии при пожаре погибли двое мужчин,ЧП произошло в селе Красный Восход Иглинского района,https://tass.ru/proisshestviya/27011419,"Mon, 06 Apr 2026 09:02:53 +0300",website,tass.ru
ШОС выступает за политико-дипломатическое урегулирование вокруг Ирана,"Шанхайская организация сотрудничества оперативно приняла и выпустила политическое заявление, в котором выражается серьезная озабоченность происходящими событиями, отметил генсек Нурлан Ермекбаев",https://tass.ru/mezhdunarodnaya-panorama/27011369,"Mon, 06 Apr 2026 09:03:20 +0300",website,tass.ru
"В Дагестане сохраняется угроза обвалов и камнепадов, схода селевых потоков",В некоторых районах республики ожидаются ливни и порывы ветра до 20 м/с,https://tass.ru/proisshestviya/27011423,"Mon, 06 Apr 2026 09:04:09 +0300",website,tass.ru
Глава дипмиссии Белоруссии назвал Союзное государство одной из основ стабильности,"Значение имеют культурная общность, традиционные исторические связи, согласованная политика в сфере безопасности с сохранением суверенитета и территориальной целостности участников объединений, отметил Сергей Панасюк",https://tass.ru/mezhdunarodnaya-panorama/27011375,"Mon, 06 Apr 2026 09:05:37 +0300",website,tass.ru
Wildberries выровняет комиссии для китайских и российских продавцов,Компания также усовершенствует инструменты взаимодействия с продавцами в части управления ценообразованием на платформе и автоматизирует механизм добровольного отказа продавцов от скидки на их товары за счет маркетплейса,https://tass.ru/ekonomika/27011355,"Mon, 06 Apr 2026 09:06:30 +0300",website,tass.ru
В Дагестане в девяти населенных пунктах подтоплены более 2 тыс. жилых домов,"Кроме того, подтопленными остаются 1 817 приусадебных участков и 173 участка автомобильных дорог",https://tass.ru/proisshestviya/27011437,"Mon, 06 Apr 2026 09:07:02 +0300",website,tass.ru
FT: Еврокомиссия предупредила страны ЕС об угрозе бюджетного кризиса,"Газета отмечает, что в европейских странах предлагают меры по борьбе с высокими ценами на топливо, в частности, субсидии на электроэнергию",https://tass.ru/ekonomika/27011431,"Mon, 06 Apr 2026 09:07:25 +0300",website,tass.ru
Мужчину госпитализировали после конфликта с поножовщиной в столичном метро,Фигурантам избрана мера пресечения в виде подписки о невыезде,https://tass.ru/proisshestviya/27011467,"Mon, 06 Apr 2026 09:08:23 +0300",website,tass.ru
"Глава дипмиссии Белоруссии: Брюссель заговорил о ""европейском пути"" для Минска","Сергей Панасюк подчеркнул, что все лозунги о новом ""европути"" вбрасываются Брюсселем ""в связке с обеспечением безопасности Европы"", а также неким эфемерным ""лучшим демократическим будущим для белорусов""",https://tass.ru/mezhdunarodnaya-panorama/27011391,"Mon, 06 Apr 2026 09:09:22 +0300",website,tass.ru
"Автор хита ""Скрипка-лиса"" отметил вечность Пушкина и призвал к чтению","Игорь Саруханов считает, что  знания и любовь делают человека добрее",https://tass.ru/kultura/27011445,"Mon, 06 Apr 2026 09:11:42 +0300",website,tass.ru
В Белгородской области при атаке БПЛА на автомобиль пострадал человек,Пострадавшего транспортируют в областную больницу,https://tass.ru/proisshestviya/27011491,"Mon, 06 Apr 2026 09:11:46 +0300",website,tass.ru
Поверенный в делах Белоруссии: интересы Европы требуют диалога с Минском,"Сергей Панасюк также считает, что европейским властям не следует снова пытаться втянуть белорусскую сторону в орбиту ЕС",https://tass.ru/mezhdunarodnaya-panorama/27011351,"Mon, 06 Apr 2026 09:12:27 +0300",website,tass.ru
NBC: ЦРУ развернуло кампанию по дезинформации для спасения летчика F-15 в Иране,"До фактического обнаружения и эвакуации второго летчика ЦРУ организовало фейковые утечки в СМИ, в которых сообщалось о том, что член экипажа истребителя уже якобы спасен, отмечает телеканал ",https://tass.ru/mezhdunarodnaya-panorama/27011501,"Mon, 06 Apr 2026 09:14:08 +0300",website,tass.ru
В Томске не будут проводить салют в День Победы,"По словам мэра города Дмитрия Махини, ""салют будет, когда будет наша большая общая победа""",https://tass.ru/obschestvo/27011457,"Mon, 06 Apr 2026 09:14:25 +0300",website,tass.ru
"В Госдуме рассказали, кто может получать две пенсии","Это несколько категорий граждан, в том числе дети-инвалиды в случае потери кормильца, если родитель погиб в ходе боевых действий, ветераны Великой Отечественной войны, жители блокадного Ленинграда и осажденного Севастополя",https://tass.ru/obschestvo/27011517,"Mon, 06 Apr 2026 09:16:18 +0300",website,tass.ru
Восемь пострадавших в Новороссийске и 50 БПЛА. Атака на регионы России,Повреждены шесть многоквартирных домов и два частных,https://tass.ru/proisshestviya/27011515,"Mon, 06 Apr 2026 09:17:49 +0300",website,tass.ru
В Адыгее отменили беспилотную опасность,Ее объявляли 5 апреля в 07:46 мск,https://tass.ru/proisshestviya/27011527,"Mon, 06 Apr 2026 09:18:37 +0300",website,tass.ru
Дегтярев обсудил с главой НОК Белоруссии ситуацию с допуском спортсменов,"Министр спорта РФ отметил, что стороны сверяли позиции по вопросам международной спортивной повестки",https://tass.ru/sport/27011541,"Mon, 06 Apr 2026 09:18:42 +0300",website,tass.ru
"Боец Афоня отвлек на себя ""Бабу-ягу"" ВСУ, чтобы сослуживец выполнил задачу","Штурмовик 29-й гвардейской общевойсковой армии группировки ""Восток"" получил ранение ",https://tass.ru/armiya-i-opk/27011555,"Mon, 06 Apr 2026 09:23:16 +0300",website,tass.ru
Эмиссар верховного лидера Ирана назвал войну против Тегерана большой ошибкой,Абдул Маджид Хаким Илахи призвал руководство государств мира убедить президента США Дональда Трампа прекратить военную операцию,https://tass.ru/mezhdunarodnaya-panorama/27011581,"Mon, 06 Apr 2026 09:29:10 +0300",website,tass.ru
Эксперт Хунг: компании из России приглашают активнее выходить на рынок Гонконга,"Профессор Школы управления и политических наук Китайского университета Гонконга отметил, что российским производителям предлагают открывать отделы в дорогих торговых центрах специального административного района КНР",https://tass.ru/ekonomika/27011397,"Mon, 06 Apr 2026 09:29:27 +0300",website,tass.ru
"""Кириллица"" на карте Шанхая. Как ресторан высокой русской кухни обретает популярность","Шеф-повар Евгений Викентьев рассказал ТАСС о символизме названия, выборе локации, создании меню, которое охватывает ключевые блюда русской кухни, а также важности использования национальных продуктов для аутентичности блюд",https://tass.ru/obschestvo/27011231,"Mon, 06 Apr 2026 09:31:04 +0300",website,tass.ru
Число обесточенных абонентов на севере Украины выросло до 340 тыс.,В Черниговской области поврежден энергетический объект,https://tass.ru/proisshestviya/27011607,"Mon, 06 Apr 2026 09:31:05 +0300",website,tass.ru
В Николаеве произошли взрывы,Подробности не приводятся,https://tass.ru/proisshestviya/27011615,"Mon, 06 Apr 2026 09:31:31 +0300",website,tass.ru
"Актриса из ""Беверли Хиллз, 90210"" попала в ДТП с семью детьми",Тори Спеллинг и дети получили ушибы,https://tass.ru/proisshestviya/27011621,"Mon, 06 Apr 2026 09:31:31 +0300",website,tass.ru
Приговор ангарскому маньяку Попкову вступил в силу,Его этапировали в колонию особого режима в Мордовии,https://tass.ru/proisshestviya/27011641,"Mon, 06 Apr 2026 09:32:19 +0300",website,tass.ru
Украинский военный: 11 тыс. из 30 тыс. мобилизуемых ежемесячно дезертируют из ВСУ,"Из оставшегося числа лишь 10 тыс. остаются на боевых должностях, отметил Павел Казарин",https://tass.ru/obschestvo/27011633,"Mon, 06 Apr 2026 09:32:55 +0300",website,tass.ru
"Сихарулидзе не исключил, что ""Русский вызов"" в будущем станет международным","Глава Федерации фигурного катания на коньках России отметил, что такой формат нравится зрителям и вызывает активное обсуждение",https://tass.ru/sport/27011651,"Mon, 06 Apr 2026 09:33:59 +0300",website,tass.ru
Пленный из ВСУ назвал отмывание денег целью обучения украинских военных в Европе,"Военное дело, которому немцы обучали украинских военнослужащих, актуально для 1945 года, отметил Владислав Гуня",https://tass.ru/obschestvo/27011655,"Mon, 06 Apr 2026 09:35:42 +0300",website,tass.ru
Пушилин: Краматорско-Славянская агломерация лежит в основе нескольких операций ВС РФ,,https://tass.ru/armiya-i-opk/27011679,"Mon, 06 Apr 2026 09:35:43 +0300",website,tass.ru
Пушилин: ВС РФ продвигаются на всей линии фронта в ДНР,"За неделю российские подразделения продолжили освобождение территории Донецкой Народной Республики, рассказал глава региона",https://tass.ru/armiya-i-opk/27011671,"Mon, 06 Apr 2026 09:35:53 +0300",website,tass.ru
Экс-зампреда правительства Ивановской области обвинили в получении взятки,Фигурант и его сообщники получили от предпринимателей взятку в размере более 41 млн рублей,https://tass.ru/proisshestviya/27011685,"Mon, 06 Apr 2026 09:36:09 +0300",website,tass.ru
"Гендиректор ""Спартака"" Некрасов положительно оценил работу Карседо",В 2026 году красно-белые под руководством специалиста одержал четыре победы в Российской премьер-лиге при одном поражении,https://tass.ru/sport/27011699,"Mon, 06 Apr 2026 09:36:52 +0300",website,tass.ru
Боец Дизель: МО РФ обеспечивает связь в ходе ведения боев в полном объеме,"Штурмовик заявил, что российские военные не пользовались спутниковой связью от Starlink, и ее отключение не повлияло на боевые действия",https://tass.ru/armiya-i-opk/27011653,"Mon, 06 Apr 2026 09:37:29 +0300",website,tass.ru
СК показал видео задержания министра тарифной политики Красноярского края,Александра Ананьева подозревают в получении взятки в особо крупном размере,https://tass.ru/proisshestviya/27011623,"Mon, 06 Apr 2026 09:37:58 +0300",website,tass.ru
"Пушилин: двигаясь к Константиновке, ВС РФ улучшили позиции около Илиновки и Новодмитровки",,https://tass.ru/armiya-i-opk/27011721,"Mon, 06 Apr 2026 09:41:59 +0300",website,tass.ru
"Гол Дзюбы, победы ""Спартака"" и ЦСКА. Главные события 23-го тура РПЛ",ТАСС собрал основные моменты прошедших матчей,https://tass.ru/sport/27011333,"Mon, 06 Apr 2026 09:42:06 +0300",website,tass.ru
В Дагестане завели дело после гибели девушки и ребенка,"Пострадавших извлекли из реки и доставили в больницу, где они погибли",https://tass.ru/proisshestviya/27011691,"Mon, 06 Apr 2026 09:42:34 +0300",website,tass.ru
Jakarta Globe: в Индонезии произошло извержение вулкана Семеру,"Пепел поднялся на 4,8 км",https://tass.ru/proisshestviya/27011745,"Mon, 06 Apr 2026 09:44:32 +0300",website,tass.ru
"Дорогу в Северной Осетии, уничтоженную после схода ледника Колка, восстановят в 2027 году","Работы пройдут в рамках нацпроекта ""Инфраструктура для жизни""",https://tass.ru/obschestvo/27011753,"Mon, 06 Apr 2026 09:44:38 +0300",website,tass.ru
ФСБ задержала готовившего теракт против высокопоставленного чиновника Курской области,,https://tass.ru/proisshestviya/27011767,"Mon, 06 Apr 2026 09:45:32 +0300",website,tass.ru
"ВС РФ поразили ""Геранями"" пункт временной дислокации ВСУ в Харьковской области",Поражение личного состава произошло в районе населенного пункта Белый Колодезь,https://tass.ru/armiya-i-opk/27011743,"Mon, 06 Apr 2026 09:45:52 +0300",website,tass.ru
Эксперт Хунг: Гонконг готов развивать связи в сфере образования с Россией,"Специальный административный район КНР неоднократно заявлял о желании стать международным хабом в сфере высшего образования, отметил профессор Школы управления и политических наук Китайского университета Гонконга",https://tass.ru/ekonomika/27011563,"Mon, 06 Apr 2026 09:47:24 +0300",website,tass.ru
El País: ЕС готовится к кризису в сфере энергоснабжения из-за конфликта в Иране,"Еврокомиссия рассматривает возможность применения чрезвычайных мер, аналогичных тем, которые были введены после начала конфликта на Украине",https://tass.ru/ekonomika/27011787,"Mon, 06 Apr 2026 09:48:49 +0300",website,tass.ru
Дмитриев призвал пробудиться от лжи европейских СМИ о будущем энергетики Запада,"Британцы и европейцы будут испытывать нехватку топлива, газа и еды, но поверят в это только тогда, когда медиа об этом скажут, отметил спецпредставитель президента РФ",https://tass.ru/ekonomika/27011799,"Mon, 06 Apr 2026 09:50:04 +0300",website,tass.ru
El País: свыше 80% испанцев допускают новые военные интервенции США,"Еще 64% респондентов считают возможным, что Соединенные Штаты попытаются установить контроль над территориями, такими как, например, Гренландия",https://tass.ru/mezhdunarodnaya-panorama/27011805,"Mon, 06 Apr 2026 09:50:24 +0300",website,tass.ru
"Жулину нравится, как развивается созданный по его идее турнир ""Русский вызов""",Турнир проводится с 2022 года,https://tass.ru/sport/27011881,"Mon, 06 Apr 2026 09:53:17 +0300",website,tass.ru
В Самаре автомобиль скорой помощи попал в аварию,Находившийся в машине пациент госпитализирован,https://tass.ru/proisshestviya/27012703,"Mon, 06 Apr 2026 10:56:16 +0300",website,tass.ru
Путин поручил учитывать в рейтинге инвестклимата сохранение культурного наследия,"Согласно поручению, АСИ необходимо доработать методику формирования национального рейтинга состояния инвестиционного климата в субъектах",https://tass.ru/ekonomika/27012949,"Mon, 06 Apr 2026 10:56:16 +0300",website,tass.ru
Роскомнадзор не получал решений о блокировке Minecraft,"В Telegram-канале ""Московское образование"" ранее сообщили, что злоумышленники начали обманывать детей через игру",https://tass.ru/ekonomika/27012969,"Mon, 06 Apr 2026 10:56:46 +0300",website,tass.ru
AKP: в Камбоджу прибыли два российских военных корабля,"Корветы ""Совершенный"" и ""Резкий"" Тихоокеанского флота пробудут в королевстве до 8 апреля",https://tass.ru/mezhdunarodnaya-panorama/27012669,"Mon, 06 Apr 2026 10:57:19 +0300",website,tass.ru
В Забайкалье завели дело о незаконных азартных играх,Житель Читы извлек из этой деятельности прибыль в размере 48 млн рублей,https://tass.ru/proisshestviya/27012879,"Mon, 06 Apr 2026 10:57:49 +0300",website,tass.ru
Путин поручил улучшить информирование людей о работе мобильных медкомплексов,Доклад о проделанной работе должен быть представлен до 1 мая,https://tass.ru/obschestvo/27012957,"Mon, 06 Apr 2026 10:58:33 +0300",website,tass.ru
"В ""Госуслуги"" добавят показатель удовлетворенности населения качеством медпомощи",Он также будет включать оценку сроков оказания и доступности медицинской помощи,https://tass.ru/obschestvo/27012997,"Mon, 06 Apr 2026 10:58:44 +0300",website,tass.ru
Politico: в Лондоне обсудят меры по обеспечению безопасности в Ормузском проливе,Встреча пройдет 7 апреля,https://tass.ru/mezhdunarodnaya-panorama/27012985,"Mon, 06 Apr 2026 10:59:45 +0300",website,tass.ru
Семнадцать мгновений Германии и тайный переезд домой,"Анастасия Кабушка прожила 17 лет в Германии: получила высшее образование, работала в крупных компаниях, преподавала в университете Гамбурга, защитила докторскую диссертацию, создала семью. А потом решила бросить все и вернуться на родину — в Россию. Переезд пришлось организовывать с оглядкой: если бы немецкие власти узнали настоящую цель путешествия, детей могли бы отобрать. В нашем материале расскажем историю возвращения, которую до последнего держали в секрете",https://tass.ru/obschestvo/26996987,"Mon, 06 Apr 2026 11:00:01 +0300",website,tass.ru
В России повысят доступность детской стоматологической помощи,Особое внимание будет обращено на населенные пункты с численностью населения менее 50 тыс. человек,https://tass.ru/obschestvo/27013013,"Mon, 06 Apr 2026 11:00:22 +0300",website,tass.ru
Роскомнадзор зафиксировал рекордный всплеск DDoS-атак,Их количество за неделю в среднем выросло до 949,https://tass.ru/obschestvo/27013049,"Mon, 06 Apr 2026 11:00:49 +0300",website,tass.ru
В Кувейте пострадали шесть человек из-за иранского удара,Состояние всех пациентов стабильное,https://tass.ru/mezhdunarodnaya-panorama/27012963,"Mon, 06 Apr 2026 11:01:08 +0300",website,tass.ru
Российские юниорки вышли в финал волейбольного турнира в Италии,Финальный матч пройдет позднее в понедельник,https://tass.ru/sport/27013041,"Mon, 06 Apr 2026 11:01:32 +0300",website,tass.ru
"ШОС, СНГ и ОДКБ планируют провести конференцию по безопасности в Центральной Азии","Генсек ШОС Нурлан Ермекбаев отметил, что она пройдет в конце года",https://tass.ru/mezhdunarodnaya-panorama/27013063,"Mon, 06 Apr 2026 11:01:57 +0300",website,tass.ru
Роскомнадзор назвал США основным источником киберагрессии,В тройку антилидеров по исходящему вредоносному трафику также вошли Германия и Великобритания,https://tass.ru/obschestvo/27013055,"Mon, 06 Apr 2026 11:02:00 +0300",website,tass.ru
Баканов: более 10 стран готовы с помощью РФ запустить космонавтов,"Глава Роскосмоса отметил, что это будет возможно после развертывания Российской орбитальной станции",https://tass.ru/kosmos/27013069,"Mon, 06 Apr 2026 11:02:03 +0300",website,tass.ru
Национальная система противодействия DDoS-атакам отразила свыше 38 тыс. кибератак,"Правоохранительные органы во взаимодействии с профильными ведомствами проводят системную работу по выявлению хакеров и преступных групп, причастных к организации кибератак на российские сервисы",https://tass.ru/ekonomika/27013123,"Mon, 06 Apr 2026 11:02:58 +0300",website,tass.ru
ВСУ атаковали Белгородскую область с помощью более 110 БПЛА,Удары были нанесены в минувшие сутки,https://tass.ru/proisshestviya/27013005,"Mon, 06 Apr 2026 11:03:34 +0300",website,tass.ru
"РКН: самая продолжительная DDoS-атака в феврале-марте длилась более 4,5 суток",Она длилась 113 часов 22 минуты,https://tass.ru/ekonomika/27013131,"Mon, 06 Apr 2026 11:03:57 +0300",website,tass.ru
После сообщений о блокировке Telegram нагрузка на ресурсы РКН выросла,Аналитики центра отмечают прямую связь между информационной повесткой и интенсивностью кибератак,https://tass.ru/ekonomika/27013105,"Mon, 06 Apr 2026 11:04:28 +0300",website,tass.ru
В Москве работник алкомаркета избил покупателя и прострелил ему бедро,Подозреваемый находится под подпиской о невыезде,https://tass.ru/proisshestviya/27013019,"Mon, 06 Apr 2026 11:04:30 +0300",website,tass.ru
Премьер Таиланда призвал работать из дома и пересесть на общественный транспорт,"Конфликт на Ближнем Востоке грозит миру энергетическим кризисом, особенно из-за дисбаланса между спросом и предложением на нефть, отметил Анутхин Чанвиракун",https://tass.ru/mezhdunarodnaya-panorama/27012489,"Mon, 06 Apr 2026 11:05:24 +0300",website,tass.ru
РКН: на телекоммуникационные компании в феврале-марте пришлось больше кибератак,Также сильно пострадали от DDos-атак хостинг-провайдеры и государственные ресурсы,https://tass.ru/ekonomika/27013137,"Mon, 06 Apr 2026 11:05:31 +0300",website,tass.ru
"""Калашников"" поставил в ВС РФ партию зенитных управляемых ракет",Они предназначены для поражения БПЛА и крылатых ракет,https://tass.ru/armiya-i-opk/27013239,"Mon, 06 Apr 2026 11:05:46 +0300",website,tass.ru
"Мостовой назвал ключевой момент матча РПЛ ""Спартак"" - ""Локомотив""",Красно-белые одержали победу со счетом 2:1,https://tass.ru/sport/27013245,"Mon, 06 Apr 2026 11:06:20 +0300",website,tass.ru
"Омбудсмен Украины: в ВСУ есть подразделения, которые числятся на фронте, но сидят в тылу","Ольга Решетилова добавила, что любой военнослужащий ""должен быть готов"" оказаться на линии боевого соприкосновения и выполнить требуемую от него задачу",https://tass.ru/mezhdunarodnaya-panorama/27012935,"Mon, 06 Apr 2026 11:06:29 +0300",website,tass.ru
В Хабаровском крае осудили бывшего полицейского за взятку мебелью,Ему назначили пять лет в исправительной колонии общего режима,https://tass.ru/proisshestviya/27012205,"Mon, 06 Apr 2026 11:07:10 +0300",website,tass.ru
NetBlocks: в Иране отключение интернета длится более 888 часов,Это длится 37 дней,https://tass.ru/mezhdunarodnaya-panorama/27013287,"Mon, 06 Apr 2026 11:09:55 +0300",website,tass.ru
Конгрессмен Тернер: США не потребуется наземная операция для открытия Ормуза,"Американский политик утверждает, что пролив будет открыт",https://tass.ru/mezhdunarodnaya-panorama/27012651,"Mon, 06 Apr 2026 11:10:16 +0300",website,tass.ru
Свириденко пыталась уговорить депутатов Рады принять законы по требованию МВФ,"Премьер-министр Украины признала, что остаются ""вызывающие дискуссии"" документы, по которым будут продолжены консультации",https://tass.ru/mezhdunarodnaya-panorama/27013281,"Mon, 06 Apr 2026 11:11:19 +0300",website,tass.ru
Путин поручил АСИ обеспечить ежегодное проведение конкурса технологических компаний,Срок реализации поручений глава государства обозначил до 1 ноября,https://tass.ru/obschestvo/27013181,"Mon, 06 Apr 2026 11:11:20 +0300",website,tass.ru
Менделеевская олимпиада в Москве станет площадкой обсуждения проблем химии,Мероприятие пройдет с 15 по 23 апреля на базе МГУ имени М. В. Ломоносова,https://tass.ru/obschestvo/27013175,"Mon, 06 Apr 2026 11:12:26 +0300",website,tass.ru
"Мультсериалы ""Союзмультфильма"" появились на платформе Dubai+","В онлайн-кинотеатре представлены анимационные сериалы ""Умка"", ""Тайны Медовой долины"" и ""Монсики""",https://tass.ru/kultura/27013227,"Mon, 06 Apr 2026 11:12:33 +0300",website,tass.ru
Повреждения в домах после ЧП на заводе в Нижнекамске устранят до 10 апреля,Всего от жителей приняли 131 обращение,https://tass.ru/obschestvo/27012719,"Mon, 06 Apr 2026 11:13:07 +0300",website,tass.ru
В Волгоградской области выписали из больницы троих пострадавших в ДТП детей,Их мать была направлена на амбулаторное лечение,https://tass.ru/obschestvo/27013033,"Mon, 06 Apr 2026 11:14:40 +0300",website,tass.ru
NYT: ЦРУ применило секретное оборудование для обнаружения штурмана F-15Е в Иране,"Источники газеты также сообщили, что Центральное разведывательное управление для спасения второго пилота провело несколько кампаний по дезинформации",https://tass.ru/mezhdunarodnaya-panorama/27013327,"Mon, 06 Apr 2026 11:16:31 +0300",website,tass.ru
Иран пригрозил усилить удары по объектам США при атаках на мирную инфраструктуру,"Представитель центрального штаба ""Хатам аль-Анбия"" иранских ВС Эбрахим Зольфагари предупредил, что ущерб и потери противника при продолжении посягательств на гражданские объекты многократно возрастут",https://tass.ru/mezhdunarodnaya-panorama/27013265,"Mon, 06 Apr 2026 11:16:44 +0300",website,tass.ru
"В Орле чиновнику назначили домашний арест за мошенничество на 35,5 млн рублей",Ту же меру пресечения назначили двум руководителям коммерческих предприятий,https://tass.ru/proisshestviya/27013337,"Mon, 06 Apr 2026 11:17:00 +0300",website,tass.ru
Орбан после попытки диверсии на газопроводе призвал отменить санкции против РФ,"Европа приближается к чрезвычайно серьезному энергетическому кризису и ближайшие несколько дней будут решающими, отметил венгерский премьер-министр",https://tass.ru/mezhdunarodnaya-panorama/27013379,"Mon, 06 Apr 2026 11:18:22 +0300",website,tass.ru
Додон: большинство молдаван считают Россию стратегическим партнером,"Молдавский экс-президент при этом отметил, что действия Кишинева подрывают экономику и усугубляют раскол в обществе",https://tass.ru/ekonomika/27013305,"Mon, 06 Apr 2026 11:18:40 +0300",website,tass.ru
На Мосбирже в марте объем торгов золотом превысил 530 млрд рублей,"Инвесторы увеличили активность в операциях с серебром, платиной и палладием",https://tass.ru/ekonomika/27013405,"Mon, 06 Apr 2026 11:19:39 +0300",website,tass.ru
В Коми бывшего учителя осудили за диверсию,Сергея Лебедева приговорили к 15 годам лишения свободы,https://tass.ru/proisshestviya/27012643,"Mon, 06 Apr 2026 11:20:10 +0300",website,tass.ru
Депутат Шеремет: Британия ведет подрывную работу против России,"Депутат Госдумы от Республики Крым считает ""закономерным признание Британии одной из противоборствующих сторон конфликта со всеми вытекающими отсюда для Лондона последствиями""",https://tass.ru/politika/27013365,"Mon, 06 Apr 2026 11:20:30 +0300",website,tass.ru
В Вильнюсе на стене многоквартирного дома неизвестные нарисовали серп и молот,"Рядом с изображением символа СССР сделана надпись: ""Служи не странам, а своему классу""",https://tass.ru/proisshestviya/27013429,"Mon, 06 Apr 2026 11:22:01 +0300",website,tass.ru
Одного из пострадавших в ДТП под Саратовом детей переведут в Москву,"Авария произошла 3 апреля, автобус с детьми направлялся на экскурсию в Пензу",https://tass.ru/proisshestviya/27012537,"Mon, 06 Apr 2026 11:22:28 +0300",website,tass.ru
Путин поручил кабмину предусмотреть меры поддержки победителей конкурса техкомпаний,Срок реализации поручений глава государства обозначил до 30 декабря,https://tass.ru/politika/27013455,"Mon, 06 Apr 2026 11:22:49 +0300",website,tass.ru
В Москве водитель протащил по асфальту автоинспектора,Мужчина уже был лишен прав за вождение в нетрезвом виде,https://tass.ru/proisshestviya/27013315,"Mon, 06 Apr 2026 11:23:47 +0300",website,tass.ru
В аэропорту Краснодара задерживаются 27 рейсов,Работу аэропорта ограничивали для обеспечения безопасности полетов,https://tass.ru/ekonomika/27012311,"Mon, 06 Apr 2026 11:24:05 +0300",website,tass.ru
Рейс из Челябинска в Сочи задержали почти на 14 часов,"Кроме того, рейс ""Уральских авиалиний"" в Краснодар задерживается на 8,5 часа",https://tass.ru/obschestvo/27013423,"Mon, 06 Apr 2026 11:24:43 +0300",website,tass.ru
"Авторизация в кикшеринге может появиться через ""Госуслуги""","В Москве уже заработала верификация через Mos ID, благодаря этой мере в течение сезона к аренде не были допущены 23 тыс. пользователей",https://tass.ru/ekonomika/27013467,"Mon, 06 Apr 2026 11:25:00 +0300",website,tass.ru
WSJ: ущерб Саудовской Аравии от операции США против Ирана превысил $10 млрд,"Газета отмечает, что потери связаны с ограничениями судоходства в Ормузском проливе",https://tass.ru/ekonomika/27013433,"Mon, 06 Apr 2026 11:25:07 +0300",website,tass.ru
В Запорожской области за отопительный сезон ликвидировали 952 происшествия,В работах приняли участие почти 3 тыс. работников,https://tass.ru/obschestvo/27013159,"Mon, 06 Apr 2026 11:25:36 +0300",website,tass.ru
В Менделеевской олимпиаде в Москве планируют участвовать представители около 40 стран,Организаторами турнира выступают химический факультет МГУ и Фонд Мельниченко,https://tass.ru/obschestvo/27013483,"Mon, 06 Apr 2026 11:26:07 +0300",website,tass.ru
В Геленджике после ночной атаки ВСУ поврежден детский сад,В здании выбиты окна,https://tass.ru/proisshestviya/27013493,"Mon, 06 Apr 2026 11:26:15 +0300",website,tass.ru
"В Иране заявили, что обстрелы АЭС ""Бушер"" чреваты непоправимыми последствиями",,https://tass.ru/mezhdunarodnaya-panorama/27013477,"Mon, 06 Apr 2026 11:27:18 +0300",website,tass.ru
В Волгоградской области завели дело после смерти ребенка,"По данным СМИ, четырехлетняя девочка умерла из-за того, что ее мать несвоевременно обратилась к врачам",https://tass.ru/proisshestviya/27012263,"Mon, 06 Apr 2026 11:27:50 +0300",website,tass.ru
Путин поручил АСИ представить результаты рейтинга инвестклимата регионов на ПМЭФ,Петербургский международный экономический форум пройдет с 3 по 6 июня,https://tass.ru/ekonomika/27013497,"Mon, 06 Apr 2026 11:27:55 +0300",website,tass.ru
Бусаргин обратился в Росводресурсы об ограничении сброса воды в Волге,"От регулирования сброса воды зависит экологическая ситуация и работа оросительных систем в сельском хозяйстве, отметил губернатор Саратовской области",https://tass.ru/obschestvo/27013489,"Mon, 06 Apr 2026 11:28:03 +0300",website,tass.ru
Путин поручил улучшить управление системы здравоохранения в 10 регионах РФ,"Президент также указал провести анализ причин низких значений показателя, характеризующего удовлетворенность населения качеством оказываемой медпомощи",https://tass.ru/obschestvo/27013519,"Mon, 06 Apr 2026 11:28:15 +0300",website,tass.ru
"Под землей находится 41 горняк. Удар ВСУ по шахте ""Белореченская"" в ЛНР",Шахтеров удалось поднять на безопасную высоту,https://tass.ru/proisshestviya/27013407,"Mon, 06 Apr 2026 11:28:29 +0300",website,tass.ru
Доступность женских консультаций и оценка качества медпомощи. Поручения Путина,"В частности, правительству и ДОМ.РФ поручено утвердить план на 2027-2030 годы восстановления и вовлечения в хозяйственный оборот объектов культурного наследия, находящихся в неудовлетворительном состоянии",https://tass.ru/politika/27013461,"Mon, 06 Apr 2026 11:29:37 +0300",website,tass.ru
"Лыжник Коростелев рассказал, чему можно поучиться у Большунова",Ранее Большунов стал победителем общего зачета финального этапа Кубка России в Кировске,https://tass.ru/sport/27013547,"Mon, 06 Apr 2026 11:30:16 +0300",website,tass.ru
Сенатор Василенко назвал высокой вероятность начала наземной операции в Иране,"В ней могут участвовать порядка 20 тыс. американских морских пехотинцев, отметил сопредседатель группы по сотрудничеству Совета Федерации с Собранием Исламского совета Ирана",https://tass.ru/politika/27013509,"Mon, 06 Apr 2026 11:30:18 +0300",website,tass.ru
Решение о подъеме затонувшего в Азовском море сухогруза примет судовладелец,"О конкретных сроках работ говорить преждевременно, сообщил пресс-секретарь губернатора Херсонской области Владимир Василенко",https://tass.ru/proisshestviya/27013563,"Mon, 06 Apr 2026 11:30:31 +0300",website,tass.ru
Шри-Ланка приглашает РФПИ к участию в строительстве порта Коломбо,"Все страны и компании могут принять участие в этом, заявил министр транспорта, автомагистралей, портов и городского развития Бимал Ратнаяке",https://tass.ru/ekonomika/27013597,"Mon, 06 Apr 2026 11:30:38 +0300",website,tass.ru
Смагин назвал неутешительным первый круг турнира претендентов для Есипенко,Российский шахматист занимает последнее место после семи туров,https://tass.ru/sport/27013475,"Mon, 06 Apr 2026 11:31:21 +0300",website,tass.ru
В Астрахани арестовали трех фигурантов дела о похищении человека,"Подозреваемые незаконно посадили местного жителя в автомобиль, перевезли его в частный дом, где стали требовать передачу 7,5 млн рублей в счет погашения мнимого долга",https://tass.ru/proisshestviya/27013613,"Mon, 06 Apr 2026 11:32:50 +0300",website,tass.ru
Эксперт Сорокин: пенсий в Молдавии хватает в среднем лишь на 50% расходов на жизнь,"Руководитель Русско-молдавского центра дружбы и сотрудничества отметил, что это ставит большинство пенсионеров в сложные финансовые условия",https://tass.ru/ekonomika/27010263,"Mon, 06 Apr 2026 11:33:38 +0300",website,tass.ru
В Карачаево-Черкесии в ДТП погибли два человека,Еще трое пострадали,https://tass.ru/proisshestviya/27013505,"Mon, 06 Apr 2026 11:35:20 +0300",website,tass.ru
Детей из школы в Таганроге перевели в другое учреждение после атаки ВСУ,Школа была серьезно повреждена при обстреле в ночь с 29 на 30 марта,https://tass.ru/obschestvo/27012297,"Mon, 06 Apr 2026 11:35:33 +0300",website,tass.ru
Венгрия и Япония будут участвовать в Менделеевской олимпиаде дистанционно,"Точные причины, по которым команды не смогут быть в Москве очно, неизвестны",https://tass.ru/obschestvo/27013629,"Mon, 06 Apr 2026 11:36:43 +0300",website,tass.ru
"Футболист Головин прокомментировал забитый гол в матче с ""Марселем""","Для полузащитника ""Монако"" этот гол стал пятым в текущем сезоне",https://tass.ru/sport/27013651,"Mon, 06 Apr 2026 11:37:57 +0300",website,tass.ru
Генсек ШОС: ситуация в Афганистане находится под пристальным вниманием,"Контактная группа организации приостановила работу, отметил Нурлан Ермекбаев",https://tass.ru/mezhdunarodnaya-panorama/27013571,"Mon, 06 Apr 2026 11:39:00 +0300",website,tass.ru
Аэропорт Сочи работает в усиленном режиме,Введенные ограничения привели к задержкам более 100 рейсов,https://tass.ru/ekonomika/27013401,"Mon, 06 Apr 2026 11:39:53 +0300",website,tass.ru
В Херсонской области при обстрелах ВСУ погибла женщина,Еще 12 человек пострадали,https://tass.ru/proisshestviya/27013667,"Mon, 06 Apr 2026 11:41:48 +0300",website,tass.ru
"Шишкарев назвал яркими матчи ""Финала четырех"" Кубка России по гандболу","Гандболистки ЦСКА в финале победили ""Ростов-Дон"" со счетом 30:25",https://tass.ru/sport/27013695,"Mon, 06 Apr 2026 11:42:17 +0300",website,tass.ru
"Здание ""Известий"" в Москве арендует компания по управлению проблемными активами",Строение передается в ограниченно-работоспособном состоянии и требуется ввод в эксплуатацию,https://tass.ru/ekonomika/27013615,"Mon, 06 Apr 2026 11:44:06 +0300",website,tass.ru
Дегтярев поддержал Иран в борьбе за законные национальные интересы,"Министр спорта РФ отметил, что в 2025 году порядка 100 российских спортсменов приняли участие в соревнованиях в Иране",https://tass.ru/sport/27013773,"Mon, 06 Apr 2026 11:45:03 +0300",website,tass.ru
ВЦИОМ: 61% опрошенных россиян выступили против заимствований иностранных слов,"Аналитики отмечают, что современная языковая практика показывает, что полностью обходиться без заимствований невозможно",https://tass.ru/obschestvo/27013699,"Mon, 06 Apr 2026 11:45:25 +0300",website,tass.ru
Абхазия заинтересована в совместной с РФ работой над морским хабом,"Глава ""Росморпорта"" Сергей Пылин отметил, что переговоры по этому вопросу продолжаются",https://tass.ru/ekonomika/27013817,"Mon, 06 Apr 2026 11:46:56 +0300",website,tass.ru
В Омске нашли пропавших подростков,"Братья рассказали, что провели ночь на улице, а потом приехали в торговый центр погулять с приятелем",https://tass.ru/obschestvo/27013751,"Mon, 06 Apr 2026 11:47:05 +0300",website,tass.ru
Генсек ШОС: Афганистан и Пакистан не обращались к организации по конфликту,"Нурлан Ермекбаев отметил, что ситуация между этими двумя странами находится в поле внимания Шанхайской организации сотрудничества",https://tass.ru/mezhdunarodnaya-panorama/27013143,"Mon, 06 Apr 2026 11:47:05 +0300",website,tass.ru
Роспотребнадзор выявил нарушения в фитнес-клубах World Class,"Специалисты осмотрели помещения и оценили состояние системы водоподготовки бассейнов, провели исследования питьевой воды и воды бассейнов, а также воздуха в зоне дыхания пловцов и в закрытых помещениях",https://tass.ru/obschestvo/27013797,"Mon, 06 Apr 2026 11:47:32 +0300",website,tass.ru
Ледовые ограничения в Финском заливе снимут в середине апреля,Проводку судов обеспечивают пять ледоколов,https://tass.ru/proisshestviya/27013813,"Mon, 06 Apr 2026 11:47:52 +0300",website,tass.ru
Ледовые ограничения в Финском заливе будут сняты в середине апреля,,https://tass.ru/obschestvo/27013813,"Mon, 06 Apr 2026 11:47:52 +0300",website,tass.ru
Опубликована деловая программа Кавказского инвестиционного форума,"Мероприятие пройдет с 28 по 30 апреля в МВЦ ""Минводыэкспо""",https://tass.ru/ekonomika/27013711,"Mon, 06 Apr 2026 11:48:42 +0300",website,tass.ru
В Токио нашли более 100 ранее неизвестных снимков The Beatles,"Фотографии обнаружены в архиве токийского концертно-спортивного зала ""Ниппон будокан""",https://tass.ru/kultura/27013829,"Mon, 06 Apr 2026 11:50:13 +0300",website,tass.ru
В Новороссийске после атаки ВСУ повреждены 25 домов,На поврежденных объектах начались работы с участием экстренных служб,https://tass.ru/proisshestviya/27013883,"Mon, 06 Apr 2026 11:50:23 +0300",website,tass.ru
В Новороссийске после атаки ВСУ повреждены 25 домов,,https://tass.ru/proisshestviya/27013883,"Mon, 06 Apr 2026 11:50:23 +0300",website,tass.ru
Хинштейн поблагодарил ФСБ за предотвращение теракта в Курской области,"Работа с профессионалами вселяет в жителей региона уверенность в безопасности, отметил губернатор",https://tass.ru/proisshestviya/27013877,"Mon, 06 Apr 2026 11:50:38 +0300",website,tass.ru
Хинштейн поблагодарил ФСБ за предотвращение теракта в Курской области,,https://tass.ru/proisshestviya/27013877,"Mon, 06 Apr 2026 11:50:38 +0300",website,tass.ru
"""Росморпорт"" реализовал проект внедрения лоцманских планшетов с элементами ИИ","""Росморпорт"" также разработал портал услуг, который позволяет заинтересованным партнерам заказать буксирные и другие услуги",https://tass.ru/ekonomika/27013811,"Mon, 06 Apr 2026 11:51:03 +0300",website,tass.ru
NYT: конфликт в Иране истощает запасы ракет для систем ПВО Patriot и THAAD,"По информации газеты, это может сделать уязвимыми такие системы американских союзников по всему миру",https://tass.ru/mezhdunarodnaya-panorama/27013703,"Mon, 06 Apr 2026 11:51:09 +0300",website,tass.ru
"Судья Новиков вылетел на матч ""Сочи"" - ""Рубин"", игра пройдет по расписанию","Ранее появилась информация, что самолет с главным арбитром матча Никитой Новиковым на борту из-за ограничений в работе аэропорта в Сочи приземлился в Астрахани",https://tass.ru/sport/27013889,"Mon, 06 Apr 2026 11:51:55 +0300",website,tass.ru
"Судья Новиков прилетел на матч РПЛ ""Сочи"" - ""Рубин"", игра пройдет по расписанию","Ранее появилась информация, что самолет с главным арбитром матча Никитой Новиковым на борту из-за ограничений в работе аэропорта в Сочи приземлился в Астрахани",https://tass.ru/sport/27013889,"Mon, 06 Apr 2026 11:51:55 +0300",website,tass.ru
Суд США одобрил взыскание с Палестины $656 млн в пользу пострадавших американцев,,https://tass.ru/mezhdunarodnaya-panorama/27013845,"Mon, 06 Apr 2026 11:52:31 +0300",website,tass.ru
"Пассажиропоток авиакомпаний РФ на международных рейсах в январе - феврале вырос на 5,8%","В 2025 году авиакомпании перевезли 108,8 млн пассажиров",https://tass.ru/ekonomika/27013927,"Mon, 06 Apr 2026 11:53:07 +0300",website,tass.ru
В Дагестане эвакуировали 119 пассажиров поездов из-за подтоплений,Для этого направили пять автобусов,https://tass.ru/obschestvo/27013891,"Mon, 06 Apr 2026 11:53:07 +0300",website,tass.ru
"Пассажиропоток авиакомпаний РФ на международных рейсах в январе - феврале вырос на 5,8%",,https://tass.ru/ekonomika/27013927,"Mon, 06 Apr 2026 11:53:07 +0300",website,tass.ru
Стали известны победители легкоатлетического турнира Спартакиады госслужащих,Командный зачет выиграла команда Банка России,https://tass.ru/sport/27013965,"Mon, 06 Apr 2026 11:54:47 +0300",website,tass.ru
Лукашенко: ОДКБ надо быть очень аккуратной и корректной в работе с Арменией,"В Армении сложная ситуация в этом плане, отметил президент Белоруссии",https://tass.ru/mezhdunarodnaya-panorama/27013871,"Mon, 06 Apr 2026 11:54:59 +0300",website,tass.ru
Экс-премьер Польши посоветовал Украине пойти на территориальные уступки,Лешек Миллер назвал потерю территорий не самой страшной вещью,https://tass.ru/mezhdunarodnaya-panorama/27013919,"Mon, 06 Apr 2026 11:55:00 +0300",website,tass.ru
В РФ обеспечат участие госкомпаний в чемпионате высокотехнологичных профессий,Президент России Владимир Путин также поручил АСИ разработать и представить в администрацию президента и правительство рекомендации по использованию новых IТ-технологий в сфере образования,https://tass.ru/ekonomika/27013837,"Mon, 06 Apr 2026 11:55:37 +0300",website,tass.ru
В Ленобласти мужчин осудили за махинации с землями лесного фонда,Ущерб составил более 100 млн рублей,https://tass.ru/proisshestviya/27013943,"Mon, 06 Apr 2026 11:56:26 +0300",website,tass.ru
Евгений Матушкин дал высокую оценку деятельности областного профобъединения,"В отчетно-выборной конференции Регионального союза ""Тамбовское областное объединение организаций профсоюзов"" участники мероприятия обсудили работу профобъединения за прошедшие пять лет",https://tass.ru/novosti-regionov/27013983,"Mon, 06 Apr 2026 11:57:29 +0300",website,tass.ru
В Кузбассе обнаружили тело провалившейся под лед девочки,Его нашли в 100 м ниже по течению,https://tass.ru/proisshestviya/27013985,"Mon, 06 Apr 2026 11:57:57 +0300",website,tass.ru
В Дагестане нашли тело ребенка,"Его унесло течением после обрушения моста на автодороге ""Кавказ"" в Дербентском районе",https://tass.ru/proisshestviya/27013989,"Mon, 06 Apr 2026 11:58:06 +0300",website,tass.ru
Лукашенко: Белоруссия всегда была локомотивом развития отношений в ОДКБ,"Центральным звеном в ОДКБ является Россия, отметил белорусский лидер",https://tass.ru/mezhdunarodnaya-panorama/27014007,"Mon, 06 Apr 2026 11:58:24 +0300",website,tass.ru
В ГД предложили включить поддержку традиционных ценностей в цели создания НКО,"В пояснительной записке к инициативе отмечается, что изменения позволят системно интегрировать некоммерческий сектор в реализацию госполитики, усилить защиту суверенитета и единства общества, а также поддержать проекты в сфере культуры, образования и семьи",https://tass.ru/obschestvo/27013933,"Mon, 06 Apr 2026 11:58:46 +0300",website,tass.ru
"В Подмосковье по программе ""Приведи друга"" трудоустроились около 100 медиков",Премия за привлечение нового сотрудника выплачивается в два этапа: 50% при трудоустройстве и 50% - после трех месяцев работы,https://tass.ru/obschestvo/27013653,"Mon, 06 Apr 2026 11:58:49 +0300",website,tass.ru
"""Кион строки"" назвал самую популярную книгу по психологии у россиян","Речь идет произведении Наполеона Хилла ""Думай и богатей""",https://tass.ru/obschestvo/27014003,"Mon, 06 Apr 2026 11:59:09 +0300",website,tass.ru
"Росатом впервые поставил ядерное топливо для АЭС ""Сюйдапу""",Стартовая загрузка топлива предназначена для пуска нового энергоблока российского дизайна,https://tass.ru/ekonomika/27014063,"Mon, 06 Apr 2026 11:59:18 +0300",website,tass.ru
Иран подготовил ответы на план США по урегулированию конфликта,"Тегеран обнародует их содержание позднее, сообщил представитель МИД исламской республики Эсмаил Багаи",https://tass.ru/mezhdunarodnaya-panorama/27014059,"Mon, 06 Apr 2026 11:59:35 +0300",website,tass.ru
Алина Пеклецова: пока не чувствую себя явным лидером российских лыжных гонок,"20-летняя Алина Пеклецова 5 апреля впервые стала победительницей Кубка России по лыжным гонкам. В интервью ТАСС она оценила свои достижения в минувшем сезоне, рассказала о работе под руководством Андрея Нутрихина и надеждах на улучшение ситуации с допуском российских спортсменов на международные старты",https://tass.ru/interviews/27011077,"Mon, 06 Apr 2026 12:00:00 +0300",website,tass.ru
"Один против всех, все против одного? Уйдет ли Америка из НАТО",Андрей Шитов — про разные доктрины поведения слона в посудной лавке,https://tass.ru/opinions/27013243,"Mon, 06 Apr 2026 12:00:00 +0300",website,tass.ru
Генсек: В ШОС изучают возможность создать механизм по оказанию гумпомощи при ЧС,"Генсек ШОС Нурлан Ермекбаев на полях Международного экономического форума СНГ рассказал, как организация оценивает события, происходящие сейчас вокруг одного из ее членов — Ирана, готова ли предоставить площадку для переговоров, что привлекает в ШОС новые государства и какие совместные мероприятия готовят ШОС, СНГ и ОДКБ",https://tass.ru/interviews/26997473,"Mon, 06 Apr 2026 12:00:01 +0300",website,tass.ru
"Владимир Легойда: когда человек делится своим, он объединяется с ближними","Накануне главного православного праздника — Пасхи председатель Синодального отдела по взаимоотношениям Церкви с обществом и СМИ Владимир Легойда рассказал в интервью ТАСС о том, как возродить традицию осмысленного пасхального дарения, о работе службы ""Милосердие"", о помощи ближнему и о том, что общего у лотерей и церковной благотворительности",https://tass.ru/interviews/27011941,"Mon, 06 Apr 2026 12:00:01 +0300",website,tass.ru
Иск об обращении в доход РФ имущества замгубернатора Кубани подали в суд,Поводом стали выявленные нарушения антикоррупционного законодательства,https://tass.ru/proisshestviya/27014071,"Mon, 06 Apr 2026 12:00:23 +0300",website,tass.ru
Консультации по созданию Банка развития ШОС начались,Обсуждаются конкретные вопросы его формирования и будущей деятельности,https://tass.ru/ekonomika/27014095,"Mon, 06 Apr 2026 12:00:46 +0300",website,tass.ru
В Херсонской области ВСУ атаковали БПЛА молоковоз и школу,Жертв и пострадавших нет,https://tass.ru/proisshestviya/27014019,"Mon, 06 Apr 2026 12:00:54 +0300",website,tass.ru
Шри-Ланка запросила Росавиацию рассмотреть расширение графика прямых рейсов,"Министр транспорта, автомагистралей и городского развития Шри-Ланки Бимал Виракун заявил, что из-за войны на Ближнем Востоке некоторые рейсы были отменены",https://tass.ru/ekonomika/27014113,"Mon, 06 Apr 2026 12:01:38 +0300",website,tass.ru
ТАСС: ВСУ устроили охоту на оставшихся в Красноармейске мирных жителей,"Речь идет о FPV-дронах, сообщили в российских силовых структурах",https://tass.ru/obschestvo/27014089,"Mon, 06 Apr 2026 12:01:56 +0300",website,tass.ru
Шохин: Путин назвал добровольной готовность бизнесмена сделать взнос в бюджет,"Глава Российского союза промышленников и предпринимателей уточнил, что предприниматель принял решение выделить на это деньги из семейного бюджета",https://tass.ru/ekonomika/27014171,"Mon, 06 Apr 2026 12:02:14 +0300",website,tass.ru
Депутат Федиенко: ТЦК на Украине намеренно ставят на учет женщин для мобилизации,"Политик также привел пример, когда в реестр вносятся данные женщины, но пол указан мужской",https://tass.ru/obschestvo/27014077,"Mon, 06 Apr 2026 12:02:24 +0300",website,tass.ru
В Подмосковье жителей предупредили об опасности комаров с дирофиляриозом,"По данным на 2025 год, более 1 тыс. случаев заражения зафиксировано в 28 регионах РФ, включая Московскую область",https://tass.ru/obschestvo/27013727,"Mon, 06 Apr 2026 12:02:50 +0300",website,tass.ru
Algemeen Dagblad: в Нидерландах рост цен на дизель ударил по судоходству,"Цены могут меняться даже в течение суток, что вынуждает капитанов сокращать объемы заправки и пересматривать маршруты, отмечает газета",https://tass.ru/ekonomika/27014027,"Mon, 06 Apr 2026 12:03:01 +0300",website,tass.ru
Генсек ШОС отметил возможность присоединения к организации новых государств,Нурлан Ермекбаев указал на созидательность Шанхайской организации сотрудничества,https://tass.ru/mezhdunarodnaya-panorama/27014127,"Mon, 06 Apr 2026 12:04:24 +0300",website,tass.ru
Reuters: Иран не откроет Ормузский пролив при временном перемирии,"Тегеран также не приемлет никаких крайних сроков заключения соглашения, отмечает агентство",https://tass.ru/mezhdunarodnaya-panorama/27014201,"Mon, 06 Apr 2026 12:04:29 +0300",website,tass.ru
Имущество замгубернатора Краснодарского края Андрея Коробки арестовали,"Капитализация предприятий депутатов, связанных с замгубернатора, увеличена на 10 млрд рублей благодаря сращиванию бизнеса и власти",https://tass.ru/proisshestviya/27014267,"Mon, 06 Apr 2026 12:05:49 +0300",website,tass.ru
В Москве обустроили более 800 спортплощадок в 2025 году,В их числе около 50 футбольных полей,https://tass.ru/obschestvo/27014015,"Mon, 06 Apr 2026 12:06:45 +0300",website,tass.ru
Щербинский лифтостроительный завод намерен укрепить присутствие на рынках Центральной Азии,"Казахстан выступает одним из партнеров России, а строительный комплекс демонстрирует устойчивый рост жилищного строительства",https://tass.ru/ekonomika/27013551,"Mon, 06 Apr 2026 12:07:50 +0300",website,tass.ru
Politico: лидеры стран ЕС пытаются самостоятельно решать вопросы энергобезопасности,"Италия и Бельгия не собираются ждать, пока Евросоюз централизованно решит проблему, отмечает издание",https://tass.ru/ekonomika/27014237,"Mon, 06 Apr 2026 12:09:07 +0300",website,tass.ru
Лукашенко: в Иране США показали свою уязвимость,"Белорусский лидер обратил внимание на ситуацию в мире, подчеркнув, что ОДКБ нужно делать соответствующие выводы, особенно это касается событий в Иране",https://tass.ru/mezhdunarodnaya-panorama/27014049,"Mon, 06 Apr 2026 12:09:14 +0300",website,tass.ru
Двух пострадавших при атаке ВСУ на Новороссийск детей доставили в Краснодар,Им оказывают всю необходимую помощь,https://tass.ru/obschestvo/27014303,"Mon, 06 Apr 2026 12:09:46 +0300",website,tass.ru
"ЦАХАЛ сообщил о новой серии ударов по целям ""Хезболлах"" в Бейруте",Армия Израиля атакует объекты шиитского движения,https://tass.ru/mezhdunarodnaya-panorama/27014083,"Mon, 06 Apr 2026 12:10:19 +0300",website,tass.ru
В храм Гроба Господня на схождение Благодатного огня не пустят СМИ,Церемония пройдет в ограниченном формате,https://tass.ru/obschestvo/27014321,"Mon, 06 Apr 2026 12:11:19 +0300",website,tass.ru
Шохин: условий для введения налога на сверхприбыль windfall tax сейчас нет,"Все механизмы в налоговом кодексе есть, отметил глава РСПП",https://tass.ru/ekonomika/27014165,"Mon, 06 Apr 2026 12:12:02 +0300",website,tass.ru
"""Сербиягаз"": подрыв газопровода должен был прервать поставки в Венгрию","Директор компании Душан Баятович отметил, что диверсия организовывалась в преддверии венгерских выборов",https://tass.ru/ekonomika/27014295,"Mon, 06 Apr 2026 12:12:59 +0300",website,tass.ru
В Челябинской области на женщину напала рысь,Ей оказали медицинскую помощь,https://tass.ru/proisshestviya/27014307,"Mon, 06 Apr 2026 12:13:04 +0300",website,tass.ru
"Шахтер рассказал о самочувствии заблокированных в ""Белореченской"" горняков",Их состояние хорошее,https://tass.ru/obschestvo/27014333,"Mon, 06 Apr 2026 12:13:50 +0300",website,tass.ru
Ильхам Алиев прибыл в Грузию с госвизитом,Грузинский президент Михаил Кавелашвили в разговоре с азербайджанским коллегой отметил приоритет сохранения стратегического партнерства между двумя странами на высоком уровне,https://tass.ru/mezhdunarodnaya-panorama/27013607,"Mon, 06 Apr 2026 12:13:53 +0300",website,tass.ru
МИД Ирана: США могли попытаться выкрасть уран при операции по спасению пилотов,"Вопросы и неясности по поводу этой американской операции продолжаются, заявил представитель ведомства Эсмаил Багаи",https://tass.ru/mezhdunarodnaya-panorama/27014357,"Mon, 06 Apr 2026 12:14:45 +0300",website,tass.ru
После рейда в Сергиевом-Посаде почти 30 мигрантов выдворят из РФ,На каждого правонарушителя наложен административный штраф в размере 5 тыс. рублей,https://tass.ru/obschestvo/27014317,"Mon, 06 Apr 2026 12:15:00 +0300",website,tass.ru
"Названа одна из версий возникновения пожара в ТЦ ""Гиант"" в Калининграде","По словам главы региона Алексея Беспрозванных, возгорание произошло из-за ремонтных работ",https://tass.ru/proisshestviya/27014383,"Mon, 06 Apr 2026 12:17:13 +0300",website,tass.ru
"Названа одна из версий возникновения пожара в ТЦ ""Гигант"" в Калининграде","По словам главы региона Алексея Беспрозванных, возгорание произошло из-за ремонтных работ",https://tass.ru/proisshestviya/27014383,"Mon, 06 Apr 2026 12:17:13 +0300",website,tass.ru
В Казани поступило 75 обращений о подтоплениях,"Наибольшее количество обращений пришлось на Кировский, Приволжский и Советский районы города",https://tass.ru/obschestvo/27014377,"Mon, 06 Apr 2026 12:17:28 +0300",website,tass.ru
"Лукашенко не исключил, что страны ОДКБ могут встать на защиту своего пространства",Белорусский президент привел в пример сотрудничество Минска и Москвы в вопросах обеспечения безопасности и обороны,https://tass.ru/mezhdunarodnaya-panorama/27014369,"Mon, 06 Apr 2026 12:18:08 +0300",website,tass.ru
"В московском ""Динамо"" объяснили смену тренера по ходу сезона КХЛ",Алексея Кудашова сменил Вячеслав Козлов,https://tass.ru/sport/27014403,"Mon, 06 Apr 2026 12:18:34 +0300",website,tass.ru
"""Авито авто"": спрос на новые автомобили в РФ в марте вырос на 21%",Самой популярной маркой на рынке стала Lada,https://tass.ru/ekonomika/27014397,"Mon, 06 Apr 2026 12:19:16 +0300",website,tass.ru
В микрорайоне Геленджика ввели режим локальной ЧС после атаки ВСУ,"Гражданам, чье имущество получило повреждения, будет оказана финансовая помощь",https://tass.ru/proisshestviya/27014417,"Mon, 06 Apr 2026 12:19:52 +0300",website,tass.ru
В Калининграде после ЧП в торговом центре проверят системы пожаротушения всех ТЦ,"По словам губернатора региона Алексея Беспрозванных, не отлажена работа и по системе оповещения",https://tass.ru/obschestvo/27014421,"Mon, 06 Apr 2026 12:21:07 +0300",website,tass.ru
Операторов связи оштрафовали на 4 млн рублей за нарушение правил использования ТСПУ,"К административной ответственности привлекаются как юридические, так и должностные лица",https://tass.ru/ekonomika/27014439,"Mon, 06 Apr 2026 12:21:13 +0300",website,tass.ru
В Испании пока не видят реальной возможности посредничества по Ирану,"Испанский министр иностранных дел Хосе Мануэль Альбарес заявил, что конфликт достигает масштабов, которые затрагивают весь мир с точки зрения экономических последствий",https://tass.ru/mezhdunarodnaya-panorama/27014345,"Mon, 06 Apr 2026 12:21:22 +0300",website,tass.ru
"В рамках проекта ""Архиерейский квартал"" в Перми реализуют три взаимосвязанных проекта","Представители власти, научного сообщества, общественности и РПЦ объединились в рабочую группу для сохранения исторической ткани, которую город хранил столетиями",https://tass.ru/v-strane/27014375,"Mon, 06 Apr 2026 12:21:34 +0300",website,tass.ru
В МВД предупредили о мошеннической рассылке якобы от Минцифры,В ней сообщается об оформлении цифровой доверенности,https://tass.ru/obschestvo/27014433,"Mon, 06 Apr 2026 12:22:49 +0300",website,tass.ru
Лукашенко: благодаря Трампу абсолютно обнажена позиция Запада по многим вопросам,"Белорусский президент также указал, что в мире хватает проблем, в том числе по поводу объема вооружений в отдельных странах",https://tass.ru/mezhdunarodnaya-panorama/27014469,"Mon, 06 Apr 2026 12:24:00 +0300",website,tass.ru
"Заседание совета директоров хоккейного клуба ""Динамо"" пройдет в апреле","Московская команда в первом раунде плей-офф КХЛ уступила минскому ""Динамо""",https://tass.ru/sport/27014511,"Mon, 06 Apr 2026 12:24:51 +0300",website,tass.ru
"Лукашенко посоветовал Израилю ""не засучивать рукава и не показывать свою прыть""","Президент Белоруссии заявил, что конфликт в Иране пора заканчивать",https://tass.ru/mezhdunarodnaya-panorama/27014527,"Mon, 06 Apr 2026 12:25:59 +0300",website,tass.ru
Лукашенко считает важным организовать встречи генсека ОДКБ и руководства Армении,"Это было бы неплохо, заявил президент Белоруссии",https://tass.ru/mezhdunarodnaya-panorama/27014533,"Mon, 06 Apr 2026 12:26:35 +0300",website,tass.ru
Лукашенко считает важным организовать встречи генсека ОДКБ и руководства Армении,,https://tass.ru/mezhdunarodnaya-panorama/27014533,"Mon, 06 Apr 2026 12:26:35 +0300",website,tass.ru
ВСУ потеряли порядка 1 210 военных за сутки в зоне СВО,"В зоне ответственности группировки войск ""Север"" противник лишился более 185 военнослужащих",https://tass.ru/armiya-i-opk/27014547,"Mon, 06 Apr 2026 12:27:14 +0300",website,tass.ru
Российские средства ПВО сбили за сутки 693 беспилотника ВСУ,"Также были уничтожены две управляемые ракеты большой дальности ""Нептун""",https://tass.ru/armiya-i-opk/27014571,"Mon, 06 Apr 2026 12:27:53 +0300",website,tass.ru
"Лукашенко: нет той страны, которая могла бы победить Иран",,https://tass.ru/mezhdunarodnaya-panorama/27014567,"Mon, 06 Apr 2026 12:27:58 +0300",website,tass.ru
"После пожара в ТЦ ""Гиант"" в Калининграде начали доследственную проверку",Начальник ГУ МЧС по региону Роман Емельянов выразил благодарность сотрудникам РСЧС,https://tass.ru/proisshestviya/27014553,"Mon, 06 Apr 2026 12:28:15 +0300",website,tass.ru
"В конкурсную программу МКФ ""Циолковский"" вошли 28 документальных фильмов",Мероприятие пройдет в Калуге с 10 по 14 апреля,https://tass.ru/kultura/27014563,"Mon, 06 Apr 2026 12:28:44 +0300",website,tass.ru
"Тренер ""Динамо"" Козлов взял на себя ответственность за результаты в КХЛ",Команда проиграл в первом раунде плей-офф,https://tass.ru/sport/27014591,"Mon, 06 Apr 2026 12:28:49 +0300",website,tass.ru
В северо-восточной части Черного моря отразили атаку безэкипажных катеров ВСУ,"В частности, ликвидированы четыре таких катера противника, а также управляемая ракета большой дальности ""Нептун-МД""",https://tass.ru/armiya-i-opk/27014585,"Mon, 06 Apr 2026 12:28:52 +0300",website,tass.ru
ЧФ отразил атаку безэкипажных катеров ВСУ в северо-восточной части Черного моря,"В частности, ликвидированы четыре таких катера противника, а также управляемая ракета большой дальности ""Нептун-МД""",https://tass.ru/armiya-i-opk/27014585,"Mon, 06 Apr 2026 12:28:52 +0300",website,tass.ru
В ДНР нейтрализовали большинство атаковавших энергообъекты БПЛА,"Своей цели достигли три украинских дрона, они нанесли незначительный урон энергообъекту",https://tass.ru/armiya-i-opk/27014593,"Mon, 06 Apr 2026 12:29:37 +0300",website,tass.ru
В ДНР сбили большинство атаковавших энергообъекты БПЛА,,https://tass.ru/armiya-i-opk/27014593,"Mon, 06 Apr 2026 12:29:37 +0300",website,tass.ru
ВС РФ поразили за сутки цеха производства систем управления ракет для ВСУ,Российские силы также атаковали пункты временной дислокации украинских подразделений в 159 районах,https://tass.ru/armiya-i-opk/27014609,"Mon, 06 Apr 2026 12:29:51 +0300",website,tass.ru
ВСУ применили графитовые бомбы для удара по энергосистеме ДНР,"Разрываясь в воздухе, они выбрасывают тонкие графитовые нити, приводящие к замыканиям ЛЭП",https://tass.ru/armiya-i-opk/27014601,"Mon, 06 Apr 2026 12:29:59 +0300",website,tass.ru
Т-банк в рамках программы поддержки компенсирует малому бизнесу часть НДС,Подать заявку на компенсацию НДС станет возможным в личном кабинете Т-бизнеса с 1 по 30 июня за первое полугодие и с 1 по 31 декабря - за второе полугодие,https://tass.ru/ekonomika/27014679,"Mon, 06 Apr 2026 12:30:30 +0300",website,tass.ru
Атака ВСУ на энергосистему ДНР была комбинированной,Эту информацию сообщили в штабе обороны республики,https://tass.ru/armiya-i-opk/27014639,"Mon, 06 Apr 2026 12:30:30 +0300",website,tass.ru
Атака ВСУ на энергосистему ДНР была комбинированной,,https://tass.ru/armiya-i-opk/27014639,"Mon, 06 Apr 2026 12:30:30 +0300",website,tass.ru
Обвиняемого во взятках главу управления ГО и ЧС Сыктывкара оставили под арестом,Жалоба его адвоката о переводе под домашний арест оставили без удовлетворения,https://tass.ru/proisshestviya/27012463,"Mon, 06 Apr 2026 12:31:16 +0300",website,tass.ru
Обвиняемого во взятках главу управления ГО и ЧС Сыктывкара оставили под арестом,Жалобу его адвоката о переводе под домашний арест оставили без удовлетворения,https://tass.ru/proisshestviya/27012463,"Mon, 06 Apr 2026 12:31:16 +0300",website,tass.ru
"В ""Динамо"" не обсуждали возможное назначение Ротенберга главным тренером",На данный момент наставником команды является Вячеслав Козлов,https://tass.ru/sport/27014693,"Mon, 06 Apr 2026 12:32:15 +0300",website,tass.ru
Володин поздравил Чан Тхань Мана с избранием председателем парламента Вьетнама,Председатель Госдумы пригласил его посетить Россию с официальным визитом,https://tass.ru/politika/27014663,"Mon, 06 Apr 2026 12:32:40 +0300",website,tass.ru
"Арбитр Чистяков назначен на кубковый матч между ""Зенитом"" и ""Спартаком""",Встреча состоится 8 апреля в Санкт-Петербурге,https://tass.ru/sport/27014701,"Mon, 06 Apr 2026 12:33:17 +0300",website,tass.ru
"ЦАХАЛ заявил, что главу разведки КСИР убили ударом израильских ВВС","Маджид Хадеми был одним из самых высокопоставленных командиров Корпуса стражей исламской революции и за многие годы накопил обширный военный опыт, отметили в армии обороны Израиля",https://tass.ru/mezhdunarodnaya-panorama/27014719,"Mon, 06 Apr 2026 12:35:26 +0300",website,tass.ru
"ЦАХАЛ заявил, что главу разведки КСИР убили ударом израильских ВВС","Маджид Хадеми был одним из самых высокопоставленных командиров Корпуса стражей исламской революции и за многие годы накопил обширный военный опыт, отметили в Армии обороны Израиля",https://tass.ru/mezhdunarodnaya-panorama/27014719,"Mon, 06 Apr 2026 12:35:26 +0300",website,tass.ru
Иран провел переговоры с Оманом по безопасности судоходства в Ормузском проливе,"Представитель МИД исламской республики Эсмаил Багаи сообщил, что общение прошло на уровне заместителей министра иностранных дел",https://tass.ru/mezhdunarodnaya-panorama/27014749,"Mon, 06 Apr 2026 12:35:28 +0300",website,tass.ru
Иран заявил о переговорах с Оманом по регламенту для безопасного судоходства в Ормузе,,https://tass.ru/mezhdunarodnaya-panorama/27014749,"Mon, 06 Apr 2026 12:35:28 +0300",website,tass.ru
В Минфине указали на необходимость отработки процедуры вывоза золота,"Люди должны понимать, что при наличии разрешения от Пробирной палаты они смогут вывезти слиток без несостыковок, отметил замминистра финансов Алексей Моисеев",https://tass.ru/ekonomika/27014709,"Mon, 06 Apr 2026 12:38:22 +0300",website,tass.ru
Лыжница Пеклецова очень довольна своими выступлениями в сезоне,Она стала победительницей общего зачета Кубка России,https://tass.ru/sport/27014805,"Mon, 06 Apr 2026 12:41:38 +0300",website,tass.ru
Многоуровневые кубиты приспособили для моделирования магнитных материалов,Специалисты разработали новый квантовый алгоритм и два варианта разложения сложной квантовой динамики на набор простых операций,https://tass.ru/nauka/27014777,"Mon, 06 Apr 2026 12:41:47 +0300",website,tass.ru
Вяльбе отметила накал финальных гонок Кубка России по лыжным гонкам,"Глава Федерации лыжных гонок России что, спортсменам нравится гонка в гору",https://tass.ru/sport/27014825,"Mon, 06 Apr 2026 12:42:45 +0300",website,tass.ru
Эксперт Савцова: новые правила не затронут переводы родственникам и знакомым,Предпринимателям при отправке денег на банковскую карту придется указывать информацию об оказанных услугах и проданных товарах,https://tass.ru/ekonomika/27014807,"Mon, 06 Apr 2026 12:42:52 +0300",website,tass.ru
"Таможня задержала иностранца, пытавшегося вывезти части тел редких животных",Заведено уголовное дело о контрабанде,https://tass.ru/proisshestviya/27013899,"Mon, 06 Apr 2026 12:43:04 +0300",website,tass.ru
Глава разведки Республики Корея считает дочь лидера КНДР его преемницей,"Это заявление стало ""наиболее однозначной оценкой"" со стороны Национальной разведывательной службы, пишет агентство Yonhap",https://tass.ru/mezhdunarodnaya-panorama/27014765,"Mon, 06 Apr 2026 12:44:07 +0300",website,tass.ru
Глава разведки Республики Корея считает дочь лидера КНДР его преемницей,,https://tass.ru/mezhdunarodnaya-panorama/27014765,"Mon, 06 Apr 2026 12:44:07 +0300",website,tass.ru
The Hindu: Индия может начать использовать змей и крокодилов для защиты границы,Речь идет об охране на труднодоступных участках границы в Индии и Бангладеш,https://tass.ru/mezhdunarodnaya-panorama/27013655,"Mon, 06 Apr 2026 12:44:11 +0300",website,tass.ru
"Отряды ""Хезболлах"" обстреляли город Нагария и поселения на севере Израиля","Жителям северных районов Израиля направили предупреждение о готовящихся минометных атаках ""в ответ на израильские бомбардировки Ливана и принудительные перемещение гражданского населения""",https://tass.ru/mezhdunarodnaya-panorama/27014849,"Mon, 06 Apr 2026 12:46:22 +0300",website,tass.ru
Директор Московского зоопарка призвала освободить из тесной клетки медведя в Троицке,"Светлана Акулова отметила, что зверь живет в условиях антисанитарии, тесноты, стресса, отсутствия полноценного грунта и воды",https://tass.ru/obschestvo/27014771,"Mon, 06 Apr 2026 12:47:24 +0300",website,tass.ru
ЕСПЧ выскажется по поводу снятия с выборов в Молдавии партии экс-главы Гагаузии,"По словам Ирины Влах, в заявлении указаны факты нарушений права на свободные выборы, проведение публичных мероприятий, а также права на защиту",https://tass.ru/mezhdunarodnaya-panorama/27014577,"Mon, 06 Apr 2026 12:47:43 +0300",website,tass.ru
КС оценит законность изъятия земли у владельцев без предварительной компенсации,"Речь идет о деле с изъятием у россиянина участка для строительства скоростной автомобильной дороги Москва - Санкт-Петербург, за который было назначено возмещение",https://tass.ru/obschestvo/27014813,"Mon, 06 Apr 2026 12:47:50 +0300",website,tass.ru
"Московское ""Динамо"" обсуждает с хоккеистом Гусевым новый контракт",Соглашение форварда с московским клубом рассчитано до 31 мая 2026 года,https://tass.ru/sport/27014873,"Mon, 06 Apr 2026 12:48:07 +0300",website,tass.ru
"Иран заявил, что ни разу не запускал боеприпасы в сторону Азербайджана и Турции",,https://tass.ru/mezhdunarodnaya-panorama/27014899,"Mon, 06 Apr 2026 12:49:49 +0300",website,tass.ru
Песков: сейчас трудно собраться в трехстороннем формате по Украине,"В США много других дел, сообщил пресс-секретарь президента",https://tass.ru/politika/27014939,"Mon, 06 Apr 2026 12:50:34 +0300",website,tass.ru
Песков: Россия и Украина продолжают вести свои отдельные контакты с США,"Каждая сторона общается по своим каналам, отметил пресс-секретарь президента",https://tass.ru/politika/27014947,"Mon, 06 Apr 2026 12:50:38 +0300",website,tass.ru
На Солнце 6-7 апреля возможны вспышки высочайшего класса,В прошедшие выходные на Солнце было зафиксировано четыре вспышки предпоследнего класса мощности,https://tass.ru/nauka/27014915,"Mon, 06 Apr 2026 12:50:40 +0300",website,tass.ru
Кремлю неизвестно о подготовке визита переговорщиков США в Киев после Пасхи,,https://tass.ru/politika/27014929,"Mon, 06 Apr 2026 12:50:40 +0300",website,tass.ru
В Кремле не стали комментировать угрозы Трампа Ирану,Кремль ознакомился с новыми угрозами президента США,https://tass.ru/politika/27014955,"Mon, 06 Apr 2026 12:50:46 +0300",website,tass.ru
"Песков: из-за агрессии против Ирана сейчас весь регион ""в огне""","Пресс-секретарь президента РФ отметил, что география конфликта расширилась",https://tass.ru/politika/27014965,"Mon, 06 Apr 2026 12:50:49 +0300",website,tass.ru
"Путин проведет рабочую встречу с главой ""Аэрофлота""",Встреча будет публичной,https://tass.ru/ekonomika/27014991,"Mon, 06 Apr 2026 12:51:18 +0300",website,tass.ru
"В Дагестане ищут женщину, унесенную течением в Дербентском районе","Поисковые работы развернуты после подтоплений, вызванных прорывом на комплексе гидротехнических сооружений Геджухского водохранилища",https://tass.ru/proisshestviya/27014539,"Mon, 06 Apr 2026 12:51:53 +0300",website,tass.ru
Фигурантам дела о хищениях по оборонзаказу в Астрахани назначили домашний арест,"В частности, они внесли недостоверные сведения об объемах приобретенного топлива на сумму более 500 тыс. рублей",https://tass.ru/proisshestviya/27014689,"Mon, 06 Apr 2026 12:52:10 +0300",website,tass.ru
Глава Евросовета призвал Пезешкиана прекратить удары по странам региона,Антониу Кошта также указал на необходимость возобновления судоходства в Ормузском проливе,https://tass.ru/mezhdunarodnaya-panorama/27014879,"Mon, 06 Apr 2026 12:52:28 +0300",website,tass.ru
"Активы РФ Evraz Plc перешли к ПАО ""Евраз"" в счет долга на 97,6 млрд рублей",Это произошло 1 апреля,https://tass.ru/ekonomika/27014477,"Mon, 06 Apr 2026 12:52:48 +0300",website,tass.ru
В Московской области обвиняемого в государственной измене приговорили к 17 годам,Мужчина занимался шпионажем в интересах иностранной разведки,https://tass.ru/proisshestviya/27014757,"Mon, 06 Apr 2026 12:52:56 +0300",website,tass.ru
Орнитолог Корольков: изъятых в Оренбуржье птиц держали в клетках по 30-35 особей,"По словам эксперта, птицы перенесли долгую и тяжелую дорогу",https://tass.ru/obschestvo/27013913,"Mon, 06 Apr 2026 12:53:04 +0300",website,tass.ru
Песков: за попытками атак на газопровод в Европе может стоять Киева,,https://tass.ru/politika/27015015,"Mon, 06 Apr 2026 12:53:10 +0300",website,tass.ru
Минэнерго: атака дронов на Новороссийск не повлияла на экспорт казахстанской нефти,,https://tass.ru/ekonomika/27014713,"Mon, 06 Apr 2026 12:53:12 +0300",website,tass.ru
В Москве за два года провели на 35% больше операций для предотвращения инвалидизации,Операции по ангиопластике артерий ног выполняются в рентген-операционных с применением ангиографических установок,https://tass.ru/obschestvo/27014833,"Mon, 06 Apr 2026 12:54:03 +0300",website,tass.ru
Жителя Усть-Илимска осудили на восемь лет за покушение на жену,Женщина 19 раз вызывала полицию,https://tass.ru/proisshestviya/27014503,"Mon, 06 Apr 2026 12:54:15 +0300",website,tass.ru
ТАСС: военные ВСУ хоронят сослуживцев в лесополосах у Воздвижевки на Запорожье,Счет погибших в этом населенном пункте украинских солдат идет на сотни,https://tass.ru/proisshestviya/27013973,"Mon, 06 Apr 2026 12:55:25 +0300",website,tass.ru
Организаторы Менделеевской олимпиады не используют ИИ для создания заданий,Состязание юных химиков состоит из трех туров: двух теоретических и одного практического,https://tass.ru/obschestvo/27014621,"Mon, 06 Apr 2026 12:55:39 +0300",website,tass.ru
Турецкий танкер пересек Ормузский пролив,В заливе остается еще восемь турецких судов,https://tass.ru/ekonomika/27013767,"Mon, 06 Apr 2026 12:55:55 +0300",website,tass.ru
"На Урале приостановили работу лагеря, где отравились 14 детей","Избранная мера будет действовать 14 суток, со 2 апреля",https://tass.ru/proisshestviya/27014631,"Mon, 06 Apr 2026 12:56:05 +0300",website,tass.ru
"В Кремле надеются, что Венгрия и Сербия обеспечат безопасность газопроводов в ЕС","Пресс-секретарь президента России Дмитрий Песков выразил надежду, что Будапешт и Белград примут меры для минимизации угроз для этих объектов",https://tass.ru/politika/27015103,"Mon, 06 Apr 2026 12:56:24 +0300",website,tass.ru
"Песков: РФ принимает меры для безопасности ""Турецкого"" и ""Голубого"" потоков",Представитель Кремля прокомментировал ситуацию с предотвращением диверсий на газопроводах,https://tass.ru/politika/27015067,"Mon, 06 Apr 2026 12:56:34 +0300",website,tass.ru
"В хоккейном ""Динамо"" ждут решения Овечкина о его дальнейшей карьере","Форвард ранее допускал, что может вернуться в ""Динамо"" по завершении карьеры в НХЛ",https://tass.ru/sport/27015075,"Mon, 06 Apr 2026 12:56:36 +0300",website,tass.ru
Житель Энгельса выстрелили в подростков из пневматики из-за шумного поведения,Против мужчины завели дело,https://tass.ru/proisshestviya/27014151,"Mon, 06 Apr 2026 12:57:00 +0300",website,tass.ru
Организаторы Менделеевской олимпиады оценят возможности ИИ в решении задач,"Председатель международного жюри ММО-60, директор Университетской гимназии МГУ Александр Гладилин допустил, что в будущем ИИ может стать участником олимпиады в рамках эксперимента",https://tass.ru/obschestvo/27014907,"Mon, 06 Apr 2026 12:57:09 +0300",website,tass.ru
Путин поздравил Симоньян с днем рождения,Президент направил главреду RT поздравительную телеграмму по этому случаю,https://tass.ru/obschestvo/27015097,"Mon, 06 Apr 2026 12:57:30 +0300",website,tass.ru
Захарова: ФРГ в милитаристском угаре забыла уроки истории,Официальный представитель МИД РФ прокомментировала новые требования Бундесвера,https://tass.ru/politika/27015143,"Mon, 06 Apr 2026 12:58:11 +0300",website,tass.ru
"Кремль надеется, что Зеленскому указали на недопустимость атак на газопроводы","Пресс-секретарь президента Дмитрий Песков отметил, что РФ надеется на то, что Будапешт и Белград примут меры, направленные на минимизацию угрозу для газопроводов на европейской территории",https://tass.ru/politika/27015161,"Mon, 06 Apr 2026 12:58:24 +0300",website,tass.ru
"Вручение XV премии ""Аванс"" состоится 17 апреля","Главный редактор журнала ""Кинорепортер"" Мария Лемешева отметила, что ""Аванс"" - это не просто награда, а ""символ доверия к тем, кто экспериментирует, ищет новые формы и смыслы""",https://tass.ru/kultura/27015025,"Mon, 06 Apr 2026 13:00:12 +0300",website,tass.ru
Коростелев объяснил победу лыжника Ардашева в Кубке России,Сергей Ардашев стал победителем общего зачета Кубка России за две гонки до окончания сезона,https://tass.ru/sport/27015191,"Mon, 06 Apr 2026 13:00:56 +0300",website,tass.ru
В Горловке при атаке БПЛА повреждены пять многоквартирных домов,В городе также наблюдались отключения электричества,https://tass.ru/proisshestviya/27014309,"Mon, 06 Apr 2026 13:02:05 +0300",website,tass.ru
Фильмы и сериалы заняли 58% обсуждений контента в интернете,"Аналитика основана на изучении более 508 тыс. пользовательских сообщений за период с октября 2025 года по март 2026 года, говорится в исследовании ""Кион"" и ""Сидорин лаб""",https://tass.ru/kultura/27015207,"Mon, 06 Apr 2026 13:02:53 +0300",website,tass.ru
Попытка подрыва газопровода в Сербии. Что известно,"Целью организации диверсии против трубопровода было прекращение поставок газа Братиславе и Будапешту перед венгерскими парламентскими выборами 12 апреля, заявил директор компании ""Сербиягаз"" Душан Баятович",https://tass.ru/ekonomika/27015007,"Mon, 06 Apr 2026 13:05:03 +0300",website,tass.ru
"МИД Ирана: любая страна, помогающая США атаковать, должна понести ответственность",,https://tass.ru/mezhdunarodnaya-panorama/27015297,"Mon, 06 Apr 2026 13:05:43 +0300",website,tass.ru
В Раде напомнили о праве сотрудников ТЦК применять оружие в ходе мобилизации,"Они должны заботиться о собственной безопасности, отметил депутат Украины Александр Федиенко",https://tass.ru/mezhdunarodnaya-panorama/27015277,"Mon, 06 Apr 2026 13:05:57 +0300",website,tass.ru
ВСУ атаковали Каменско-Днепровский округ,По одному из домовладений ударили восемью БПЛА,https://tass.ru/proisshestviya/27015233,"Mon, 06 Apr 2026 13:08:07 +0300",website,tass.ru
В ТЦ в Калининграде от огня удалось спасти кинозалы и детские игровые комнаты,"Также удалось отстоять от огня мебельный торговый центр, который находится рядом",https://tass.ru/obschestvo/27015283,"Mon, 06 Apr 2026 13:10:05 +0300",website,tass.ru
Стоимость биткойна превышала $70 тыс. впервые с 26 марта,"По данным на 12:22 мск, биткойн рос на 4,93%",https://tass.ru/ekonomika/27015313,"Mon, 06 Apr 2026 13:10:55 +0300",website,tass.ru
"В Москве летом пройдет новый сезон фестиваля ""Театральный бульвар""","Присоединиться приглашают российских и иностранных артистов, профессиональные труппы и коллективы творческих вузов",https://tass.ru/moskva/27015303,"Mon, 06 Apr 2026 13:11:14 +0300",website,tass.ru
В Ростовской области уничтожили порядка 10 БПЛА,Никто не пострадал,https://tass.ru/proisshestviya/27013037,"Mon, 06 Apr 2026 13:11:16 +0300",website,tass.ru
"""Intermark аренда"": в Москве сократилось предложение на рынке аренды элитных квартир",За январь число экспонируемых лотов уменьшилось на 9%,https://tass.ru/nedvizhimost/27015353,"Mon, 06 Apr 2026 13:12:25 +0300",website,tass.ru
Жога назвал стабильной паводковую обстановку в регионах УрФО,Полномочный представитель президента призвал главы субъектов сохранять контроль и оперативно реагировать на ситуацию,https://tass.ru/obschestvo/27015291,"Mon, 06 Apr 2026 13:13:40 +0300",website,tass.ru
"Путин присвоил почетные наименования ""гвардейских"" 35-й армии и 968-му авиаполку",Соответствующие указы опубликованы,https://tass.ru/armiya-i-opk/27015387,"Mon, 06 Apr 2026 13:14:37 +0300",website,tass.ru
На Чукотке ветераны СВО примут участие в праймериз ЕР на выборы в окружную думу,"Как отметил губернатор региона Владислав Кузнецов, люди, которые прошли через СВО, знают цену слову ""ответственность""",https://tass.ru/politika/27015223,"Mon, 06 Apr 2026 13:17:04 +0300",website,tass.ru
Генсек ОДКБ призвал страны организации действовать сообща,"Таалатбек Масадыков отметил, что в это турбулентное время можно справиться только общими усилиями",https://tass.ru/mezhdunarodnaya-panorama/27015307,"Mon, 06 Apr 2026 13:18:17 +0300",website,tass.ru
ЗАЭС: персонал не допустил ни одного риска ядерного инцидента даже при обстрелах,,https://tass.ru/ekonomika/27015419,"Mon, 06 Apr 2026 13:18:42 +0300",website,tass.ru
В Воронежской области объявили опасность атаки БПЛА,Эту информацию сообщил губернатор региона Александр Гусев,https://tass.ru/proisshestviya/27015409,"Mon, 06 Apr 2026 13:19:35 +0300",website,tass.ru
В Дагестане отменили 13 пригородных поездов из-за непогоды,"Речь, в частности, идет о рейсах между Дербентом и Махачкалой",https://tass.ru/ekonomika/27014855,"Mon, 06 Apr 2026 13:20:36 +0300",website,tass.ru
Лукашенко: ОДКБ всегда может рассчитывать на Белоруссию,"Белорусский лидер отметил, что сейчас как раз есть хороший повод для обсуждения имеющегося в рамках ОДКБ комплекса военно-политических вопросов с учетом недавно проведенной масштабной проверки боеготовности вооруженных сил республики",https://tass.ru/mezhdunarodnaya-panorama/27015413,"Mon, 06 Apr 2026 13:20:49 +0300",website,tass.ru
"""Аэрофлот"" нарастил перевозки в ДФО и Калининград по ""плоским"" тарифам на 12%",Программа финансируется за счет компании,https://tass.ru/ekonomika/27015531,"Mon, 06 Apr 2026 13:33:24 +0300",website,tass.ru
Вяльбе объяснила прогресс лыжницы Пеклецовой,Алина Пеклецова стала победительницей общего зачета Кубка России,https://tass.ru/sport/27015635,"Mon, 06 Apr 2026 13:33:47 +0300",website,tass.ru
"Попытка атаки на газопровод, пауза по Украине и Ближний Восток ""в огне"". Брифинг Пескова","Москва надеется, что Владимиру Зеленскому в Анкаре указали на недопустимость агрессивных действий в отношении инфраструктуры газопроводов ""Турецкий поток"" и ""Голубой поток"", сообщил пресс-секретарь президента",https://tass.ru/politika/27015527,"Mon, 06 Apr 2026 13:34:08 +0300",website,tass.ru
На северо-востоке Москвы нашли чемодан с телом,Возбуждено дело об убийстве,https://tass.ru/proisshestviya/27015669,"Mon, 06 Apr 2026 13:34:12 +0300",website,tass.ru
Весна в Пхеньяне,В Центральном ботаническом саду расцвели деревья,https://tass.ru/obschestvo/27015357,"Mon, 06 Apr 2026 13:34:33 +0300",website,tass.ru
"Пожар в ТЦ ""Гиант"" в Калининграде потушили",Причину возгорания установят дознаватели,https://tass.ru/proisshestviya/27015709,"Mon, 06 Apr 2026 13:35:38 +0300",website,tass.ru
"""Газпром-медиа холдинг"" направит деньги от продажи ""Телебазиса"" на развитие контента","После проведения сделки АО ""Телебазис"" перешло в прямое ведение самой Киностудии Горького",https://tass.ru/ekonomika/27015677,"Mon, 06 Apr 2026 13:35:50 +0300",website,tass.ru
В Молдавии поисковики захоронили останки 16 красноармейцев,Их нашли во время экспедиций,https://tass.ru/obschestvo/27014865,"Mon, 06 Apr 2026 13:36:37 +0300",website,tass.ru
В ХМАО главу компании обвиняют в хищении грунта с автодороги на 3 млн рублей,На имущество фигуранта наложили арест,https://tass.ru/proisshestviya/27015619,"Mon, 06 Apr 2026 13:37:50 +0300",website,tass.ru
"""Ъ"": угольщики из РФ стали отзывать оферты из-за возможных убытков","Они обеспокоены риском потери прибыли из-за потенциальных дорогостоящих перевозок, волатильность которых зависит от длительности ближневосточного конфликта",https://tass.ru/ekonomika/27015685,"Mon, 06 Apr 2026 13:39:12 +0300",website,tass.ru
Глава МИД Испании выступил за прекращение блокады Кубы,Хосе Мануэль Альбарес пообещал продолжать оказывать гуманитарную помощь Гаване,https://tass.ru/mezhdunarodnaya-panorama/27015735,"Mon, 06 Apr 2026 13:39:13 +0300",website,tass.ru
ТАСС: вице-губернатор Кубани построил поместье за 1 млрд рублей,"В его состав входят два коттеджа, банный комплекс, парковая зона, теннисные корты",https://tass.ru/proisshestviya/27015745,"Mon, 06 Apr 2026 13:40:14 +0300",website,tass.ru
Парламент Гагаузии обвинил Кишинев в попытке срыва назначенных на 21 июня выборов,"Действия центральных органов Молдавии являются недопустимыми и противоречащими основам демократического государства, заявили в президиуме Народного собрания Гагаузии",https://tass.ru/mezhdunarodnaya-panorama/27015793,"Mon, 06 Apr 2026 13:41:20 +0300",website,tass.ru
Московские парки обновят к летнему сезону,"В Парке Горького особое внимание уделят историческому фонтану ""Девушка на буме""",https://tass.ru/obschestvo/27015787,"Mon, 06 Apr 2026 13:41:52 +0300",website,tass.ru
Проект лидера ЭКГ-рейтинга признан эффективным инструментом популяризации энергосбережения,"Речь идет об инициативе ""Глобальное утепление"", реализованной компанией ""Эн+""",https://tass.ru/obschestvo/27015785,"Mon, 06 Apr 2026 13:42:12 +0300",website,tass.ru
"""Аэрофлот"" планирует утроить перевозки через Геленджик и Краснодар","В 2026 году авиакомпания намерена перевезти через аэропорты этих городов до 1,5 млн человек",https://tass.ru/ekonomika/27015591,"Mon, 06 Apr 2026 13:43:08 +0300",website,tass.ru
"В Москве прекратили гражданство мужчины, не ставшего в срок на воинский учет",Он был участником драки на Цветном бульваре,https://tass.ru/obschestvo/27015807,"Mon, 06 Apr 2026 13:44:01 +0300",website,tass.ru
ВСУ ударили по зданию администрации Старобельского округа ЛНР,Ранены два мирных жителя,https://tass.ru/proisshestviya/27015827,"Mon, 06 Apr 2026 13:44:08 +0300",website,tass.ru
Fars: КСИР поразил очередной контейнеровоз Израиля,Данные о местонахождении контейнеровоза агентство не приводит,https://tass.ru/mezhdunarodnaya-panorama/27015801,"Mon, 06 Apr 2026 13:45:17 +0300",website,tass.ru
В Харькове произошло несколько взрывов,В Харьковской области действует воздушная тревога,https://tass.ru/proisshestviya/27015833,"Mon, 06 Apr 2026 13:45:50 +0300",website,tass.ru
На Менделеевской олимпиаде состав команды РФ увеличили с 10 до 15 человек,ММО-60 пройдет с 15 по 23 апреля на базе МГУ имени М. В. Ломоносова,https://tass.ru/obschestvo/27015045,"Mon, 06 Apr 2026 13:46:12 +0300",website,tass.ru
Музаев сдаст пробный ЕГЭ по русскому вместе с родителями школьников,"Участники увидят, как организована рассадка в аудиториях, как выглядят рабочие места, как проходит контроль за объективностью, инструктаж и печать контрольных измерительных материалов непосредственно в пункте проведения экзамена",https://tass.ru/obschestvo/27015877,"Mon, 06 Apr 2026 13:48:13 +0300",website,tass.ru
"""Газпром нефть"" открыла более тысячи мест для студентов-практикантов","Всем, кто отправится на месторождения, оплатят дорогу, обеспечат жилье и питание на весь срок практики",https://tass.ru/obschestvo/27015483,"Mon, 06 Apr 2026 13:49:14 +0300",website,tass.ru
"ТАСС: на шахту ""Белореченская"" возобновили подачу электроэнергии",Готовится эвакуация горняков из забоя,https://tass.ru/obschestvo/27015907,"Mon, 06 Apr 2026 13:49:55 +0300",website,tass.ru
"Иранский композитор поселится на электростанции, чтобы предотвратить удары по ней","Али Гамсари отметил, что там он будет играть и создавать музыку",https://tass.ru/mezhdunarodnaya-panorama/27015857,"Mon, 06 Apr 2026 13:50:38 +0300",website,tass.ru
Советник президента Польши назвал снижение накала споров в НАТО ролью Варшавы,"Марчин Пшидач признал, что война на Ближнем Востоке усилила разногласия в Североатлантическом альянсе",https://tass.ru/mezhdunarodnaya-panorama/27015769,"Mon, 06 Apr 2026 13:53:05 +0300",website,tass.ru
"Теннисист Рублев вышел во второй круг ""Мастерса"" в Монте-Карло",Россиянин в трех сетах переиграл португальца Нуну Боржеша,https://tass.ru/sport/27015935,"Mon, 06 Apr 2026 13:53:42 +0300",website,tass.ru
"Теннисист Хачанов не смог выйти во второй круг ""Мастерса"" в Монте-Карло",Россиянин уступил французу Артуру Риндеркнешу,https://tass.ru/sport/27015953,"Mon, 06 Apr 2026 13:56:25 +0300",website,tass.ru
Вице-губернатора Кубани уличили в выделении 80 млн рублей подконтрольным предприятиям,"Общая стоимость коррупционных активов Андрея Коробки, ставшего ответчиком по иску об обращении в доход РФ имущества, превышает 10 млрд рублей, сообщили в надзорных органах региона",https://tass.ru/obschestvo/27015931,"Mon, 06 Apr 2026 13:56:59 +0300",website,tass.ru
"На сеть РЖД в 2026 году выйдут 11 новых ""Финистов""","Поезда будут направлены, в частности, в Краснодарский край",https://tass.ru/ekonomika/27015959,"Mon, 06 Apr 2026 13:57:08 +0300",website,tass.ru
"Юрист рассказал, что грозит ДР Конго за ситуацию с игроком ""Спартака"" Бонгонда",Футболист не вернулся в расположение красно-белых по просьбе Федерации футбола ДР Конго,https://tass.ru/sport/27015921,"Mon, 06 Apr 2026 13:58:12 +0300",website,tass.ru
Лыжница Пеклецова продолжит тренироваться в группе Нутрихина,Спортсменка в завершившемся сезоне стала победительницей Кубка России,https://tass.ru/sport/27016023,"Mon, 06 Apr 2026 14:00:43 +0300",website,tass.ru
Краснов инициировал прокурорскую проверку против родственницы экс-судьи Хахалевой,"Основанием стали выявленные активы, не соответствующие задекларированным доходам",https://tass.ru/proisshestviya/27015991,"Mon, 06 Apr 2026 14:01:01 +0300",website,tass.ru
AFP: конфликт на Ближнем Востоке ударил по производству фиш-энд-чипс в Британии,Дополнительные расходы за год могут превысить £100 тыс.,https://tass.ru/ekonomika/27016007,"Mon, 06 Apr 2026 14:02:26 +0300",website,tass.ru
Троих пострадавших после ЧП в Нижнекамске перевели на лечение в Казань,В Нижнекамской центральной многопрофильной районной больнице остаются девять человек,https://tass.ru/obschestvo/27016105,"Mon, 06 Apr 2026 14:03:15 +0300",website,tass.ru
"""Домклик"": выдачи рыночной ипотеки в РФ выросли в четыре раза за год","В марте 2026 года выдачи по льготным программам выросли на 10% по сравнению с предыдущим месяцем - до 144,9 млрд рублей",https://tass.ru/nedvizhimost/27016047,"Mon, 06 Apr 2026 14:03:27 +0300",website,tass.ru
"В Хайфе извлекли из-под завалов тела четырех человек, пропавших после обстрела",Спасатели завершили операцию по поиску пропавших в 12:40 мск 6 апреля,https://tass.ru/mezhdunarodnaya-panorama/27015645,"Mon, 06 Apr 2026 14:03:40 +0300",website,tass.ru
В Подмосковье выявили более 122 тыс. непристегнутых водителей и пассажиров,Показатель на 63% больше по сравнению с аналогичным периодом 2025 года,https://tass.ru/obschestvo/27016079,"Mon, 06 Apr 2026 14:05:42 +0300",website,tass.ru
ТАСС: ВСУ занимаются мародерством в Славянске,"Они используют жителей в качестве живого щита, сообщили в российских силовых структурах",https://tass.ru/obschestvo/27015839,"Mon, 06 Apr 2026 14:05:45 +0300",website,tass.ru
"Группа ""Аэрофлот"" в 2025 году нарастила перевозки детей почти на 20% благодаря скидкам",С 2025 года она предлагает скидку 50% от всех тарифов класса эконом для детей в возрасте от 2 до 12 лет при перелетах по России,https://tass.ru/ekonomika/27015477,"Mon, 06 Apr 2026 14:06:55 +0300",website,tass.ru
Иск по имуществу вице-губернатора Кубани начнут рассматривать 7 апреля,"Согласно данным суда, состоялась подготовка дела к судебному разбирательству",https://tass.ru/proisshestviya/27016175,"Mon, 06 Apr 2026 14:07:36 +0300",website,tass.ru
В Москве начали готовить к открытию сезона Театральный фонтан,"Работы проведет бригада из четырех человек, будет задействована поливомоечная техника",https://tass.ru/obschestvo/27016155,"Mon, 06 Apr 2026 14:07:39 +0300",website,tass.ru
В Дагестане сель размыл дорогу к поселку Мамедкала,Часть дорожного полотна полностью разрушена водой и камням,https://tass.ru/proisshestviya/27015627,"Mon, 06 Apr 2026 14:08:12 +0300",website,tass.ru
Fars: ВС США и Израиля атаковали нефтехимический завод в Иране,Он расположен на нефтегазовом месторождении Южный Парс,https://tass.ru/mezhdunarodnaya-panorama/27016185,"Mon, 06 Apr 2026 14:09:07 +0300",website,tass.ru
В Камбодже фермеры устроили гонки на воловьих упряжках в преддверии Нового года,Гонка прошла в дань уважения многовековой традиции,https://tass.ru/obschestvo/27016183,"Mon, 06 Apr 2026 14:10:05 +0300",website,tass.ru
В жилых домах Москвы в 2026 году бесплатно заменят около 200 тыс. электросчетчиков,Срок службы новых многотарифных счетчиков составляет 30 лет,https://tass.ru/obschestvo/27016191,"Mon, 06 Apr 2026 14:10:22 +0300",website,tass.ru
"Врачи рассказали о состоянии пострадавшей при пожаре в ТЦ ""Гиант"" в Калининграде",Женщина проходит лечение в стационаре,https://tass.ru/obschestvo/27015887,"Mon, 06 Apr 2026 14:11:01 +0300",website,tass.ru
В Екатеринбурге двое сбежавших из СИЗО признали вину,"Из показаний подсудимых следует, что предварительной договоренности о побеге у них не было",https://tass.ru/proisshestviya/27016215,"Mon, 06 Apr 2026 14:16:19 +0300",website,tass.ru
NBC: охранники Маска получили статус федеральных агентов,Это было сделано в обход стандартной процедуры,https://tass.ru/obschestvo/27016257,"Mon, 06 Apr 2026 14:16:23 +0300",website,tass.ru
МИД РФ осудил нападение на посольство ОАЭ в Дамаске,"Это является грубым нарушением базовых норм международного права, включая Венскую конвенцию о дипломатических сношениях 1961 года, подчеркнули в дипведомстве",https://tass.ru/politika/27016289,"Mon, 06 Apr 2026 14:17:57 +0300",website,tass.ru
Кабмин снизил долговую нагрузку некоторых регионов на сумму свыше 10 млрд рублей,"Это коснется Республики Алтай, Дагестана, Ингушетии, Марий Эл, Тывы, Забайкальского края, а также Брянской, Кировской, Рязанской, Саратовской и Ульяновской областей",https://tass.ru/ekonomika/27016301,"Mon, 06 Apr 2026 14:18:47 +0300",website,tass.ru
В Кировской области нарушено сообщение со 125 населенными пунктами из-за паводка,"Для жителей созданы запасы продуктов, медикаментов и предметов первой необходимости",https://tass.ru/obschestvo/27015601,"Mon, 06 Apr 2026 14:20:28 +0300",website,tass.ru
В Брянске расширили зону поиска провалившегося под лед мальчика,"Тело одного из двоих детей, провалившихся под лед в январе, было найдено 8 февраля",https://tass.ru/proisshestviya/27016251,"Mon, 06 Apr 2026 14:21:05 +0300",website,tass.ru
"Guardian: у острова на Фиджи, где снимали ""Изгоя"", сел на мель теплоход","На борту находились 30 пассажиров и 31 член экипажа, их эвакуировали",https://tass.ru/proisshestviya/27016281,"Mon, 06 Apr 2026 14:24:03 +0300",website,tass.ru
В Московском регионе ночью 7 апреля местами пройдет мокрый снег,"Температура в столице будет от плюс 1 до плюс 3 градусов, а по области - от минус 2 до плюс 3 градусов",https://tass.ru/obschestvo/27016353,"Mon, 06 Apr 2026 14:24:11 +0300",website,tass.ru
Рублев прокомментировал победу над теннисистом Боржешем,Россиянин победил португальца в трех сетах на турнире в Монте-Карло,https://tass.ru/sport/27016373,"Mon, 06 Apr 2026 14:26:09 +0300",website,tass.ru
"ТАСС: из шахты ""Белореченская"" эвакуировали горняков",Из шахты эвакуировали 22 человека,https://tass.ru/obschestvo/27016375,"Mon, 06 Apr 2026 14:26:33 +0300",website,tass.ru
Минобороны ОАЭ сообщило о четырех пострадавших за сутки от иранских атак,Общее число пострадавших достигло 221,https://tass.ru/mezhdunarodnaya-panorama/27016341,"Mon, 06 Apr 2026 14:27:10 +0300",website,tass.ru
Мишустин: россияне смогут бесплатно пройти лечение с использованием онковакцин,"Для лечения отдельных видов болезней крови, рака ряда внутренних органов станет возможным получить и CAR-T-клеточную терапию",https://tass.ru/obschestvo/27016399,"Mon, 06 Apr 2026 14:29:26 +0300",website,tass.ru
"Доля рейсов ""Аэрофлота"" в обход Москвы составила 63%","Всего по сети 297 направлений, из них 186 выполнялось в обход столицы",https://tass.ru/ekonomika/27016405,"Mon, 06 Apr 2026 14:29:37 +0300",website,tass.ru
В Херсонской области частично остаются без света пять округов,Причиной отключений стала авария,https://tass.ru/proisshestviya/27016067,"Mon, 06 Apr 2026 14:30:09 +0300",website,tass.ru
Путин поручил 7 апреля созвать совещание по ситуации в Дагестане на фоне осадков,Президент дал необходимые поручения всем соответствующим ведомствам по оказанию помощи людям,https://tass.ru/obschestvo/27016447,"Mon, 06 Apr 2026 14:30:13 +0300",website,tass.ru
"""Страна"": в Харькове сотрудника ТЦК ранили ножом",Подробности не приводятся,https://tass.ru/proisshestviya/27016413,"Mon, 06 Apr 2026 14:30:21 +0300",website,tass.ru
"Путин указал ""Аэрофлоту"" на важность продолжения работы по улучшению сервиса",Президент отметил хорошие показатели компании за 2025 год,https://tass.ru/ekonomika/27016115,"Mon, 06 Apr 2026 14:31:17 +0300",website,tass.ru
В Горловке при атаке ВСУ повреждена инфраструктура коммунального предприятия,Речь идет о теплоснабжающей организации,https://tass.ru/proisshestviya/27015997,"Mon, 06 Apr 2026 14:32:45 +0300",website,tass.ru
Менделеевская олимпиада в 2026 году пройдет в смешанном формате не впервые,Мероприятие пройдет в Москве 15-23 апреля,https://tass.ru/obschestvo/27016475,"Mon, 06 Apr 2026 14:33:45 +0300",website,tass.ru
"Глава OpenAI: ИИ излечит болезни, но также может создать опасные патогены","Сэм Альтман допустил, что применяемые для биологических исследований передовые модели вскоре могут оказаться в открытом доступе",https://tass.ru/ekonomika/27016085,"Mon, 06 Apr 2026 14:33:47 +0300",website,tass.ru
Коростелев оценил шансы лидеров Кубка России на международных турнирах,Победителями общего зачета турнира стали Сергей Ардашев и Алина Пеклецова,https://tass.ru/sport/27016489,"Mon, 06 Apr 2026 14:34:04 +0300",website,tass.ru
Коррупция на 10 млрд рублей. Главное о деле кубанского замгубернатора Коробки,Иск об обращении в доход РФ имущества замглавы региона и связанных с ним лиц подан в суд,https://tass.ru/proisshestviya/27016371,"Mon, 06 Apr 2026 14:34:33 +0300",website,tass.ru
Зоозащитники требуют отпустить пойманного в Гамбурге волка,"Они сомневаются в том, что животное напало на местную жительницу",https://tass.ru/obschestvo/27016441,"Mon, 06 Apr 2026 14:37:01 +0300",website,tass.ru
"Проект ""Дорогой Гагарина"" показал весь путь первого космонавта на Байконуре",Цикл клипов был подготовлен в рамках празднования Недели космоса,https://tass.ru/kosmos/27016521,"Mon, 06 Apr 2026 14:37:53 +0300",website,tass.ru
Над регионами РФ за шесть часов сбили 33 украинских БПЛА,"Их уничтожили над Белгородской, Ростовской, Курской областями и Крымом",https://tass.ru/armiya-i-opk/27016555,"Mon, 06 Apr 2026 14:38:57 +0300",website,tass.ru
В Подмосковье появится производство по выпуску компонентов для пищевой промышленности,Объем инвестиций в проект составит 650 млн рублей,https://tass.ru/ekonomika/27015917,"Mon, 06 Apr 2026 14:39:09 +0300",website,tass.ru
КСИР: Иран ударил по американскому десантному кораблю USS Tripoli,На борту находились более 5 тыс. моряков и морских пехотинцев,https://tass.ru/mezhdunarodnaya-panorama/27016565,"Mon, 06 Apr 2026 14:40:11 +0300",website,tass.ru
Мишустин: беременных из сельской местности будут бесплатно возить к врачам,"Глава правительства РФ уточнил, что мера коснется жительниц отдаленных населенных пунктов, где нет регулярных маршрутов общественного транспорта до женских консультаций и других профильных учреждений",https://tass.ru/obschestvo/27016543,"Mon, 06 Apr 2026 14:41:45 +0300",website,tass.ru
В шести селах Дагестана восстановили газоснабжение,Причиной отключений стало повреждение газопровода из-за непогоды,https://tass.ru/obschestvo/27016549,"Mon, 06 Apr 2026 14:42:12 +0300",website,tass.ru
ТАСС: в Москве подросток выбросил в окно сумку с $40 тыс. по указанию мошенников,По данному факту проводится проверка,https://tass.ru/proisshestviya/27016615,"Mon, 06 Apr 2026 14:46:49 +0300",website,tass.ru
ВОГ разрабатывает поправки в закон о средствах индивидуальной мобильности,,https://tass.ru/obschestvo/27016585,"Mon, 06 Apr 2026 14:47:49 +0300",website,tass.ru
В Карелии устранили основные фракции масляного пятна после загрязнения Выгозера,В акватории озера произошло загрязнение талловым маслом,https://tass.ru/obschestvo/27014843,"Mon, 06 Apr 2026 14:48:03 +0300",website,tass.ru
ТАСС: экс-судья Хахалева и ее сестра являлись доверенными лицами судьи Момотова,,https://tass.ru/proisshestviya/27016627,"Mon, 06 Apr 2026 14:48:25 +0300",website,tass.ru
"Адвокат Пичугина заявил, что тот не мог предвидеть гибель брата и племянника",Гособвинитель попросил назначить Михаилу Пичугину наказание в виде лишения свободы на срок три года,https://tass.ru/proisshestviya/27015687,"Mon, 06 Apr 2026 14:49:57 +0300",website,tass.ru
В Алтайском крае из-за паводков эвакуировали четырех человек,"В поселке Промышленном подтоплены четыре жилых дома, еще два дома подтоплены в селе Большеромановка Табунского района",https://tass.ru/proisshestviya/27016603,"Mon, 06 Apr 2026 14:50:14 +0300",website,tass.ru
В план перекрестных Годов РФ и КНР в области образования включили более 100 мероприятий,"Они отражают сотрудничество Москвы и Пекина в области высшего, среднего профессионального, дополнительного и школьного образования",https://tass.ru/obschestvo/27016159,"Mon, 06 Apr 2026 14:50:16 +0300",website,tass.ru
На корпус детской больницы в Ульяновской области выделят еще 700 млн рублей,В декабре 2025 года правительство уже направило на такие цели дополнительно 300 млн рублей,https://tass.ru/ekonomika/27016587,"Mon, 06 Apr 2026 14:50:38 +0300",website,tass.ru
На корпус детской больницы в Ульяновской области выделят еще 700 млн рублей,,https://tass.ru/ekonomika/27016587,"Mon, 06 Apr 2026 14:50:38 +0300",website,tass.ru
В Магнитогорске задержали пять человек по делу о подпольных казино,"По версии следствия, фигуранты создали преступное сообщество, которое проводило азартные игры в арендованных помещениях",https://tass.ru/proisshestviya/27015867,"Mon, 06 Apr 2026 14:50:41 +0300",website,tass.ru
"Романа Ротенберга пока не ждут. Московское ""Динамо"" подвело итоги сезона КХЛ","Клуб завершил выступление в первом раунде плей-офф, проиграв минскому ""Динамо""",https://tass.ru/sport/27016623,"Mon, 06 Apr 2026 14:51:08 +0300",website,tass.ru
В Самаре арестовали предпринимателя по делу о мошенничестве,Мужчину обвиняют в хищении более 87 млн рублей из бюджета совместно с сотрудниками регионального Министерства туризма,https://tass.ru/proisshestviya/27016595,"Mon, 06 Apr 2026 14:51:48 +0300",website,tass.ru
Tasnim: в Иране атаковали вспомогательные компании нефтехимической отрасли,"Нефтехимическое производство комплекса Южный Парс не пострадало при ударах США и Израиля, сообщило агентство",https://tass.ru/mezhdunarodnaya-panorama/27016633,"Mon, 06 Apr 2026 14:52:03 +0300",website,tass.ru
"Бойцы ВС РФ починили орудие под огнем ВСУ, обеспечив поражение опорного пункта","Благодаря оперативности расчета орудие смогли максимально быстро вернуть к работе и выдать боевой результат, рассказал ТАСС артиллерист 29-й гвардейской общевойсковой армии с позывным Механик",https://tass.ru/armiya-i-opk/27016663,"Mon, 06 Apr 2026 14:53:11 +0300",website,tass.ru
Первый болгарский космонавт рассказал о встрече с Гагариным,"Вспоминая об этом, Георгий Иванов отметил, что Юрия Гагарина в республике встречали с радостным волнением, а для него он стал образцом дисциплины и преданности своему делу",https://tass.ru/kosmos/27016651,"Mon, 06 Apr 2026 14:53:12 +0300",website,tass.ru
РЖД завершили испытания еще одного компонента высокоскоростного поезда,"Испытывалась как сама рама, так и ее основные несущие конструкции",https://tass.ru/ekonomika/27016693,"Mon, 06 Apr 2026 14:53:29 +0300",website,tass.ru
Хамзаев призвал объявить ЧС федерального уровня после непогоды в Дагестане,"Депутат Госдумы отметил, что в некоторых районах республики значительное количество домов не были официально зарегистрированы, что создает трудности с признанием жителей пострадавшими",https://tass.ru/obschestvo/27016223,"Mon, 06 Apr 2026 14:54:17 +0300",website,tass.ru
В Белоруссии не намерены форсировать восстановление отношений с Литвой,"Министр иностранных дел республики Максим Рыженков заявил, что мяч на стороне Вильнюса",https://tass.ru/mezhdunarodnaya-panorama/27016707,"Mon, 06 Apr 2026 14:55:40 +0300",website,tass.ru
"Рублев сообщил, что принял ""лошадиную дозу"" обезболивающих в матче с Боржешем","Теннисист не знает, как его тело будет чувствовать себя завтра",https://tass.ru/sport/27016739,"Mon, 06 Apr 2026 14:56:34 +0300",website,tass.ru
"Рублев: принял ""лошадиную дозу"" обезболивающих в матче с Боржешем","Теннисист не знает, как его тело будет чувствовать себя завтра",https://tass.ru/sport/27016739,"Mon, 06 Apr 2026 14:56:34 +0300",website,tass.ru
"В ""Спартаке"" подтвердили продление контракта с вратарем Максименко",Соглашение футболиста с клубом было рассчитано до июня 2026 года,https://tass.ru/sport/27016741,"Mon, 06 Apr 2026 14:57:14 +0300",website,tass.ru
ТАСС: судья Хахалева принимала решения в пользу уклоняющихся от налогов структур,Ущерб от ее действий составил более 1 млрд рублей,https://tass.ru/proisshestviya/27016757,"Mon, 06 Apr 2026 14:58:15 +0300",website,tass.ru
Судья Арбитражного суда Кубани принимала решения в пользу уклоняющихся от налогов структур,,https://tass.ru/proisshestviya/27016757,"Mon, 06 Apr 2026 14:58:15 +0300",website,tass.ru
Эксперт Михно назвал драйверы роста рынка онлайн-кинотеатров в России,"Ими станут бандлинг и партнерские интеграции, сообщила генеральный директор онлайн-кинотеатра Premier Виктория Михно",https://tass.ru/ekonomika/27016669,"Mon, 06 Apr 2026 14:58:36 +0300",website,tass.ru
ТАСС: из-за неправомерных действий судьи Хахалевой бюджет недополучил 1 млрд рублей,,https://tass.ru/proisshestviya/27016777,"Mon, 06 Apr 2026 14:59:36 +0300",website,tass.ru
"РЖД вновь выставили на продажу небоскреб в ""Москва-Сити"" за 280 млрд руб.",Окончание приема документов назначено на 8 мая 12:00 мск,https://tass.ru/ekonomika/27016783,"Mon, 06 Apr 2026 14:59:56 +0300",website,tass.ru
РЖД вновь выставили на продажу небоскреб в Москве-Сити за 280 млрд руб.,Окончание приема документов назначено на 8 мая 12:00 мск,https://tass.ru/ekonomika/27016783,"Mon, 06 Apr 2026 14:59:56 +0300",website,tass.ru
В ГД предложили ввести регистрацию электровелосипедов в ГИБДД,"По мнению первого замруководителя фракции ""Справедливая Россия"" в Госдуме Дмитрия Гусева, без этих мер невозможно навести порядок на улицах",https://tass.ru/ekonomika/27016791,"Mon, 06 Apr 2026 15:00:05 +0300",website,tass.ru
В Дагестане медики проводят вакцинацию от гепатита А,Медицинские службы работают в усиленном режиме,https://tass.ru/obschestvo/27016771,"Mon, 06 Apr 2026 15:00:07 +0300",website,tass.ru
Юбилейный Московский джазовый фестиваль пройдет с 8 по 14 июня,"На фестивале также выступят Виктор Добронравов & LRK Trio, Петр Налич, Петр Дранга и Бэнд",https://tass.ru/kultura/27016797,"Mon, 06 Apr 2026 15:00:33 +0300",website,tass.ru
"ФАС одобрила приобретение ""Золотым яблоком"" журнала ""Флакон""","Сделка не окажет негативного влияния на состояние конкуренции на рынке СМИ, отметили в службе",https://tass.ru/ekonomika/27016813,"Mon, 06 Apr 2026 15:00:51 +0300",website,tass.ru
NourNews: страны обяжут платить за безопасный проход через Ормузский пролив,"Разрешения будут выдавать всем невраждебным странам, сообщает агентство",https://tass.ru/mezhdunarodnaya-panorama/27016827,"Mon, 06 Apr 2026 15:01:08 +0300",website,tass.ru
В СПЧ предложили создать федеральное агентство для управления заповедниками,Член Совета при президенте РФ по развитию гражданского общества и правам человека Сергей Соловьев призвал повысить статус управления заповедниками,https://tass.ru/politika/27016803,"Mon, 06 Apr 2026 15:01:38 +0300",website,tass.ru
Индонезия заместила ближневосточный сжиженный нефтяной газ поставками из США,"Глава Минэнерго азиатской республики Бахлил Лахадалиа отметил, что запасы энергоресурсов в стране находятся на минимально допустимом уровне, однако ситуация остается под контролем",https://tass.ru/ekonomika/27016833,"Mon, 06 Apr 2026 15:02:04 +0300",website,tass.ru
"""Экономическая правда"": на Украине оборот взяток в ТЦК в год достигает $2,4 млрд","Самые доступные ""услуги"" - вмешательство в воинский учет со снятием с розыска и обновлением данных без последствий",https://tass.ru/obschestvo/27016699,"Mon, 06 Apr 2026 15:02:57 +0300",website,tass.ru
Театр Моссовета впервые за более чем 100 лет отправится в Турцию,"Зрители XXV Международного театрального фестиваля в Адане увидят ""Тартюфа"" Жан-Батиста Мольера в режиссуре худрука театра заслуженного деятеля искусств РФ Евгения Марчелли",https://tass.ru/kultura/27013731,"Mon, 06 Apr 2026 15:03:01 +0300",website,tass.ru
"В Минздраве заявили, что в Дагестане все медикаменты находятся в наличии",В регион направлены главный внештатный специалист-эпидемиолог и специалисты Федерального центра медицины катастроф Минздрава России,https://tass.ru/obschestvo/27016879,"Mon, 06 Apr 2026 15:04:20 +0300",website,tass.ru
Аir India отменила рейсы в Израиль до 31 мая,Решение принято из-за ситуации вокруг Ирана,https://tass.ru/ekonomika/27016859,"Mon, 06 Apr 2026 15:05:06 +0300",website,tass.ru
Мошенники под видом сотрудников ЦБ и ФСБ похитили у кировчанина 47 млн рублей,"По требованиям звонящих потерпевший получил кредит и обналичил со счетов сбережения для последующего ""зачисления на безопасный счет""",https://tass.ru/proisshestviya/27015723,"Mon, 06 Apr 2026 15:06:01 +0300",website,tass.ru
В Москве задержали курьера похитивших 16 млн рублей мошенников,Молодому человеку позвонили под видом работников государственной организации и обманом получили от него код из СМС,https://tass.ru/proisshestviya/27016903,"Mon, 06 Apr 2026 15:06:17 +0300",website,tass.ru
"И слезы, и любовь. Нужна ли фигуристам тема на ""Русском вызове""?","Лучшим на турнире был признан номер Петра Гуменника, который предстал в образе Терминатора",https://tass.ru/sport/27016749,"Mon, 06 Apr 2026 15:07:15 +0300",website,tass.ru
МО Израиля заявило об ударах по крупнейшему нефтехимическому заводу в Иране,"Это центральная цель, на которую приходится около 50% нефтехимического производства страны, отметил израильский министр обороны Исраэль Кац",https://tass.ru/mezhdunarodnaya-panorama/27016915,"Mon, 06 Apr 2026 15:07:33 +0300",website,tass.ru
Во Владимирской области мужчина утонул во время рыбалки,Ведутся поиски второго рыбака,https://tass.ru/proisshestviya/27016891,"Mon, 06 Apr 2026 15:07:57 +0300",website,tass.ru
Названа причина пожара в школе на западе Москвы,В дошкольном отделении произошло возгорание электроприбора для сушки одежды в групповом помещении,https://tass.ru/proisshestviya/27016907,"Mon, 06 Apr 2026 15:08:15 +0300",website,tass.ru
Одна из главных ТЭЦ Кубы вышла из строя,"Практически во всей Гаване нет света, сообщила Кубинская государственная электроэнергетическая компания",https://tass.ru/proisshestviya/27016929,"Mon, 06 Apr 2026 15:08:33 +0300",website,tass.ru
В Челябинской области стабилизировалась паводковая ситуация,Сброс воды на Шершневском водохранилище уменьшили в два раза,https://tass.ru/obschestvo/27016875,"Mon, 06 Apr 2026 15:09:07 +0300",website,tass.ru
Производство продукции фермерских хозяйств выросло после внедрения маркировки,"Показатель увеличился почти на 9% до 72,9 тыс. тонн в 2025 году",https://tass.ru/ekonomika/27016965,"Mon, 06 Apr 2026 15:09:47 +0300",website,tass.ru
Общество глухих разрабатывает программу реабилитации участников СВО,"Она поможет бойцам научиться общаться с семьей и освоить новые виды деятельности, рассказал президент Всероссийского общества глухих Александр Бочков",https://tass.ru/obschestvo/27016717,"Mon, 06 Apr 2026 15:10:33 +0300",website,tass.ru
ДОМ.РФ: новый ГОСТ определил задачи технологий информационного моделирования,"В компании сообщили, что утверждение стандарта стало одним из ключевых шагов на пути к достижению целей нацпроекта ""Инфраструктура для жизни""",https://tass.ru/ekonomika/27016729,"Mon, 06 Apr 2026 15:12:15 +0300",website,tass.ru
Водолацкий назвал бессмысленным и безжалостным удар ВСУ по шахте в ЛНР,"Атака повредила электроподстанцию, произошло аварийное отключение света и горняки не могут подняться на поверхность из-за отсутствия электроэнергии, отметил первый зампред комитета Госдумы по делам СНГ, евразийской интеграции и связям с соотечественниками",https://tass.ru/politika/27016529,"Mon, 06 Apr 2026 15:12:21 +0300",website,tass.ru
Обвиняемого во взятках экс-губернатора Курской области доставили в суд,Алексею Смирнову должны огласить приговор,https://tass.ru/proisshestviya/27016999,"Mon, 06 Apr 2026 15:13:23 +0300",website,tass.ru
Туризм на Северном Кавказе намерены сделать доступнее для глухих,"Президент ВОГ Александр Бочков отметил, что с гидом, который владеет русским жестовым языком, глухим общаться легче, чем просто с переводчиком",https://tass.ru/obschestvo/27016987,"Mon, 06 Apr 2026 15:14:16 +0300",website,tass.ru
Губернатор Лимаренко уволил замминистра образования после обрушения стены школы,Первому заместителю министра строительства объявили выговор,https://tass.ru/politika/27016527,"Mon, 06 Apr 2026 15:14:46 +0300",website,tass.ru
Bloomberg: трафик через Ормузский пролив достиг пика за время войны,Пролив 4-5 апреля прошли 22 судна,https://tass.ru/ekonomika/27017027,"Mon, 06 Apr 2026 15:15:34 +0300",website,tass.ru
Из стихийного захоронения под Северодонецком извлекли еще 12 тел мирных жителей,Для идентификации их личности и установления причин смерти назначили судебные экспертизы,https://tass.ru/proisshestviya/27017005,"Mon, 06 Apr 2026 15:16:43 +0300",website,tass.ru
В Киеве начались экстренные отключения электричества,"""ДТЭК"" уточнил, что ограничения применили по указанию национальной энергетической компании ""Укрэнерго""",https://tass.ru/proisshestviya/27017055,"Mon, 06 Apr 2026 15:18:09 +0300",website,tass.ru
В Дагестане обнаружили тело унесенной потоком воды с дороги женщины,Ее считали пропавшей без вести,https://tass.ru/proisshestviya/27017037,"Mon, 06 Apr 2026 15:18:16 +0300",website,tass.ru
Белоруссия назвала грубым нарушением прав блокировку некоторых СМИ республики в YouTube,"Минск оставляет за собой право отреагировать соответствующим образом, отметили в белорусском МИД",https://tass.ru/mezhdunarodnaya-panorama/27017069,"Mon, 06 Apr 2026 15:19:00 +0300",website,tass.ru
В Дагестане усилят группировку для ликвидации последствий паводка,Дополнительно прибудут 40 специалистов,https://tass.ru/obschestvo/27017075,"Mon, 06 Apr 2026 15:20:02 +0300",website,tass.ru
Актера и режиссера Сергея Быстрицкого похоронили на Алабушевском кладбище,Похороны состоялись 4 апреля,https://tass.ru/obschestvo/27017083,"Mon, 06 Apr 2026 15:23:05 +0300",website,tass.ru
Ленобласть создаст единую службу по борьбе с борщевиком,В 2026 году появится цифровой сервис для сообщений от граждан о растении,https://tass.ru/obschestvo/27016607,"Mon, 06 Apr 2026 15:23:12 +0300",website,tass.ru
ФВСР объявила о кончине тренеров по велоспорту Захарова и Конарева,Причины смерти не уточняются,https://tass.ru/sport/27017115,"Mon, 06 Apr 2026 15:23:44 +0300",website,tass.ru
Посол в Нью-Дели: Иран продолжает экономическое сотрудничество с Индией,"Мохаммад Фатали заявил, что отношения двух стран в послевоенное время станут более перспективными",https://tass.ru/mezhdunarodnaya-panorama/27016457,"Mon, 06 Apr 2026 15:24:00 +0300",website,tass.ru
В Одессе введут трудовую повинность для граждан от 18 до 65 лет,"Это связано с нехваткой рабочих рук, пояснило издание ""Страна""",https://tass.ru/mezhdunarodnaya-panorama/27017121,"Mon, 06 Apr 2026 15:25:33 +0300",website,tass.ru
"""Карандаш-фест"" в Тверской области соберет артистов из России и еще семи стран",На участие в основной программе фестиваля подано уже более сотни заявок,https://tass.ru/obschestvo/27016181,"Mon, 06 Apr 2026 15:26:19 +0300",website,tass.ru
"Уральские газовики устранили 40 дефектов на магистральном газопроводе ""Бухара – Урал""","Специалисты ""Газпром трансгаз Екатеринбург"" повысили надежность газопровода на двух участках первой и третьей ниток",https://tass.ru/v-strane/27017137,"Mon, 06 Apr 2026 15:26:33 +0300",website,tass.ru
В Херсоне произошли взрывы,В контролируемых Киевом районах Херсонской области объявлена воздушная тревога,https://tass.ru/proisshestviya/27017129,"Mon, 06 Apr 2026 15:27:07 +0300",website,tass.ru
Мирошник назвал удар по шахте в ЛНР целенаправленной атакой Киева,"Боевики или точно знали, что в это время горняки находятся под землей, либо максимально стремились угадать в момент удара, что шахтеры будут находиться там, отметил посол по особым поручениям МИД России по вопросам преступлений киевского режима",https://tass.ru/politika/27017147,"Mon, 06 Apr 2026 15:28:11 +0300",website,tass.ru
На конкурс плакатов к 125-летию клоуна Карандаша прислали более 500 работ,Работы финалистов представили на выставке в холле первого этажа Канатного цеха в Санкт-Петербурге,https://tass.ru/obschestvo/27016145,"Mon, 06 Apr 2026 15:28:26 +0300",website,tass.ru
Экс-губернатора Курской области приговорили к 14 годам колонии,Также Алексею Смирнову назначили штраф в размере 400 млн рублей,https://tass.ru/proisshestviya/27017175,"Mon, 06 Apr 2026 15:28:46 +0300",website,tass.ru
Пеклецова не чувствует себя явным лидером лыжных гонок,Спортсменка стала победительницей общего зачета Кубка России,https://tass.ru/sport/27017181,"Mon, 06 Apr 2026 15:29:07 +0300",website,tass.ru
"""Аэроэкспресс"" за январь - март нарастил перевозки на 9%","Количество выросло до 2,2 млн пассажиров",https://tass.ru/ekonomika/27017183,"Mon, 06 Apr 2026 15:30:27 +0300",website,tass.ru
В Киеве проходит митинг родственников пропавших без вести военных ВСУ,Митингующие требуют приравнять пропавших без вести к погибшим в вопросах выплат их семьям,https://tass.ru/mezhdunarodnaya-panorama/27017219,"Mon, 06 Apr 2026 15:31:41 +0300",website,tass.ru
Паводок в Дагестане повредил два фельдшерско-акушерских пункта,Стационары работают в обычном режиме,https://tass.ru/obschestvo/27016951,"Mon, 06 Apr 2026 15:32:14 +0300",website,tass.ru
Угрозы и шантаж мошенников с Украины могли подтолкнуть подростка в Москве отдать $40 тыс.,По данному факту проводится проверка,https://tass.ru/proisshestviya/27017169,"Mon, 06 Apr 2026 15:33:06 +0300",website,tass.ru
"В Москве в ""Аптекарском огороде"" начала цвести сакура","В этом сезоне сакура зацвела на 10 дней раньше, чем в 2025 году",https://tass.ru/obschestvo/27017241,"Mon, 06 Apr 2026 15:34:00 +0300",website,tass.ru
"VK Fest объявил первую волну артистов, которые выступят летом","На сцены выйдут t.A.T.u, Ольга Бузова, ""Агата Кристи"", Лолита, Мари Краймбрери, Zivert, Дора и Boulevard Depo",https://tass.ru/kultura/27017255,"Mon, 06 Apr 2026 15:34:10 +0300",website,tass.ru
ТАСС: дочь экс-главы краевого суда Кубани могла участвовать в нелегальных операциях отца,Александр Чернов в период работы незаконно занимался бизнесом,https://tass.ru/proisshestviya/27017227,"Mon, 06 Apr 2026 15:34:24 +0300",website,tass.ru
"ВС Ирана заявили о готовности воевать столько, сколько сочтет необходимым руководство","Способ ведения военных действий выстроен таким образом, чтобы была возможность вести войну в долгосрочной перспективе, отметил представитель армии исламской республики Мохаммад Акраминия",https://tass.ru/mezhdunarodnaya-panorama/27017269,"Mon, 06 Apr 2026 15:34:44 +0300",website,tass.ru
Энергодар и территория вокруг ЗАЭС 4-5 апреля подверглись атакам ВСУ,"Обстановка стабильно напряженная, но полностью контролируемая, заявила директор по коммуникациям станции Евгения Яшина",https://tass.ru/proisshestviya/27017291,"Mon, 06 Apr 2026 15:36:30 +0300",website,tass.ru
"Фестиваль ""Спасская башня детям - 2026"" определил участников","Участниками станут детские коллективы из Москвы, Санкт-Петербурга, Пскова, Костромы, Орла, Екатеринбурга, Белгородской и Калужской областей, Красноярского и Алтайского края",https://tass.ru/obschestvo/27017187,"Mon, 06 Apr 2026 15:36:44 +0300",website,tass.ru
Первый космонавт Болгарии рассказал о трудностях при сдаче предполетных экзаменов,"Обычно каждый экзамен продолжался около двух часов, отметил Георгий Иванов",https://tass.ru/kosmos/27017277,"Mon, 06 Apr 2026 15:37:43 +0300",website,tass.ru
В Карелии пропавшего в акватории Онежского озера лыжника ищут с 28 марта,В ходе поисков удалось найти его лыжи,https://tass.ru/obschestvo/27017317,"Mon, 06 Apr 2026 15:38:36 +0300",website,tass.ru
"Число турпоездок по России в январе - феврале выросло на 2,6%",Показатель составил 12 млн,https://tass.ru/ekonomika/27017343,"Mon, 06 Apr 2026 15:39:42 +0300",website,tass.ru
"МО подготовило проект указа, упрощающий экспорт вооружения и военной техники","Минобороны будет уполномочено оценивать техническую документацию, связанную с созданием, производством, эксплуатацией и утилизацией вооружения, на предмет ее отнесения к соответствующей категории при вывозе за рубеж",https://tass.ru/armiya-i-opk/27017363,"Mon, 06 Apr 2026 15:39:59 +0300",website,tass.ru
"Опубликовано видео эвакуации горняков из шахты ""Белореченская""",Шахтеров подняли без происшествий,https://tass.ru/obschestvo/27017161,"Mon, 06 Apr 2026 15:40:06 +0300",website,tass.ru
Таиланд рассматривает введение обязательного страхования для туристов,"По данным Минздрава королевства, неоплаченные счета не озаботившихся заранее получением медстраховок иностранных туристов ежегодно превышает 1$3 млн",https://tass.ru/ekonomika/27016937,"Mon, 06 Apr 2026 15:40:33 +0300",website,tass.ru
"В Северной Осетии выезда из России в Грузию ожидают более 2,2 тыс. большегрузов",В электронной очереди зарегистрировано 1 890 машин,https://tass.ru/obschestvo/27017113,"Mon, 06 Apr 2026 15:41:47 +0300",website,tass.ru
В Москве арестовали соучастника разбойного нападения на Строгинском бульваре,Обвиняемый частично признал вину,https://tass.ru/proisshestviya/27017389,"Mon, 06 Apr 2026 15:42:04 +0300",website,tass.ru
В Северной Осетии подготовят аэромобильную группу МЧС для помощи Дагестану,Сергей Меняйло поручил держать на контроле организацию расчистки русел рек и отводных каналов,https://tass.ru/obschestvo/27017381,"Mon, 06 Apr 2026 15:43:09 +0300",website,tass.ru
Оценку за поведение введут во всех школах России с 1 сентября 2027 года,"Апробацию в 2026/2027 учебном году проведут в 10 учебных заведениях каждого региона, сообщили в Минпросвещения",https://tass.ru/obschestvo/27017413,"Mon, 06 Apr 2026 15:43:22 +0300",website,tass.ru
Глава Курчатовского института: опытный образец АЭС для Луны создадут в 2032 году,"Она будет основана на прямом преобразовании, сообщил Михаил Ковальчук",https://tass.ru/nauka/27017417,"Mon, 06 Apr 2026 15:45:24 +0300",website,tass.ru
Генсек СНГ назвал удаление в YouTube белорусских СМИ примером ущемления прав,,https://tass.ru/politika/27017435,"Mon, 06 Apr 2026 15:45:27 +0300",website,tass.ru
"Дневник Льва Юдина выставят на торги ""Литфонда""",Лот на старте оценили в 1 млн рублей,https://tass.ru/ekonomika/27017423,"Mon, 06 Apr 2026 15:46:40 +0300",website,tass.ru
"В Екатеринбурге в ""Кубке Защитников Отечества"" участвуют более 100 ветеранов СВО",Участники продемонстрируют навыки в соревнованиях по спорту лиц с поражением опорно-двигательного аппарата,https://tass.ru/sport/27017449,"Mon, 06 Apr 2026 15:48:57 +0300",website,tass.ru
В России создадут три новых спутника связи и вещания к 2030 году,"Один из аппаратов будет использоваться для трансляции российского телевидения на Латинскую Америку, Африку, Ближний Восток и Европу, сообщили в Минцифры",https://tass.ru/ekonomika/27017485,"Mon, 06 Apr 2026 15:49:23 +0300",website,tass.ru
Иран заявил о проходе малайзийского судна через Ормузский пролив,"Исламская республика ""не забывает своих друзей"", отметили в иранском посольстве в Куала-Лумпуре",https://tass.ru/mezhdunarodnaya-panorama/27017453,"Mon, 06 Apr 2026 15:49:42 +0300",website,tass.ru
В Москве старты новых ЖК сократились почти на 40% с начала 2026 года,"За первые три месяца 2026 года на рынке жилья стартовали пять новых проектов, в 2025 году - восемь",https://tass.ru/nedvizhimost/27017403,"Mon, 06 Apr 2026 15:50:34 +0300",website,tass.ru
В Кузбассе покажут реконструкцию запуска первого полета человека в космос,"Театрализованная реконструкция запланирована 10 апреля во время V Международного фестиваля Юрия Гагарина, который проходит в рамках ""Недели космоса"" в Кемеровской области",https://tass.ru/obschestvo/27017467,"Mon, 06 Apr 2026 15:52:05 +0300",website,tass.ru
Сенатор Кастюкевич призвал ввести мониторинг эффективности молодых законодателей,"Это стратегическая задача, отметил координатор палаты молодых законодателей при Совете Федерации",https://tass.ru/politika/27017505,"Mon, 06 Apr 2026 15:52:14 +0300",website,tass.ru
В Кузбассе из-за талых и грунтовых вод подтоплены три СНТ,Уровень воды составляет 315 см,https://tass.ru/proisshestviya/27017495,"Mon, 06 Apr 2026 15:52:30 +0300",website,tass.ru
Глава Дагестана связал паводки с застройкой русел рек,Сергей Меликов поручил проверить законность выделения участков под строительство в поймах рек,https://tass.ru/obschestvo/27017499,"Mon, 06 Apr 2026 15:53:40 +0300",website,tass.ru
При ударах США по Тегерану ночью погибли семь детей,Одному из них было меньше года,https://tass.ru/mezhdunarodnaya-panorama/27017519,"Mon, 06 Apr 2026 15:55:49 +0300",website,tass.ru
При ударах США по Тегерану ночью погибли семь детей,,https://tass.ru/mezhdunarodnaya-panorama/27017519,"Mon, 06 Apr 2026 15:55:49 +0300",website,tass.ru
В Новороссийске после ночной атаки БПЛА повреждены трубопровод и причал,Также произошло возгорание четырех резервуаров с нефтепродуктами,https://tass.ru/armiya-i-opk/27017561,"Mon, 06 Apr 2026 15:56:11 +0300",website,tass.ru
В Новороссийске после ночной атаки БПЛА пострадали мирные жители,,https://tass.ru/armiya-i-opk/27017561,"Mon, 06 Apr 2026 15:56:11 +0300",website,tass.ru
Центр Израиля подвергся новому обстрелу из Ирана,В районе Тель-Авива произошло несколько взрывов,https://tass.ru/mezhdunarodnaya-panorama/27017567,"Mon, 06 Apr 2026 15:57:02 +0300",website,tass.ru
"В Пушкинском музее открылась выставка ""Беатриса Сандомирская. 1894-1974""",Посетить выставку можно с 7 апреля по 21 июня,https://tass.ru/kultura/27016673,"Mon, 06 Apr 2026 15:57:05 +0300",website,tass.ru
Осужденный экс-губернатор Смирнов посоветуется с адвокатами по обжалованию,Его приговорили к 14 годам колонии строгого режима,https://tass.ru/proisshestviya/27017509,"Mon, 06 Apr 2026 15:57:23 +0300",website,tass.ru
В Дагестане эвакуируют жителей села Андреевка,"Новая волна ливневых осадков обрушилась на регион, спровоцировав повторные подтопления в нескольких муниципалитетах",https://tass.ru/proisshestviya/27017553,"Mon, 06 Apr 2026 15:57:59 +0300",website,tass.ru
МО РФ: Киев атаковал КТК для максимального ущерба компаниям из США и Казахстана,"Компании из этих стран являются крупнейшим акционерам компании, отметили в ведомстве",https://tass.ru/armiya-i-opk/27017537,"Mon, 06 Apr 2026 15:58:03 +0300",website,tass.ru
МО РФ: Киев атаковал объекты КТК для максимального ущерба ее крупнейшим акционерам,,https://tass.ru/armiya-i-opk/27017537,"Mon, 06 Apr 2026 15:58:03 +0300",website,tass.ru
TOLO News: переговоры Афганистана и Пакистана в КНР продлятся до 9 апреля,"Диалог между сторонами оценивается как позитивный, отметил телеканал",https://tass.ru/mezhdunarodnaya-panorama/27017573,"Mon, 06 Apr 2026 15:58:28 +0300",website,tass.ru
Еще два индийских судна с СУГ прошли через Ормузский пролив,"Представитель министерства портов, судоходства и водных путей Индии Мукеш Мангал также сообщил, что в западной части Персидского залива находятся 16 судов под флагом страны",https://tass.ru/ekonomika/27017631,"Mon, 06 Apr 2026 15:59:10 +0300",website,tass.ru
В Подмосковье продлили оранжевый уровень опасности еще на трое суток,Уровень будет действовать из-за возможного подъема уровня воды на реках,https://tass.ru/obschestvo/27017603,"Mon, 06 Apr 2026 16:00:00 +0300",website,tass.ru
В Max появился чат-бот для помощи учителям в сложных ситуациях,Он обеспечит педагогам оперативный доступ к квалифицированной юридической консультации и необходимым документам,https://tass.ru/obschestvo/27017677,"Mon, 06 Apr 2026 16:00:49 +0300",website,tass.ru
Мединский вручил членские билеты Союза писателей России Рубальской и Вассерману,"Лариса Рубальская отметила, что счастлива быть причастной к организации",https://tass.ru/kultura/27017665,"Mon, 06 Apr 2026 16:01:22 +0300",website,tass.ru
ТАСС: судья из Краснодара незаконно вернула имущество преступным авторитетам,Стоимость собственности составила 10 млрд рублей,https://tass.ru/proisshestviya/27017597,"Mon, 06 Apr 2026 16:01:51 +0300",website,tass.ru
Мирошник: Запад блокирует попытки расследовать преступления Киева,"Спонсоры киевского режима на международных площадках предпринимают максимум усилий для того, чтобы Украина не понесла никакой ответственности, отметил посол по особым поручениям МИД России",https://tass.ru/politika/27017685,"Mon, 06 Apr 2026 16:03:01 +0300",website,tass.ru
В школах в России оценка за поведение будет трехбалльной,"Минпросвещения уже подготовлен проект приказа, который включил изменения, устанавливающие требования к оценке поведения",https://tass.ru/obschestvo/27017659,"Mon, 06 Apr 2026 16:03:13 +0300",website,tass.ru
В Грузии введут многократную визу с правом нахождения в стране до года,"Срок ее действия составит пять лет, сообщили в парламенте страны",https://tass.ru/mezhdunarodnaya-panorama/27017699,"Mon, 06 Apr 2026 16:03:15 +0300",website,tass.ru
"Клуб КХЛ ""Авангард"" продлил контракт с нападающим Потуральски",Соглашение рассчитано до конца следующего сезона,https://tass.ru/sport/27017737,"Mon, 06 Apr 2026 16:04:41 +0300",website,tass.ru
Лыжник Коростелев не считает неудачей серебро на молодежном ЧМ,"Россиянин уступил немцу Элиасу Кеку 0,3 секунды",https://tass.ru/sport/27017743,"Mon, 06 Apr 2026 16:05:45 +0300",website,tass.ru
Хинштейн опроверг слухи об отставке председателя правительства Курской области,"Некоторые СМИ ранее заявили, что Александр Чепик покинул пост по собственному желанию",https://tass.ru/obschestvo/27017695,"Mon, 06 Apr 2026 16:06:12 +0300",website,tass.ru
Плач матерей не слышат в Вашингтоне. Там готовят Ирану ад,О последствиях воздушной операции против Ирана для гражданского населения — в материале ТАСС,https://tass.ru/mezhdunarodnaya-panorama/27016163,"Mon, 06 Apr 2026 16:07:20 +0300",website,tass.ru
В МВО с начала года обезвредили более 50 боеприпасов времен ВОВ,"Среди обнаруженных предметов были противотанковые и противопехотные мины, ручные гранаты, артиллерийские и минометные снаряды",https://tass.ru/armiya-i-opk/27017681,"Mon, 06 Apr 2026 16:07:53 +0300",website,tass.ru
Слуцкий: Киев идет на энерготерроризм из-за отсутствия единой поддержки от ЕС,"Все больше политиков возвращаются к здравомыслию, говоря о необходимости пересмотра и отмены санкций против России, отметил глава комитета Госдумы по международным делам",https://tass.ru/politika/27017769,"Mon, 06 Apr 2026 16:08:50 +0300",website,tass.ru
Герой России Болилая подала заявку на праймериз ЕР по выборам в Госдуму,"Людмила Болилая стала первой женщиной, получившей звание Героя РФ за подвиг в ходе специальной военной операции",https://tass.ru/politika/27017765,"Mon, 06 Apr 2026 16:09:01 +0300",website,tass.ru
Устроившему ЧП в уфимской гимназии продлили домашний арест,Мера пресечения будет действовать до 3 июня,https://tass.ru/proisshestviya/27017753,"Mon, 06 Apr 2026 16:09:02 +0300",website,tass.ru
В Старобельске ЛНР МФЦ приостановил работу из-за повреждений от обстрела ВСУ,"В организации добавили, что о возобновлении работы офиса сообщат",https://tass.ru/proisshestviya/27017747,"Mon, 06 Apr 2026 16:09:20 +0300",website,tass.ru
В Краснодаре жители более 20 улиц остались без света,На месте работает аварийная бригада,https://tass.ru/proisshestviya/27017789,"Mon, 06 Apr 2026 16:11:15 +0300",website,tass.ru
"Вяльбе считает, что Большунов пропустил Олимпиаду из-за несправедливости",Российский лыжник получил отказ в предоставлении нейтрального статуса,https://tass.ru/sport/27017793,"Mon, 06 Apr 2026 16:12:43 +0300",website,tass.ru
"Платформа ""Совкомбанк про добро"" запустила акцию в поддержку людей с аутизмом","Пользователи могут сделать пожертвование на лечение, реабилитацию и поддержку на особых условиях",https://tass.ru/obschestvo/27017735,"Mon, 06 Apr 2026 16:13:29 +0300",website,tass.ru
"Актрису сериала ""СашаТаня"" Рубцову внесли в базу ""Миротворца""","Владельцы сайта указали причиной заявление артистки о том, что она всегда считала Крым российским",https://tass.ru/mezhdunarodnaya-panorama/27017795,"Mon, 06 Apr 2026 16:14:07 +0300",website,tass.ru
"Правда ли, что в России ужесточили штрафы за превышение скорости?",,https://tass.ru/obschestvo/27017061,"Mon, 06 Apr 2026 16:15:01 +0300",website,tass.ru
"Взятки, стройка и фортификации. Главное о деле экс-губернатора Курской области Смирнова",Ленинский районный суд Курска 6 апреля 2026 года приговорил Смирнова к 14 годам колонии строгого режима и штрафу в размере 400 млн рублей по делу о получении взяток,https://tass.ru/info/27017507,"Mon, 06 Apr 2026 16:15:40 +0300",website,tass.ru
"ТАСС: пожизненно осужденный соучастник теракта в ""Крокусе"" покончил с собой в СИЗО",Речь идет о пособнике исполнителей теракта Якубджони Юсуфзоде,https://tass.ru/proisshestviya/27017821,"Mon, 06 Apr 2026 16:15:55 +0300",website,tass.ru
Мирошник: в марте от ударов ВСУ пострадали более 800 россиян,"Это в 1,5 раза больше, чем в феврале, уточнил посол по особым поручениям МИД России",https://tass.ru/politika/27017805,"Mon, 06 Apr 2026 16:16:20 +0300",website,tass.ru
Хинштейн рассказал о расследовании коррупционных дел в Курской области,"По ним проходит в том числе и бывший губернатор Алексей Смирнов, уточнил глава региона",https://tass.ru/proisshestviya/27017817,"Mon, 06 Apr 2026 16:16:45 +0300",website,tass.ru
"Сеул намерен обратиться к Эр-Рияду, Маскату и Алжиру в поисках путей ввоза нефти","Республика Корея направит в Саудовскую Аравию, Оман и Алжир спецпосланников в рамках миссии по поиску альтернативных маршрутов доставки нефти в обход Ормузского пролива, сообщил депутат от правящей Демократической партии",https://tass.ru/ekonomika/27017779,"Mon, 06 Apr 2026 16:18:07 +0300",website,tass.ru
Tasnim: еще один нефтехимический комплекс на юге Ирана подвергся ударам,Работа предприятия не была нарушена,https://tass.ru/mezhdunarodnaya-panorama/27017827,"Mon, 06 Apr 2026 16:18:09 +0300",website,tass.ru
Жители Севастополя в 2025 году стали активнее подключать радиоточки в домах,"В общей сложности радиоточки действуют в более чем 2,7 тыс. многоквартирных домов и почти 300 учреждениях социальной сферы, отметил официальный представитель компании ""Российские сети вещания и оповещения"" Даниил Проскурин",https://tass.ru/obschestvo/27017445,"Mon, 06 Apr 2026 16:18:24 +0300",website,tass.ru
РАН предложили готовить космонавтов-ученых для Российской орбитальной станции,"Среди обязательных критериев для их работы представитель РКК ""Энергия"" назвал наличие программы целевой работы, комплекса высокотехнологичной аппаратуры для получения и обработки научной информации, подготовку космонавтов-ученых без отрыва от их основной исследовательской работы",https://tass.ru/kosmos/27017845,"Mon, 06 Apr 2026 16:18:39 +0300",website,tass.ru
Хинштейн назвал приговор курскому экс-губернатору приговором масштабной коррупции,"Губернатор Курской области отметил, что коррупция ""цвела в регионе пышным цветом последние годы""",https://tass.ru/obschestvo/27017887,"Mon, 06 Apr 2026 16:20:31 +0300",website,tass.ru
"Исламабад потребовал признать террористическим ""Движение талибов Пакистана""","По данным издания The Express Tribune, требования являются ключевыми на переговорах по урегулированию конфликта на границе",https://tass.ru/mezhdunarodnaya-panorama/27017867,"Mon, 06 Apr 2026 16:20:59 +0300",website,tass.ru
МИД РФ назвал враждебным шагом сотрудничество Японии и Украины по беспилотникам,"Токио все глубже втягивается в украинский конфликт, оказывая помощь киевскому режиму, отметила официальный представитель российского дипведомства Мария Захарова",https://tass.ru/politika/27017893,"Mon, 06 Apr 2026 16:22:30 +0300",website,tass.ru
Умерла ветеран Великой Отечественной войны Полина Громова,Ей было 104 года,https://tass.ru/obschestvo/27017837,"Mon, 06 Apr 2026 16:22:46 +0300",website,tass.ru
"ТЦ ""Гиант"" в Калининграде после пожара не сможет продолжить работу","Здание сильно повреждено огнем, сообщили в пресс-службе правительства региона",https://tass.ru/obschestvo/27017859,"Mon, 06 Apr 2026 16:23:05 +0300",website,tass.ru
Мирошник: Киев убивает и калечит жителей оставляемых ВСУ поселений,"В Верховной раде Украины официально разрешили насильственно изымать детей у родителей, которые отказываются покинуть ""зону принудительной эвакуации"", рассказал посол по особым поручениям МИД России",https://tass.ru/politika/27017931,"Mon, 06 Apr 2026 16:26:04 +0300",website,tass.ru
В Гааге около 100 человек собрались на марш против милитаризации Нидерландов,"Протестующие призвали власти сосредоточиться на ""международном сотрудничестве для решения глобальных проблем, включая климатический кризис""",https://tass.ru/obschestvo/27017611,"Mon, 06 Apr 2026 16:26:52 +0300",website,tass.ru
Депутаты Госдумы от КЧР отправили в Дагестан 20 тонн питьевой воды,"Новая волна ливневых осадков обрушилась на регион, спровоцировав повторные подтопления в нескольких муниципалитетах",https://tass.ru/obschestvo/27017941,"Mon, 06 Apr 2026 16:28:09 +0300",website,tass.ru
В Тюменской области выписали из больницы раненного на детской площадке ребенка,Мальчика направили на амбулаторное лечение,https://tass.ru/obschestvo/27017943,"Mon, 06 Apr 2026 16:30:00 +0300",website,tass.ru
"Мирошник сообщил, что в марте из-за ударов ВСУ погибли 10 медиков","Посол по особым поручениям МИД России также заявил, что порядка 18 сотрудников спасательных служб получили ранения во время работы на местах атак украинской армии",https://tass.ru/politika/27017961,"Mon, 06 Apr 2026 16:31:11 +0300",website,tass.ru
Лыжница Пеклецова не ориентировалась на Непряеву в финале Кубка России,Соревнования прошли в Кировске,https://tass.ru/sport/27018009,"Mon, 06 Apr 2026 16:32:09 +0300",website,tass.ru
В Свердловской области предложили ограничить продажу алкоголя с 22:00 до 09:00,"Ограничения не коснутся кафе, ресторанов и предприятий общепита, площадь залов которых превышает 30 кв. м",https://tass.ru/obschestvo/27017951,"Mon, 06 Apr 2026 16:32:24 +0300",website,tass.ru
Лавров назвал укрепление связей с исламскими странами одним из приоритетов РФ,"Глава МИД России заявил, что межнациональное и межконфессиональное согласие ""были и остаются важнейшими элементами многовековой российской государственности""",https://tass.ru/politika/27018029,"Mon, 06 Apr 2026 16:32:30 +0300",website,tass.ru
ТАСС: Фидан обсудил с Арагчи конфликт вокруг Ирана,О телефонном разговоре главы МИД Турции с иранским коллегой рассказал источник в турецком министерстве,https://tass.ru/mezhdunarodnaya-panorama/27017999,"Mon, 06 Apr 2026 16:32:40 +0300",website,tass.ru
Fox: в США экстренно сел небольшой самолет на оживленное шоссе,У него возникли проблемы с двигателем,https://tass.ru/proisshestviya/27017997,"Mon, 06 Apr 2026 16:32:41 +0300",website,tass.ru
Число жертв израильских ударов по Ливану с 2 марта превысило 1 497,Пострадали еще 4 639 человек,https://tass.ru/mezhdunarodnaya-panorama/27018057,"Mon, 06 Apr 2026 16:33:12 +0300",website,tass.ru
Лавров: контакты РФ с исламскими странами важны на фоне ближневосточного кризиса,"Между сторонами налажен доверительный диалог, подчеркнул глава МИД России",https://tass.ru/politika/27018037,"Mon, 06 Apr 2026 16:33:29 +0300",website,tass.ru
КНДР приняла извинения президента Республики Корея за запуск дронов,"Заведующая отделом ЦК ТПК Ким Ё Чжон подчеркнула, что Сеул должен не только на словах говорить о важности мира и стабильности, но и на деле прекратить ""безрассудные провокации",https://tass.ru/mezhdunarodnaya-panorama/27018049,"Mon, 06 Apr 2026 16:35:12 +0300",website,tass.ru
На X Международном форуме труда обсудят внедрение ИИ в работу,Мероприятие пройдет с 8 по 10 апреля в Петербурге,https://tass.ru/obschestvo/27017851,"Mon, 06 Apr 2026 16:35:48 +0300",website,tass.ru
"""Автостат"": Tenet T7 вернул себе звание самого продаваемого кроссовера в России",В тройку лидеров также вошли Haval Jolion и Lada Niva Travel,https://tass.ru/ekonomika/27018063,"Mon, 06 Apr 2026 16:36:02 +0300",website,tass.ru
Туроператоры не получали от туристов в Дагестане обращений за помощью,"Экскурсии проходят по графику, сообщила Ассоциация туроператоров России",https://tass.ru/ekonomika/27018069,"Mon, 06 Apr 2026 16:37:54 +0300",website,tass.ru
"Мирошник: в марте после ударов ВСУ без света остались около 1,3 млн абонентов","Посол по особым поручениям МИД РФ заявил, что Киев намеренно создавал невыносимые условия жизни для россиян, атакуя энергообъекты",https://tass.ru/politika/27018105,"Mon, 06 Apr 2026 16:39:29 +0300",website,tass.ru
Спекцор ТАСС на МКС Кудь-Сверчков выйдет в прямой эфир на радио,"На радиостанции ""Коммерсантъ FM"" подчеркнули, что это первый случай в истории вещания, когда сигнал преодолеет свыше 400 км воздушного пространства",https://tass.ru/kosmos/27018137,"Mon, 06 Apr 2026 16:40:38 +0300",website,tass.ru
"РКК ""Энергия"": США предлагают использовать опыт России для затопления МКС","Метод управляемого схода с орбиты станции ""Мир"" - это тоже очень серьезная работа, отметил генеральный конструктор - заместитель генерального директора РКК Владимир Соловьев",https://tass.ru/kosmos/27018119,"Mon, 06 Apr 2026 16:41:01 +0300",website,tass.ru
"Минфин Пакистана утверждает, что запасов нефти в стране хватит на 12 дней","Ведомство также отметило, что нефтеперерабатывающие заводы работают на оптимальном уровне",https://tass.ru/ekonomika/27018145,"Mon, 06 Apr 2026 16:41:57 +0300",website,tass.ru
Замглавы администрации Сочи оставили под стражей,Евгения Горобца обвиняют в злоупотреблении полномочиями,https://tass.ru/proisshestviya/27018161,"Mon, 06 Apr 2026 16:42:14 +0300",website,tass.ru
Уровень удовлетворенности горячим кофе в ретейле приблизился к показателю кофеен,"По оценке вкуса горячего кофе, наиболее высокие показатели отмечены у ""Перекрестка"" - напиток понравился 78% покупателей",https://tass.ru/ekonomika/27018117,"Mon, 06 Apr 2026 16:42:45 +0300",website,tass.ru
Атака БПЛА на объекты КТК и попытка дестабилизации рынка углеводородов. Главное,"Целью атаки было нанесение максимального экономического ущерба крупнейшим акционерам - энергетическим компаниям из США и Казахстана, сообщили в Минобороны России",https://tass.ru/armiya-i-opk/27017995,"Mon, 06 Apr 2026 16:43:30 +0300",website,tass.ru
МККК: просчеты при атаках на ядерные объекты Ирана чреваты необратимыми последствиями,"Специалисты по всему Ближнему Востоку ""наблюдают разрушение инфраструктуры, жизненно важной для гражданского населения"", отметила президент Международного комитета Красного Креста Мирьяна Сполярич",https://tass.ru/mezhdunarodnaya-panorama/27018167,"Mon, 06 Apr 2026 16:44:00 +0300",website,tass.ru
Индонезия повысила топливный сбор для национальных авиакомпаний на 38%,"Как пишет газета Jakarta Globe, решение правительства обусловлено ростом мировых цен на энергоносители в условиях геополитической напряженности",https://tass.ru/ekonomika/27018175,"Mon, 06 Apr 2026 16:44:08 +0300",website,tass.ru
Жителей Дагестана призвали пить только кипяченую воду,В Минздраве региона напомнили о соблюдении мер гигиены в первые дни после наводнения,https://tass.ru/obschestvo/27018129,"Mon, 06 Apr 2026 16:44:53 +0300",website,tass.ru
По делу о хищении через фиктивное трудоустройство в академию МО вынесли приговор,"Сотрудники Военно-космической академии имени А. Ф. Можайского Минобороны России Кирилл Цветков, Андрей Назаров, Владимир Авдеев и Артемий Павлов признаны виновными в мошенничестве при исполнении государственного оборонного заказа",https://tass.ru/proisshestviya/27018151,"Mon, 06 Apr 2026 16:45:14 +0300",website,tass.ru
На Запорожье при атаке украинского БПЛА пострадали трое сотрудников МЧС,Они тушили возгорание в частном доме в Васильевском районе,https://tass.ru/proisshestviya/27018187,"Mon, 06 Apr 2026 16:45:31 +0300",website,tass.ru
Туск обвинил Навроцкого во втягивании Польши в операцию против Ирана,"Пресс-секретарь польского лидера Рафал Леськевич назвал премьера ""оторванным от реальности"" и обвинил в манипуляциях в соцсетях",https://tass.ru/mezhdunarodnaya-panorama/27018193,"Mon, 06 Apr 2026 16:46:11 +0300",website,tass.ru
"В Дагестане от непогоды пострадали 15,5 тыс. человек","Они имеют право претендовать на материальную помощь от властей, отметил глава региона Сергей Меликов",https://tass.ru/proisshestviya/27018215,"Mon, 06 Apr 2026 16:46:23 +0300",website,tass.ru
"Экс-генсека Совета Европы Ягланда внесли в базу ""Миротворца""","Авторы ресурса обвинили его в якобы многолетней деятельности по реализации политических целей России в Европе, назвав его агентом влияния в европейских структурах управления",https://tass.ru/mezhdunarodnaya-panorama/27018205,"Mon, 06 Apr 2026 16:46:49 +0300",website,tass.ru
От Прохорова до Смирнова. Кто из глав регионов был приговорен к реальным срокам заключения,Всего с 1996 года к уголовной ответственности привлекли 20 действующих и 18 бывших глав регионов,https://tass.ru/info/17017975,"Mon, 06 Apr 2026 16:47:00 +0300",website,tass.ru
Балицкий оценил повреждения системы энергоснабжения Запорожской области,"Отключения электроэнергии будут повторяться, предупредил глава региона",https://tass.ru/proisshestviya/27018225,"Mon, 06 Apr 2026 16:47:30 +0300",website,tass.ru
Система энергоснабжения Запорожской области получила повреждения из-за атак ВСУ,,https://tass.ru/proisshestviya/27018225,"Mon, 06 Apr 2026 16:47:30 +0300",website,tass.ru
Российские юниорки стали победительницами волейбольного турнира в Италии,"В финале россиянки обыграли итальянскую команду ""Арджентарио""",https://tass.ru/sport/27018237,"Mon, 06 Apr 2026 16:48:31 +0300",website,tass.ru
Российские юниорки выиграли волейбольный турнир в Италии,"В финале россиянки победили итальянскую команду ""Арджентарио""",https://tass.ru/sport/27018237,"Mon, 06 Apr 2026 16:48:31 +0300",website,tass.ru
ДОМ.РФ прогнозирует снижение ставок по ипотеке к концу года при текущей политике ЦБ,"Показатель может опуститься ниже ""психологической отметки"" в 15% при ключевой ставке Банка России в 12-13%",https://tass.ru/nedvizhimost/27018233,"Mon, 06 Apr 2026 16:49:37 +0300",website,tass.ru
ТАСС: в Дагестане число заболевших кишечной инфекцией превысило 50 человек,Предварительной причиной отравления считается употребление некачественной питьевой воды,https://tass.ru/proisshestviya/27018245,"Mon, 06 Apr 2026 16:50:49 +0300",website,tass.ru
В Нижнем Новгороде из-за паводка ввели режим повышенной готовности,Также в городе сформировали девять противопаводковых отрядов,https://tass.ru/obschestvo/27018221,"Mon, 06 Apr 2026 16:51:00 +0300",website,tass.ru
В школе им. А. С. Пушкина в Ашхабаде началась Неделя космоса,"В рамках недели пройдут викторины на космическую тематику для старшеклассников, интерактивные лекции, урок ""Космос - наше все""",https://tass.ru/kosmos/27018183,"Mon, 06 Apr 2026 16:52:32 +0300",website,tass.ru
В Румынии задержали двух украинцев за попытку отправить взрывчатку курьерами,"Обе посылки, адресат которых не раскрывается, уничтожены",https://tass.ru/mezhdunarodnaya-panorama/27018291,"Mon, 06 Apr 2026 16:53:42 +0300",website,tass.ru
В Омске вывели сорт многолетней засухоустойчивой кормовой культуры,Его рекомендуют для возделывания в районах степной и лесостепной зон Зауралья и Сибири,https://tass.ru/nauka/27018271,"Mon, 06 Apr 2026 16:53:59 +0300",website,tass.ru
В Дагестане упростят систему оформления документов для пострадавших от непогоды,"Речь идет о документах, необходимых для получения помощи",https://tass.ru/obschestvo/27018309,"Mon, 06 Apr 2026 16:54:30 +0300",website,tass.ru
В Дагестане упростят систему оформления документов для пострадавших от непогоды,,https://tass.ru/obschestvo/27018309,"Mon, 06 Apr 2026 16:54:30 +0300",website,tass.ru
В России в I квартале рынок тяжелых грузовиков сократился на 30%,"Лидером рынка остается ""Камаз"", доля которого составила почти 35%",https://tass.ru/ekonomika/27018277,"Mon, 06 Apr 2026 16:54:44 +0300",website,tass.ru
"Мирошник: ВСУ в марте выпустили по РФ на 2 тыс. больше боеприпасов, чем в феврале","Кроме того, по словам посла по особым поручениям МИД России, украинские войска в марте увеличили применение оружия НАТО для атак по регионам",https://tass.ru/politika/27018315,"Mon, 06 Apr 2026 16:55:12 +0300",website,tass.ru
De Dagelijkse Standaard: в Нидерландах изъяли запасы нелегального дизеля,Полиция обнаружила восемь больших емкостей с топливом в многоквартирном доме в Гааге,https://tass.ru/proisshestviya/27018281,"Mon, 06 Apr 2026 16:56:33 +0300",website,tass.ru
В Белгородской области при атаках БПЛА ВСУ пострадали три человека,Вооруженные силы Украины атаковали город Белгород и Шебекинский округ,https://tass.ru/proisshestviya/27018329,"Mon, 06 Apr 2026 16:56:47 +0300",website,tass.ru
ТАСС: число погибших при атаке ВСУ на сухогруз в Азовском море достигло трех,На борту нашли два обгоревших тела членов экипажа,https://tass.ru/proisshestviya/27018363,"Mon, 06 Apr 2026 16:57:12 +0300",website,tass.ru
На борту атакованного БПЛА ВСУ сухогруза нашли два обгоревших тела,,https://tass.ru/proisshestviya/27018363,"Mon, 06 Apr 2026 16:57:12 +0300",website,tass.ru
ТАСС: атакованный БПЛА в Азовском море сухогруз отбуксировали в село Кучугуры,"Судно выгорело и начало тонуть, сообщили в оперативных службах",https://tass.ru/proisshestviya/27018343,"Mon, 06 Apr 2026 16:57:38 +0300",website,tass.ru
Атакованный БПЛА в Азовском море сухогруз отбуксировали в Краснодарский край,,https://tass.ru/proisshestviya/27018343,"Mon, 06 Apr 2026 16:57:38 +0300",website,tass.ru
Прения по делу американца Гилмана о нападении на сотрудника ФСИН пройдут 24 апреля,"Ожидается, что гособвинение запросит наказание, сообщила адвокат подсудимого Ирина Бражникова",https://tass.ru/proisshestviya/27018083,"Mon, 06 Apr 2026 16:58:24 +0300",website,tass.ru
От Екатерины II до 2027 года. Как оценивали поведение учеников в России,С 1 сентября 2027 года во всех школах России будет внедрена оценка за поведение,https://tass.ru/info/24924979,"Mon, 06 Apr 2026 16:59:00 +0300",website,tass.ru
После гибели людей при перевозке по затопленным дорогам Дагестана завели дела,Водитель перевез пять пассажиров несмотря на прорыв земляного вала Геджухского водохранилища и подтопление участка дороги и мостового перехода,https://tass.ru/proisshestviya/27018383,"Mon, 06 Apr 2026 16:59:53 +0300",website,tass.ru
После гибели людей при перевозке по затопленным дорогам в Дагестане завели два дела,,https://tass.ru/proisshestviya/27018383,"Mon, 06 Apr 2026 16:59:53 +0300",website,tass.ru
"""Просвещение - Союз"" запускает импринт ""Книгусь""","Как отмечают в пресс-службе издательства, миссия ""Книгусь"" - создание детской литературы нового поколения",https://tass.ru/kultura/27018253,"Mon, 06 Apr 2026 16:59:55 +0300",website,tass.ru
Четыре войны и одна тишина. Как хирург Николай Склифосовский не смог спасти свою семью,Дмитрий Асташкин — о трагической судьбе выдающегося русского хирурга и его родных,https://tass.ru/opinions/27015791,"Mon, 06 Apr 2026 17:00:00 +0300",website,tass.ru
Белый дом назвал перемирие на 45 дней лишь одной из идей в диалоге США и Ирана,"Американский лидер Дональд Трамп дополнительно выскажется на этот счет на пресс-конференции, заявил представитель Белого дома",https://tass.ru/mezhdunarodnaya-panorama/27018395,"Mon, 06 Apr 2026 17:01:15 +0300",website,tass.ru
Белый дом назвал перемирие на 45 дней лишь одной из идей в диалоге США и Ирана,,https://tass.ru/mezhdunarodnaya-panorama/27018395,"Mon, 06 Apr 2026 17:01:15 +0300",website,tass.ru
Число погибших из-за непогоды в Дагестане детей увеличилось до трех,,https://tass.ru/proisshestviya/27018403,"Mon, 06 Apr 2026 17:01:42 +0300",website,tass.ru
В РФ школы проведут памятные мероприятия о жертвах геноцида советского народа,"В план декады вошли 54 мероприятия, среди них - международные, всероссийские, межрегиональные марафоны, форумы, конференции, фестивали, циклы воспитательных занятий и многое другое, отметил министр просвещения Сергей Кравцов",https://tass.ru/obschestvo/27018417,"Mon, 06 Apr 2026 17:02:38 +0300",website,tass.ru
Лыжница Пеклецова надеется выспаться после окончания сезона,"По ее словам, это тяжело было сделать из-за постоянных разъездов во время сезона",https://tass.ru/sport/27018421,"Mon, 06 Apr 2026 17:04:14 +0300",website,tass.ru
ЦАХАЛ заявил о завершении еще одной масштабной волны ударов по Ирану,Атакам подверглись объекты инфраструктуры в Тегеране и по всей территории исламской республики,https://tass.ru/mezhdunarodnaya-panorama/27018427,"Mon, 06 Apr 2026 17:04:26 +0300",website,tass.ru
Глава МО Белоруссии подтвердил готовность взаимодействовать по развитию ОДКБ,Виктор Хренин ознакомил генсека организации с текущей военно-политической обстановкой в восточно-европейском регионе коллективной безопасности,https://tass.ru/mezhdunarodnaya-panorama/27018441,"Mon, 06 Apr 2026 17:04:49 +0300",website,tass.ru
"Лавров: форум ""Россия - Исламский мир"" поможет укрепить доверие между РФ и ОИС","По словам министра иностранных дел, ""хорошие заделы"" для сотрудничества есть на гуманитарном направлении, в сферах культуры, образования, науки",https://tass.ru/politika/27018447,"Mon, 06 Apr 2026 17:06:03 +0300",website,tass.ru
В ОДКБ призвали уходить от двойных стандартов в международном праве,"По словам генсека Организации Таалатбека Масадыкова, в военных конфликтах зачастую заинтересованы те, кто зарабатывает деньги на них",https://tass.ru/mezhdunarodnaya-panorama/27018465,"Mon, 06 Apr 2026 17:06:36 +0300",website,tass.ru
В Северной Осетии состоится дирижерский дебют Абисала Гергиева,Мероприятие пройдет 9 апреля в Концертном зале филиала Мариинского театра в РСО-Алания,https://tass.ru/obschestvo/27018391,"Mon, 06 Apr 2026 17:06:50 +0300",website,tass.ru
Хуснуллин отметил особую значимость партнерства РФ с мусульманскими странами,"Вице-премьер заявил, что ""Россия находится под давлением коллективного Запада, а регион Ближнего Востока находится под беспрецедентной агрессией""",https://tass.ru/politika/27018481,"Mon, 06 Apr 2026 17:08:40 +0300",website,tass.ru
Во Владимирской области на Оке нашли тело второго рыбака,До этого сотрудники полиции извлекли из воды тело одного из рыбаков,https://tass.ru/proisshestviya/27018477,"Mon, 06 Apr 2026 17:09:07 +0300",website,tass.ru
"Севастопольский театр оперы и балета покажет постановку ""Грозовой перевал"" в Красноярске","Эта постановка номинирована на национальную театральную премию ""Золотая маска"" в 2026 году",https://tass.ru/kultura/27018097,"Mon, 06 Apr 2026 17:09:46 +0300",website,tass.ru
В Подмосковье модернизировали свыше 300 общественных пространств с 2019 года,За этот период также благоустроили 69 активных зон отдыха,https://tass.ru/obschestvo/27018495,"Mon, 06 Apr 2026 17:09:50 +0300",website,tass.ru
В Москве пройдет гранд бал стран БРИКС,"Форум станет не только площадкой для общения политиков, ученых и бизнесменов, но и наладит диалог культур, отметили организаторы",https://tass.ru/obschestvo/27018487,"Mon, 06 Apr 2026 17:11:59 +0300",website,tass.ru
Министр юстиции Польши примет окончательное решение об экстрадиции Бутягина,"Польский суд решает только один вопрос - допустима ли экстрадиция с точки зрения закона, отметили близкие ученого",https://tass.ru/proisshestviya/27018519,"Mon, 06 Apr 2026 17:13:46 +0300",website,tass.ru
В России в марте импорт новых легковых авто вырос на 40%,"Показатель составил 33,3 тыс. единиц",https://tass.ru/ekonomika/27018535,"Mon, 06 Apr 2026 17:15:36 +0300",website,tass.ru
ТАСС публикует кадры крушения атакованного БПЛА сухогруза в Азовском море,"По информации оперативных служб, на борту обнаружили два обгоревших тела",https://tass.ru/proisshestviya/27018493,"Mon, 06 Apr 2026 17:16:12 +0300",website,tass.ru
Пезешкиан выразил соболезнования семье убитого главы разведки КСИР,Президент Ирана отметил самоотверженность Маджида Хадеми во время ирано-иракской войны,https://tass.ru/mezhdunarodnaya-panorama/27018555,"Mon, 06 Apr 2026 17:17:03 +0300",website,tass.ru
Хуснуллин: РФ готова делиться опытом и технологиями с мусульманскими странами,Вице-премьер России отметил необходимость развивать и создавать логистические маршруты,https://tass.ru/politika/27018573,"Mon, 06 Apr 2026 17:17:40 +0300",website,tass.ru
"""Победа"" выделила дополнительный борт для пассажиров рейса Стамбул - Москва","Рейс был задержан из-за технических неполадок, сообщило генконсульство России",https://tass.ru/ekonomika/27018579,"Mon, 06 Apr 2026 17:19:57 +0300",website,tass.ru
ЦАХАЛ заявил о серии ударов по аэродромам в Тегеране,"Целями стали Бахрам и Азмайеш, а также тегеранский международный аэропорт Мехрабад, отметили в пресс-службе израильской армии",https://tass.ru/mezhdunarodnaya-panorama/27018591,"Mon, 06 Apr 2026 17:20:18 +0300",website,tass.ru
В Дербентский район Дагестана прибыли сотни волонтеров,Они помогают справиться с последствиями стихии жителям села Мамедкала,https://tass.ru/obschestvo/27018615,"Mon, 06 Apr 2026 17:27:27 +0300",website,tass.ru
В Индии цены на зерно остаются стабильными на фоне конфликта на Ближнем Востоке,"Устойчивость обеспечивается за счет продаж из государственных запасов на открытом рынке, отметила представитель министерства по делам потребителей, продовольствия и государственного распределения С. Шикха",https://tass.ru/mezhdunarodnaya-panorama/27018549,"Mon, 06 Apr 2026 17:27:32 +0300",website,tass.ru
Дело против мирового судьи из Кабардино-Балкарии передали в суд,Мухамеда Темботова обвиняют в получении взятки,https://tass.ru/proisshestviya/27018623,"Mon, 06 Apr 2026 17:29:18 +0300",website,tass.ru
"КДК РФС рассмотрит интервью тренера махачкалинского ""Динамо"" Евсеева",Наставник махачкалинской команды использовал нецензурную лексику в послематчевом интервью,https://tass.ru/sport/27018649,"Mon, 06 Apr 2026 17:29:29 +0300",website,tass.ru
"ТАСС: поставщик оружия по делу ""Крокуса"" дважды пытался покончить с собой",Сотрудники СИЗО вовремя оказали ему медицинскую помощь,https://tass.ru/proisshestviya/27018663,"Mon, 06 Apr 2026 17:30:42 +0300",website,tass.ru
"Эксперт Лю: запуск CSST на орбиту ""Тяньгуна"" ускорит поиски темной энергии","Приборы помогут раскрыть природу источников космических лучей, отметил заместитель директора Технологического и инженерного центра использования космоса КАН",https://tass.ru/nauka/27018659,"Mon, 06 Apr 2026 17:31:16 +0300",website,tass.ru
"Ученый Гладилин назвал фестиваль ""Наука 0+"" эталоном в популяризации исследований",Международный фестиваль проводится в России и за рубежом с 2006 года,https://tass.ru/nauka/27018651,"Mon, 06 Apr 2026 17:31:55 +0300",website,tass.ru
"Эксперт Гладилин назвал ""Науку 0+"" мировым эталоном в популяризации исследований",Международный фестиваль проводится в России и за рубежом с 2006 года,https://tass.ru/nauka/27018651,"Mon, 06 Apr 2026 17:31:55 +0300",website,tass.ru
В ДНР ожидаются масштабные отключения электроэнергии после атак ВСУ,"Специалистам пока не удалось полностью стабилизировать напряжение в сети, сообщил премьер-министр республики Андрей Чертков",https://tass.ru/proisshestviya/27018655,"Mon, 06 Apr 2026 17:31:57 +0300",website,tass.ru
Лыжница Пеклецова оценила работу Вяльбе на посту президента ФЛГР,Вяльбе покинет свой пост в связи с объединением федераций лыжных видов спорта и сноуборда,https://tass.ru/sport/27018671,"Mon, 06 Apr 2026 17:32:09 +0300",website,tass.ru
СРНА: сын Трампа в ближайшее время посетит Республику Сербскую,Дональд Трамп - младший проведет в Баня-Луке несколько встреч с предпринимателями,https://tass.ru/mezhdunarodnaya-panorama/27018689,"Mon, 06 Apr 2026 17:33:21 +0300",website,tass.ru
Сирия продлила запрет на полеты в своем воздушном пространстве,Ограничения будут действовать до 00:00 мск 8 апреля,https://tass.ru/mezhdunarodnaya-panorama/27018673,"Mon, 06 Apr 2026 17:33:32 +0300",website,tass.ru
ТАСС: Сирия продлила запрет на полеты в своем воздушном пространстве,Ограничения будут действовать до 00:00 мск 8 апреля,https://tass.ru/mezhdunarodnaya-panorama/27018673,"Mon, 06 Apr 2026 17:33:32 +0300",website,tass.ru
В Дагестане восстановили газоснабжение трех населенных пунктов,Восстановительные работы были затруднены сложными погодными условиями,https://tass.ru/obschestvo/27018683,"Mon, 06 Apr 2026 17:35:35 +0300",website,tass.ru
На Украине сотрудник ТЦК задекларировал золото в слитках и наличные на $219 тыс.,"При этом его официальный годовой доход составил $7,6 тыс., пишет издание ""Экономическая правда""",https://tass.ru/obschestvo/27018707,"Mon, 06 Apr 2026 17:37:59 +0300",website,tass.ru
The Globe and Mail: Трамп отказался от идеи включения Канады в состав США,"Американский лидер объяснил свою позицию длительным периодом канадского суверенитета, а также сохраняющимися связями страны с британской монархией",https://tass.ru/mezhdunarodnaya-panorama/27018705,"Mon, 06 Apr 2026 17:38:03 +0300",website,tass.ru
Стихия вернулась: Дагестан вторую неделю борется с последствиями ливней,О рекордных дождях и разрушениях в регионе — в материале ТАСС,https://tass.ru/proisshestviya/27015743,"Mon, 06 Apr 2026 17:39:47 +0300",website,tass.ru
IRNA: Иран передал Пакистану ответ на предложение США по прекращению войны,"Он состоит из 10 пунктов, которые включают в себя, в частности, прекращение боевых действий в регионе, создание протокола безопасного прохода судов через Ормузский пролив, а также снятие санкций с исламской республики",https://tass.ru/mezhdunarodnaya-panorama/27018775,"Mon, 06 Apr 2026 17:39:55 +0300",website,tass.ru
В Ставрополе шесть сотрудников Ространснадзора обвинили во взяточничестве,Среди них бывший начальник и пять инспекторов,https://tass.ru/proisshestviya/27018761,"Mon, 06 Apr 2026 17:39:55 +0300",website,tass.ru
В Ставрополе начальника отдела МТУ Ространснадзора обвиняют во взяточничестве,,https://tass.ru/proisshestviya/27018761,"Mon, 06 Apr 2026 17:39:55 +0300",website,tass.ru
IRNA: Иран передал Пакистану ответ на предложение США по прекращению войны,,https://tass.ru/mezhdunarodnaya-panorama/27018775,"Mon, 06 Apr 2026 17:39:55 +0300",website,tass.ru
Эксперт О'Брайен: США показали неспособность противодействовать БПЛА Ирана,"Профессор Сент-Эндрюсского университета отметил, что Соединенные Штаты не в полной мере приспособились к последним изменениям того, как ведут военные конфликты",https://tass.ru/mezhdunarodnaya-panorama/27018719,"Mon, 06 Apr 2026 17:40:08 +0300",website,tass.ru
Пассажиры задержанного в Стамбуле рейса вылетели на резервном самолете в Москву,"Он был задержан из-за касания машиной спецтехники задней части фюзеляжа, сообщили в авиакомпании ""Победа""",https://tass.ru/ekonomika/27018749,"Mon, 06 Apr 2026 17:40:09 +0300",website,tass.ru
В Мордовии паводковые воды подтопили 5 домов и 274 приусадебных участка,Эвакуация людей не потребовалась,https://tass.ru/proisshestviya/27018757,"Mon, 06 Apr 2026 17:40:52 +0300",website,tass.ru
В Киеве ТЭЦ-6 разрушена на 80%,Ее мощность составляет 750 МВт,https://tass.ru/proisshestviya/27018779,"Mon, 06 Apr 2026 17:41:24 +0300",website,tass.ru
Министром здравоохранения Архангельской области стал Дмитрий Богданов,"Он возглавлял областной онкодиспансер, сообщили в администрации региона",https://tass.ru/obschestvo/27018769,"Mon, 06 Apr 2026 17:43:21 +0300",website,tass.ru
Xinhua: в Афганистане число жертв наводнений достигло 110,"По данным агентства, пострадали 160 человек",https://tass.ru/proisshestviya/27018349,"Mon, 06 Apr 2026 17:43:44 +0300",website,tass.ru
"Число погибших при ЧП на ""Нижнекамскнефтехиме"" возросло до 11",Поиски еще одного сотрудника продолжаются,https://tass.ru/proisshestviya/27018819,"Mon, 06 Apr 2026 17:43:58 +0300",website,tass.ru
"Число погибших при ЧП на ""Нижнекамскнефтехиме"" возросло до 11",,https://tass.ru/proisshestviya/27018819,"Mon, 06 Apr 2026 17:43:58 +0300",website,tass.ru
"В Кургане стартовал второй музыкальный фестиваль Дениса Мацуева ""Диалог поколений""","Организаторы назовут имена юных музыкантов и художников, которые станут участниками международной летней творческой школы",https://tass.ru/kultura/27018715,"Mon, 06 Apr 2026 17:44:34 +0300",website,tass.ru
IRNA: Иран отверг предложение о перемирии,,https://tass.ru/mezhdunarodnaya-panorama/27018823,"Mon, 06 Apr 2026 17:44:35 +0300",website,tass.ru
Россия и КНР обсуждают проведение совместных проектов на пилотируемых станциях,"Учеными уже предложено несколько заявок, в том числе по пылевой обстановке на орбитах станций, параллельным исследованиям ионосферы и другие",https://tass.ru/nauka/27018831,"Mon, 06 Apr 2026 17:45:32 +0300",website,tass.ru
"Болельщик умер во время матча Первой лиги между ""Арсеналом"" и ""Факелом""",Встреча прошла 5 апреля в Туле,https://tass.ru/sport/27018851,"Mon, 06 Apr 2026 17:45:54 +0300",website,tass.ru
Fonmix назвал два главных направления развития рынка фоновой музыки в РФ,"Один - мир громких новинок и молодежных стриминговых чартов, а другой - мир бизнеса, где ценят не количество прослушиваний, а эмоциональный отклик",https://tass.ru/kultura/27018843,"Mon, 06 Apr 2026 17:46:26 +0300",website,tass.ru
"observatornews.ro: Трамп отказался от поездки на саммит ""Бухарестской девятки""","Он должен пройти 13 мая, сообщил портал",https://tass.ru/mezhdunarodnaya-panorama/27018861,"Mon, 06 Apr 2026 17:47:40 +0300",website,tass.ru
Космонавты Скрипочка и Рыжиков отправились по гагаринскому маршруту,Экипажи приземлятся на аэродроме Крайний в Байконуре 9 апреля,https://tass.ru/kosmos/27018869,"Mon, 06 Apr 2026 17:48:03 +0300",website,tass.ru
В Калининграде перед Пасхой снизят цены на куриные яйца,В регионе две крупные розничные сети понизят цены на продукт в среднем от 5 до 10 рублей за десяток,https://tass.ru/obschestvo/27018847,"Mon, 06 Apr 2026 17:49:32 +0300",website,tass.ru
Хуситы заявили о массированном ракетном ударе по целям на юге Израиля,"Движение ""Ансар Аллах"" атаковало объекты в Умм-эр-Рашраше",https://tass.ru/mezhdunarodnaya-panorama/27018951,"Mon, 06 Apr 2026 17:52:09 +0300",website,tass.ru
На Урале в ДТП пострадали два ребенка,Их доставили в Детскую городскую больницу №9 Екатеринбурга,https://tass.ru/proisshestviya/27018937,"Mon, 06 Apr 2026 17:52:44 +0300",website,tass.ru
Kpler: цены на нефть в коридоре $160-170 за баррель сбалансируют рынок,"Как сообщила руководитель отдела анализа политики и геополитических рисков компании Мишель Брухард, в мире наблюдается дефицит жидких углеводородов порядка 6 млн б/с",https://tass.ru/ekonomika/27018955,"Mon, 06 Apr 2026 17:53:24 +0300",website,tass.ru
Служащие в КЧР перечислят часть зарплаты в помощь жителям Дагестана,Глава республики Рашид Темрезов выразил соболезнования семьям погибших и слова поддержки пострадавшим,https://tass.ru/obschestvo/27018923,"Mon, 06 Apr 2026 17:54:12 +0300",website,tass.ru
В ближайшие дни ожидается интенсивный рост уровня воды в реках 10 регионов РФ,"Кроме того, ожидается прохождение паводков с ростом уровня воды на 0,3-1,0 м за сутки местами на реках Краснодарского края, Адыгеи, Северной Осетии, Дагестана и Чечни",https://tass.ru/obschestvo/27018897,"Mon, 06 Apr 2026 17:54:15 +0300",website,tass.ru
В Избербаше готовы принять 200 пострадавших от наводнения жителей,"Власти проведут переговоры с владельцами гостиниц, чтобы подключить их к работе и увеличить количество мест размещения для эвакуированных",https://tass.ru/obschestvo/27018957,"Mon, 06 Apr 2026 17:56:08 +0300",website,tass.ru
В Карелии не нашли следов таллового масла за боновыми заграждениями в Выгозере,"Специалисты продолжают убирать небольшие пятна, которые остались в пределах ограждений",https://tass.ru/obschestvo/27018891,"Mon, 06 Apr 2026 17:58:28 +0300",website,tass.ru
В Иране сообщили об увеличении числа жертв атаки на Кум до девяти,"Губернатор провинции заявил, что девять домов были полностью разрушены",https://tass.ru/mezhdunarodnaya-panorama/27018993,"Mon, 06 Apr 2026 18:01:37 +0300",website,tass.ru
"Пеклецова надеется, что ситуация с допуском российских лыжников улучшится",Ранее спортсменка получила отказ в предоставлении нейтрального статуса,https://tass.ru/sport/27018991,"Mon, 06 Apr 2026 18:02:34 +0300",website,tass.ru
"""Нижнекамскнефтехим"" поддержит детей погибших сотрудников до их совершеннолетия","В компании напомнили, что предприятие осуществляет выплаты семьям погибших и пострадавшим",https://tass.ru/obschestvo/27019011,"Mon, 06 Apr 2026 18:04:25 +0300",website,tass.ru
MWM: США и Израиль потеряли 11 единиц авиатехники при поиске пилотов F-15 в Иране,"Как отмечает издание, подобный масштаб потерь демонстрирует значительные риски, связанные с эксплуатацией самолетов над территорией исламской республики",https://tass.ru/mezhdunarodnaya-panorama/27019019,"Mon, 06 Apr 2026 18:06:47 +0300",website,tass.ru
Пасечник: жители Луганщины 12 лет назад проявили мужество в борьбе с неонацизмом,"По словам руководителя региона, 6 апреля 2014 года активисты Русской весны взяли под контроль здание управления СБУ в Луганске, проявив невероятную смелость и первыми встав на защиту общих интересов жителей Донбасса",https://tass.ru/obschestvo/27019031,"Mon, 06 Apr 2026 18:07:49 +0300",website,tass.ru
"В Харькове задержали мужчину, ударившего ножом сотрудника ТЦК","В полиции сообщили, что задержанный также ""бросил в сторону военнослужащего две тренировочные гранаты, произвел два выстрела из пневматического пистолета""",https://tass.ru/proisshestviya/27019041,"Mon, 06 Apr 2026 18:09:54 +0300",website,tass.ru
"Захарова дала советы, как обычному человеку не потеряться в ""океане новостей""","Необходимо окружать себя источниками проверенной, достоверной информации, подчеркнула официальный представитель МИД РФ",https://tass.ru/politika/27019035,"Mon, 06 Apr 2026 18:10:25 +0300",website,tass.ru
Володин поздравил с избранием нового главу парламента Монголии,Председатель ГД подчеркнул важность дальнейшего развития межпарламентского диалога в различных форматах,https://tass.ru/obschestvo/27019049,"Mon, 06 Apr 2026 18:11:52 +0300",website,tass.ru
"Трамп: Иран сделал США ""существенное предложение""",Американский лидер назвал такой шаг недостаточным,https://tass.ru/mezhdunarodnaya-panorama/27019061,"Mon, 06 Apr 2026 18:12:54 +0300",website,tass.ru
В Иране заявили об ударах по двум базам в Саудовской Аравии и Кувейте,"По данным армейского командования, эти объекты неоднократно использовались для нападения на республику",https://tass.ru/mezhdunarodnaya-panorama/27019055,"Mon, 06 Apr 2026 18:13:15 +0300",website,tass.ru
В Иране заявили об ударах по двум базам в Саудовской Аравии и Кувейте,"По данным армейского командования, эти объекты неоднократно использовались для нападения на республику ",https://tass.ru/mezhdunarodnaya-panorama/27019055,"Mon, 06 Apr 2026 18:13:15 +0300",website,tass.ru
Четверых судей на Кубани могут лишить незаконно нажитого имущества. Главное,"Речь идет об Анастасии Шепель, Наталии Хахалевой, Ольге Борисовой и Ольге Богатых",https://tass.ru/proisshestviya/27019029,"Mon, 06 Apr 2026 18:15:41 +0300",website,tass.ru
Индекс РТС превысил 1 100 пунктов впервые с 26 марта,"К 18:20 мск индекс РТС торговался на уровне 1 112,65 пункта",https://tass.ru/ekonomika/27019085,"Mon, 06 Apr 2026 18:17:08 +0300",website,tass.ru
В Иране заявили о ракетных ударах по аэропортам Урмии и Хой,Информации о пострадавших не поступало,https://tass.ru/mezhdunarodnaya-panorama/27019097,"Mon, 06 Apr 2026 18:17:41 +0300",website,tass.ru
Эксперт Бибик: офисы РЖД в Москве-Сити интересны инвесторам в качестве штаб-квартиры,"Основной сдерживающий фактор - стоимость, отметил партнер NF Group",https://tass.ru/ekonomika/27019081,"Mon, 06 Apr 2026 18:17:50 +0300",website,tass.ru
"В Краснодаре завели дело против подростков, прыгавших через Вечный огонь",Следователи устанавливают все обстоятельства произошедшего,https://tass.ru/proisshestviya/27019091,"Mon, 06 Apr 2026 18:18:45 +0300",website,tass.ru
ТАСС: самолет-разведчик США сделал несколько кругов над акваторией Черного моря,"Bombardier Challenger 650 Artemis II не входил в воздушное пространство какой-либо из стран, за исключением Румынии, рассказал источник",https://tass.ru/politika/27019107,"Mon, 06 Apr 2026 18:21:12 +0300",website,tass.ru
ТАСС: самолет-разведчик США сделал несколько кругов над акваторией Черного моря,"Bombardier Challenger 650 Artemis II не входил в воздушное пространство какой-либо из стран, за исключением Румынии, рассказал источник ",https://tass.ru/politika/27019107,"Mon, 06 Apr 2026 18:21:12 +0300",website,tass.ru
В Поморье предпринимателя обвинили в мошенничестве с лечебным питанием,"По версии следствия, он похитил из бюджета свыше 28 млн рублей",https://tass.ru/proisshestviya/27019093,"Mon, 06 Apr 2026 18:22:04 +0300",website,tass.ru
Главы МИД Ирана и Катара провели телефонный разговор,"Стороны обсудили ""последние региональные и международные события, а также двусторонние отношения""",https://tass.ru/mezhdunarodnaya-panorama/27019135,"Mon, 06 Apr 2026 18:22:55 +0300",website,tass.ru
В трех регионах изменится расписание пригородных поездов,"Речь идет о Ярославской, Костромской и Вологодской областях",https://tass.ru/ekonomika/27019121,"Mon, 06 Apr 2026 18:23:54 +0300",website,tass.ru
"Трамп утверждает, что сроки завершения войны зависят от Ирана","Боевые действия могут быстро закончиться, отметил американский лидер",https://tass.ru/mezhdunarodnaya-panorama/27019147,"Mon, 06 Apr 2026 18:24:12 +0300",website,tass.ru
В Новороссийске при атаке ВСУ повреждены около 100 домов,Рабочие бригады и управляющие компании в течение дня вели расчистку территорий поврежденных объектов,https://tass.ru/proisshestviya/27019141,"Mon, 06 Apr 2026 18:24:34 +0300",website,tass.ru
ТАСС: предпринимателя отправили под домашний арест по делу о ДТП под Саратовом,"Утром 3 апреля в Петровском районе в аварию попал автобус с детьми, которые направлялись на экскурсию в Пензу",https://tass.ru/proisshestviya/27019125,"Mon, 06 Apr 2026 18:26:11 +0300",website,tass.ru
Заочно осужденного за атаку на Курск боевика ВСУ внесли в список террористов,Речь идет о Виталии Сендзюке,https://tass.ru/obschestvo/27019155,"Mon, 06 Apr 2026 18:26:47 +0300",website,tass.ru
МЭР расширяет механизм инвестсоглашений в виноградарстве и виноделии,"Он позволяет предприятиям, производящим коньячную продукцию полного цикла из российского винограда, применять повышенный коэффициент при налоговом вычете сумм акциза на виноград",https://tass.ru/ekonomika/27019169,"Mon, 06 Apr 2026 18:26:53 +0300",website,tass.ru
АКРА не ожидает кратного роста задолженности граждан в 2026 году,"Из ключевых розничных кредитных направлений в 2025 году выросла лишь льготная ипотека, напомнил директор группы рейтингов финансовых институтов рейтингового агентства Михаил Полухин",https://tass.ru/ekonomika/27019199,"Mon, 06 Apr 2026 18:27:52 +0300",website,tass.ru
Минпромторг: все фермеры были готовы к вводу маркировки на момент ее запуска,"В ведомстве подчеркнули, что маркировке подлежит только продукция, которая упакована и может быть реализована конечному потребителю",https://tass.ru/ekonomika/27019185,"Mon, 06 Apr 2026 18:28:32 +0300",website,tass.ru
Экс-министру культуры Крыма Новосельской утвердили решение об отказе в УДО,Замоскворецкий суд Москвы в 2023 году назначил ей наказание в виде 10 лет лишения свободы с отбыванием в колонии общего режима,https://tass.ru/proisshestviya/27019067,"Mon, 06 Apr 2026 18:29:53 +0300",website,tass.ru
"ЦБ понизил курс доллара на 7 апреля до 78,73 рубля",Официальный курс евро упал до 91 рубля,https://tass.ru/ekonomika/27019221,"Mon, 06 Apr 2026 18:30:08 +0300",website,tass.ru
Минфин выплатил купон по евробондам с погашением в 2042 году,"Его сумма составила 6,7 млрд рублей",https://tass.ru/ekonomika/27019227,"Mon, 06 Apr 2026 18:30:23 +0300",website,tass.ru
Захарова: тема продления безвизового режима между РФ и КНР прорабатывается,"Инициатива о безвизе между двумя странами зарекомендовала себя самым положительным образом, заявила официальный представитель МИД",https://tass.ru/politika/27019233,"Mon, 06 Apr 2026 18:30:36 +0300",website,tass.ru
Захарова: тема продления безвизового режима между РФ и КНР прорабатывается,,https://tass.ru/politika/27019233,"Mon, 06 Apr 2026 18:30:36 +0300",website,tass.ru
В честь юбилея художника Александра Борисова на его родине устроят арт-баттл,Каждый гость фестиваля сможет создать собственный этюд,https://tass.ru/obschestvo/27015529,"Mon, 06 Apr 2026 18:30:44 +0300",website,tass.ru
"Росавиация и Ространснадзор контролируют ситуацию с рейсом ""Победы"" из Стамбула в Москву",Пассажиров просят сообщать о фактах несоблюдения федеральных авиационных правил в Ространснадзор,https://tass.ru/ekonomika/27019255,"Mon, 06 Apr 2026 18:32:20 +0300",website,tass.ru
"На Запорожье доставили более 270 человек, эвакуированных из-под обстрелов","Спасатели региона вместе с профильными службами продолжают работу по сопровождению и размещению граждан, оказавшихся в сложной жизненной ситуации",https://tass.ru/obschestvo/27019177,"Mon, 06 Apr 2026 18:36:08 +0300",website,tass.ru
"""Прогресс МС-35"" прибыл на Байконур","Специалисты РКК ""Энергия"" на космодроме тщательно осмотрели корабль, в том числе проверили работу механизмов раскрытия солнечных батарей",https://tass.ru/kosmos/27019301,"Mon, 06 Apr 2026 18:37:51 +0300",website,tass.ru
"ФСИН опровергла информацию о попытке суицида фигуранта дела ""Крокуса""","В правоохранительных органах ранее сообщили, что Джабраил Аушев в конце ноября и после оглашения приговора пытался покончить с собой в следственном изоляторе, но сотрудники СИЗО вовремя оказали ему медицинскую помощь",https://tass.ru/obschestvo/27019279,"Mon, 06 Apr 2026 18:38:05 +0300",website,tass.ru
"""Билайн"" на семь дней продлит поддержку своих клиентов в Дагестане","Оператор предоставит пользователям, которые не смогут пополнить счет, 1 ГБ мобильного интернета и безлимитные звонки внутри сети",https://tass.ru/obschestvo/27019207,"Mon, 06 Apr 2026 18:38:15 +0300",website,tass.ru
В Чувашии ужесточили приговор предпринимателю по делу о гибели подростков,Мужчину обвинили в нарушении правил безопасности при ведении работ,https://tass.ru/proisshestviya/27019215,"Mon, 06 Apr 2026 18:38:16 +0300",website,tass.ru
Bloomberg: Трамп назначил на посты послов США рекордное число выходцев из других сфер,"Только шестеро из них были кадровыми дипломатами, отмечает агентство",https://tass.ru/mezhdunarodnaya-panorama/27019293,"Mon, 06 Apr 2026 18:39:22 +0300",website,tass.ru
В Воронежской области объявили опасность атаки БПЛА,Жителей региона призвали сохранять спокойствие,https://tass.ru/proisshestviya/27019307,"Mon, 06 Apr 2026 18:41:42 +0300",website,tass.ru
"В Ульяновской области наградят сотрудников служб, спасавших людей при ЧП с поездом","На месте происшествия работали 16 бригад скорой медицинской помощи и шесть бригад Межрегионального управления № 172 Федерального медико-биологического агентства из города Димитровграда, отметил губернатор Алексей Русских",https://tass.ru/obschestvo/27019261,"Mon, 06 Apr 2026 18:42:31 +0300",website,tass.ru
Вандалы повредили один из курганов Зауралья и Западной Сибири,Они прорыли лаз глубиной несколько метров на территории Шмаковского курганного могильника,https://tass.ru/proisshestviya/27019287,"Mon, 06 Apr 2026 18:44:16 +0300",website,tass.ru
В Калининградской области штормовой ветер повалил 39 деревьев,Повреждены три машины,https://tass.ru/proisshestviya/27019273,"Mon, 06 Apr 2026 18:45:13 +0300",website,tass.ru
Хуснуллин: Россия обсудит с исламскими странами сотрудничество в строительстве,"Эта сфера особенно актуальна, когда речь идет не только о развитии, но и о постконфликтном восстановлении, заявил вице-премьер",https://tass.ru/politika/27019319,"Mon, 06 Apr 2026 18:45:21 +0300",website,tass.ru
"Трамп заявил, что предпочел бы захват нефти Ирана","При этом американцы хотят возвращения сил США, отметил президент Соединенных Штатов",https://tass.ru/mezhdunarodnaya-panorama/27019339,"Mon, 06 Apr 2026 18:46:15 +0300",website,tass.ru
ТАСС: Зеленский утратил интерес к событиям на фронте,"Владимир Зеленский на протяжении двух месяцев отказывает главкому ВСУ Александру Сырскому в возможности личного доклада, рассказали в российских силовых структурах",https://tass.ru/mezhdunarodnaya-panorama/27019347,"Mon, 06 Apr 2026 18:46:23 +0300",website,tass.ru
Студотряды приняли участие в ликвидации последствий паводка в Дагестане,Работа добровольцев была организована во взаимодействии с МЧС России,https://tass.ru/proisshestviya/27019311,"Mon, 06 Apr 2026 18:46:24 +0300",website,tass.ru
ТАСС: леса Сумской области усеяны телами десантников ВСУ,"Родственники военных бригады вынуждены признать, что ситуация в некогда элитной бригаде ничем не отличается от ""мясных"" штурмовых полков ВСУ - 225-го и 425-го, отметили в российских силовых структурах",https://tass.ru/armiya-i-opk/27019357,"Mon, 06 Apr 2026 18:46:51 +0300",website,tass.ru
ТАСС: у Запорожья ликвидировали командира артбригады ВСУ,"В окрестностях Липцов Харьковской области также был уничтожен командир отделения 13-й бригады нацгвардии Украины Виталий Чехович, сообщили в российских силовых структурах",https://tass.ru/armiya-i-opk/27019373,"Mon, 06 Apr 2026 18:48:17 +0300",website,tass.ru
ТАСС: у Запорожья ликвидировали командира артбригады ВСУ,"В окрестностях Липцов Харьковской области также был уничтожен командир отделения 13-й бригады нацгвардии Украины Виталий Чехович, сообщили в российских силовых структурах ",https://tass.ru/armiya-i-opk/27019373,"Mon, 06 Apr 2026 18:48:17 +0300",website,tass.ru
"Политик Мема: ЕС ""закрывает двери"" для дипломатического диалога с Россией","Член финской национально-консервативной партии ""Альянс свободы"" прокомментировал изменение закона о модернизации воинской службы в ФРГ",https://tass.ru/mezhdunarodnaya-panorama/27019365,"Mon, 06 Apr 2026 18:48:33 +0300",website,tass.ru
КСИР пообещал отомстить за убийство главы разведки корпуса Маджида Хадеми,Он погиб 6 апреля из-за американо-израильского удара,https://tass.ru/mezhdunarodnaya-panorama/27019389,"Mon, 06 Apr 2026 18:49:20 +0300",website,tass.ru
ГП Украины подтвердила открытие уголовного дела против депутата Рады Железняка,Проводится досудебное расследование в рамках криминального дела по признакам криминальных правонарушений,https://tass.ru/mezhdunarodnaya-panorama/27019381,"Mon, 06 Apr 2026 18:50:13 +0300",website,tass.ru
В Дагестане восстановили электроснабжение в горном Сергокалинском районе,Доступ к поврежденным стихией энергообъектам горного района был затруднен оползнями и камнепадами,https://tass.ru/obschestvo/27019417,"Mon, 06 Apr 2026 18:50:33 +0300",website,tass.ru
Дмитриев назвал неизбежным катастрофический дефицит нефти,"Глава РФПИ прокомментировал новость, что нефтяная компания Saudi Aramco повысила цену на основной сорт нефти для майских поставок в Азию до рекордного значения - на $19,5 за баррель выше регионального базового уровня",https://tass.ru/ekonomika/27019425,"Mon, 06 Apr 2026 18:51:01 +0300",website,tass.ru
"Военкор ""Известий"" Евгений Быковский пострадал при обстреле Донецка","В издании уточнили, что журналист фиксировал последствия ночного удара беспилотников по городу и попал под повторный удар ВСУ ",https://tass.ru/proisshestviya/27019445,"Mon, 06 Apr 2026 18:52:20 +0300",website,tass.ru
"Военкор ""Известий"" Евгений Быковский пострадал при обстреле Донецка",,https://tass.ru/proisshestviya/27019445,"Mon, 06 Apr 2026 18:52:20 +0300",website,tass.ru
Nournews: США и Израиль ударили по нефтехимическому комплексу в Ширазе,Работа объекта не нарушена,https://tass.ru/mezhdunarodnaya-panorama/27019437,"Mon, 06 Apr 2026 18:52:24 +0300",website,tass.ru
Украинский почерк. Что известно о попытке взорвать газопровод в Сербии,"Обнаружение взрывчатки рядом с веткой газопровода ""Турецкий поток"" может привести к эскалации конфликта между Венгрией и Украиной. Будапешт до окончания расследования не спешит обвинять соседей в очередной попытке подорвать энергобезопасность страны, но риторика властей указывает, что именно киевский режим сейчас является главным подозреваемым. Подробности — в материале ТАСС",https://tass.ru/mezhdunarodnaya-panorama/27017127,"Mon, 06 Apr 2026 18:53:09 +0300",website,tass.ru
"Трамп заявил, что США могли бы уйти из Ирана ""прямо сейчас""","Но Вашингтон хочет убедиться в отсутствии у Тегерана возможностей разработать ядерное оружие, утверждает американский президент",https://tass.ru/mezhdunarodnaya-panorama/27019457,"Mon, 06 Apr 2026 18:54:56 +0300",website,tass.ru
"Трамп заявил, что США могли бы уйти из Ирана ""прямо сейчас""","Но Вашингтон хочет убедиться в отсутствии у Тегерана возможностей разработать ядерное оружие, утверждает американский президент ",https://tass.ru/mezhdunarodnaya-panorama/27019457,"Mon, 06 Apr 2026 18:54:56 +0300",website,tass.ru
Захарова подтвердила ТАСС подготовку визита Лаврова в Китай,"Российская и китайская стороны одновременно объявят о нем, заявила официальный представитель МИД",https://tass.ru/politika/27019493,"Mon, 06 Apr 2026 18:55:24 +0300",website,tass.ru
Захарова: Россия и Китай одновременно объявят о визите Лаврова в КНР,,https://tass.ru/politika/27019493,"Mon, 06 Apr 2026 18:55:24 +0300",website,tass.ru
Роскосмос: переход научных экспериментов с МКС на РОС должен быть бесшовным,"По словам замглавы корпорации Сергей Крикалев, с выбором орбиты в 51,6 градуса невозможно будет провести только 2 из 20 экспериментов",https://tass.ru/kosmos/27019465,"Mon, 06 Apr 2026 18:55:45 +0300",website,tass.ru
Роскосмос: переход научных экспериментов с МКС на РОС должен быть бесшовным,"По словам замглавы корпорации, с выбором орбиты в 51,6 градуса невозможно будет провести только 2 из 20 экспериментов",https://tass.ru/kosmos/27019465,"Mon, 06 Apr 2026 18:55:45 +0300",website,tass.ru
Определены квоты на стипендии кабмина для студентов в 2026/27 учебном году,Всего предусмотрено девять конкурсных групп,https://tass.ru/obschestvo/27019509,"Mon, 06 Apr 2026 18:56:55 +0300",website,tass.ru
В петербургских торговых сетях девять образцов творога признали небезопасными,В трех из них нашли бактерии группы кишечных палочек,https://tass.ru/obschestvo/27019531,"Mon, 06 Apr 2026 18:58:31 +0300",website,tass.ru
Трамп сравнил Стармера с Чемберленом,"Соединенному Королевству надо пройти длинный путь, отметил американский лидер",https://tass.ru/mezhdunarodnaya-panorama/27019553,"Mon, 06 Apr 2026 18:58:34 +0300",website,tass.ru
Банк ДОМ.РФ предотвратил хищение средств клиентов в I квартале на 900 млн рублей,"По данным кредитной организации, больше всего мошеннических операций приостановлено в Москве, Санкт-Петербурге, Краснодаре, Нижнем Новгороде и Воронеже",https://tass.ru/ekonomika/27019525,"Mon, 06 Apr 2026 18:58:48 +0300",website,tass.ru
Geely планирует возобновить поставки кроссовера Okavango в Россию,"Это может произойти в мае, уточнили в представительстве бренда",https://tass.ru/ekonomika/27019571,"Mon, 06 Apr 2026 18:59:46 +0300",website,tass.ru
"Семья из Башкирии назвала новорожденную девочку ""Россия""",Также семья воспитывает мальчика Ростислава и девочку Радиславу,https://tass.ru/obschestvo/27019575,"Mon, 06 Apr 2026 19:00:52 +0300",website,tass.ru
Захарова: РФ предупредила страны Прибалтики из-за открытия неба для БПЛА ВСУ,"Москва ответит, если эти государства не прислушаются к предупреждению, заявила официальный представитель МИД России ",https://tass.ru/politika/27019577,"Mon, 06 Apr 2026 19:01:49 +0300",website,tass.ru
Захарова: РФ сделала предупреждение странам Прибалтики на открытие неба для БПЛА Украины,,https://tass.ru/politika/27019577,"Mon, 06 Apr 2026 19:01:49 +0300",website,tass.ru
Молдавские аграрии заявили об угрозе банкротства,"Фермеры потребовали срочной господдержки, говорится в тексте обращения к властям",https://tass.ru/mezhdunarodnaya-panorama/27019587,"Mon, 06 Apr 2026 19:02:20 +0300",website,tass.ru
"В Петербурге окажут всестороннюю помощь семье, где родилась четверня",Девочки-близняшки родились на сроке 32 недели,https://tass.ru/obschestvo/27019597,"Mon, 06 Apr 2026 19:03:22 +0300",website,tass.ru
"Пострадали 15,5 тыс. жителей. Последствия непогоды в Дагестане",Президент РФ Владимир Путин поручил оказать необходимую помощь пострадавшим,https://tass.ru/proisshestviya/27019431,"Mon, 06 Apr 2026 19:04:27 +0300",website,tass.ru
В Орловской области объявили авиационную опасность,Жителей призвали быть бдительными,https://tass.ru/proisshestviya/27019605,"Mon, 06 Apr 2026 19:04:41 +0300",website,tass.ru
Депутату Рады предъявили обвинения в незаконном обогащении,"Украинские СМИ пишут, что речь идет об Александре Качном",https://tass.ru/proisshestviya/27019609,"Mon, 06 Apr 2026 19:05:35 +0300",website,tass.ru
Захарова: Запад уже пошел на провокации перед парламентскими выборами в Венгрии,"Будапешт заявил о том, как пытались ударить не только по инфраструктуре, а в целом по энергетической безопасности и суверенитету, отметила официальный представитель МИД РФ",https://tass.ru/politika/27019643,"Mon, 06 Apr 2026 19:07:04 +0300",website,tass.ru
Захарова: Запад уже идет на провокации перед парламентскими выборами в Венгрии,,https://tass.ru/politika/27019643,"Mon, 06 Apr 2026 19:07:04 +0300",website,tass.ru
Адыгея отправила в пострадавший от стихии Дагестан 40 тонн питьевой воды,"В ближайшее время в регион также направится груз с продуктами и предметами первой необходимости, отметил глава республики Мурат Кумпилов",https://tass.ru/obschestvo/27019627,"Mon, 06 Apr 2026 19:08:34 +0300",website,tass.ru
"Актриса Рубцова назвала внесение в ""Миротворец"" поводом для поздравлений","Она отметила, что долго ждала включение себя в базу сайта",https://tass.ru/politika/27019637,"Mon, 06 Apr 2026 19:08:59 +0300",website,tass.ru
"Кравец останется главным тренером клуба КХЛ ""Барыс""",Специалист продлил контракт до 31 мая 2027 года,https://tass.ru/sport/27019651,"Mon, 06 Apr 2026 19:09:14 +0300",website,tass.ru
В Павловске отреставрировали Храм Дружбы,Реставрационные работы проводились с 2024 года,https://tass.ru/kultura/27019631,"Mon, 06 Apr 2026 19:11:36 +0300",website,tass.ru
Трамп назвал глупцами выступающих против войны с Ираном американцев,"Суть этой войны лишь в одном: нельзя, чтобы исламская республика получила ядерное оружие, отметил американский лидер",https://tass.ru/mezhdunarodnaya-panorama/27019659,"Mon, 06 Apr 2026 19:12:58 +0300",website,tass.ru
Умер сооснователь Diesel Адриано Гольдшмидт,Ему было 82 года,https://tass.ru/obschestvo/27019673,"Mon, 06 Apr 2026 19:13:14 +0300",website,tass.ru
Косачев призвал Армению не спекулировать на возможном изменении цен на газ из РФ,"Со стороны армянских политиков было бы справедливо учитывать масштаб поддержки страны со стороны России, заявил зампредседателя Совета Федерации",https://tass.ru/ekonomika/27019667,"Mon, 06 Apr 2026 19:14:04 +0300",website,tass.ru
Захарова: удары по инфраструктуре Венгрии были попытками Запада вмешаться в выборы,"Это элемент масштабного вмешательства во внутренние дела, заявила официальный представитель МИД",https://tass.ru/politika/27019699,"Mon, 06 Apr 2026 19:14:04 +0300",website,tass.ru
В Москве арестовали взявшего в заложники жену и детей,В ходе допроса обвиняемый отказался от дачи показаний,https://tass.ru/proisshestviya/27019689,"Mon, 06 Apr 2026 19:14:34 +0300",website,tass.ru
Трамп пригрозил Ирану уничтожением всех мостов и электростанций,"У исламской республики ничего не будет, отметил американский лидер",https://tass.ru/mezhdunarodnaya-panorama/27019707,"Mon, 06 Apr 2026 19:15:30 +0300",website,tass.ru
В Калининграде число родительских споров по детям возросло в шесть раз,На этом фоне специалисты заявляют о важности досудебного урегулирования вопросов путем развития медиативных практик,https://tass.ru/obschestvo/27019453,"Mon, 06 Apr 2026 19:15:35 +0300",website,tass.ru
Эрдоган: в ближайшей повестке Турции нет досрочных выборов,Турецкий лидер провел заседание кабинета министров,https://tass.ru/mezhdunarodnaya-panorama/27019725,"Mon, 06 Apr 2026 19:17:05 +0300",website,tass.ru
Эксперт Лункин: встреча Зеленского и Варфоломея говорит об их проблемах с легитимностью,"Руководитель Центра по изучению проблем религии и общества Института Европы РАН отметил, что константинопольский патриарх, как и Владимир Зеленский, всегда использовались Западом как инструмент антироссийской политики, однако он начинает терять свой вес и смысл",https://tass.ru/obschestvo/27019679,"Mon, 06 Apr 2026 19:18:07 +0300",website,tass.ru
Захарова: Венгрия как суверенное государство не устраивает западные силы,"По словам официального представителя МИД, в Будапеште отстаивали свои национальные интересы, чем вызывали ""дикую злобу и зависть со стороны остальных членов Европейского союза""",https://tass.ru/politika/27019739,"Mon, 06 Apr 2026 19:18:37 +0300",website,tass.ru
Захарова: Венгрия как суверенное государство не устраивает западные силы,,https://tass.ru/politika/27019739,"Mon, 06 Apr 2026 19:18:37 +0300",website,tass.ru
На KazanForum обсудят развитие технологических и финансовых инициатив,"В 2025 году в деловой программе форума приняли участие 8,5 тыс. человек из 96 стран мира и 82 субъектов России, в их числе руководители более 35 дипломатических миссий",https://tass.ru/obschestvo/27019731,"Mon, 06 Apr 2026 19:19:03 +0300",website,tass.ru
"Захарова назвала ""терроризмом чистой воды"" атаку Киева на объекты КТК","По словам официального представителя МИД, ""на Банковой знают, как действуют террористы, и действуют точно так же""",https://tass.ru/politika/27019757,"Mon, 06 Apr 2026 19:19:18 +0300",website,tass.ru
Захарова назвала терроризмом чистой воды атаку Киева на объекты КТК,,https://tass.ru/politika/27019757,"Mon, 06 Apr 2026 19:19:18 +0300",website,tass.ru
"Посольство Ирана в Британии назвало позицию ЕС ""моральным банкротством и лицемерием""","Такая политика является ""позором"" и ""абсурдом"", а европейское руководство ""достигло дна"", отметили в иранском диппредставительстве",https://tass.ru/mezhdunarodnaya-panorama/27019747,"Mon, 06 Apr 2026 19:20:31 +0300",website,tass.ru
Путин поздравил бойцов 35-й армии и 968-го полка с присвоением почетных наименований,Президент РФ отметил героизм и мужество военных,https://tass.ru/armiya-i-opk/27019767,"Mon, 06 Apr 2026 19:20:49 +0300",website,tass.ru
Путин поздравил бойцов 35-й армии и 968-го полка с присвоением почетных наименований,,https://tass.ru/armiya-i-opk/27019767,"Mon, 06 Apr 2026 19:20:49 +0300",website,tass.ru
Умер почетный член МОК и бывший глава WADA Крейг Риди,"Британец был главой WADA с 1 января 2014 года по 31 декабря 2019 года, на это время пришлись основные разбирательства, связанные с допинговым скандалом в российском спорте",https://tass.ru/sport/27019773,"Mon, 06 Apr 2026 19:21:29 +0300",website,tass.ru
В Белгородской области ВСУ атаковали машину скорой помощи,"Предварительно, пострадали два фельдшера и водитель",https://tass.ru/proisshestviya/27019837,"Mon, 06 Apr 2026 19:25:26 +0300",website,tass.ru
В Белгородской области при атаке ВСУ по машине скорой помощи пострадали три человека,,https://tass.ru/proisshestviya/27019837,"Mon, 06 Apr 2026 19:25:26 +0300",website,tass.ru
Бастрыкин поставил на контроль дела по происшествиям в подтопленном Дагестане,Председатель СК России также поручил руководителю регионального управления по республике Александру Супруну представить доклады о ходе и предварительных результатах расследования,https://tass.ru/proisshestviya/27019819,"Mon, 06 Apr 2026 19:26:44 +0300",website,tass.ru
Украина импортировала в марте 577 тыс. тонн дизеля,Это стало рекордным показателем для марта с 2021 года,https://tass.ru/ekonomika/27019871,"Mon, 06 Apr 2026 19:29:58 +0300",website,tass.ru
В Дагестане устранили прорыв на Самур-Дербентском канале,Для устранения аварии было задействовано семь единиц специализированной техники,https://tass.ru/obschestvo/27019843,"Mon, 06 Apr 2026 19:30:13 +0300",website,tass.ru
Крикалев назвал верным решение о продолжении перекрестных полетов на МКС,"Эта идея уже показала свою полезность, отметил заместитель генерального директора Роскосмоса",https://tass.ru/kosmos/27019861,"Mon, 06 Apr 2026 19:30:28 +0300",website,tass.ru
На востоке Москвы открыли новую школу с IТ-полигоном,"В инженерном лабораторно-исследовательском комплексе ребята смогут освоить аддитивные технологии, навыки работы на 3D-принтере и сканере",https://tass.ru/obschestvo/27019903,"Mon, 06 Apr 2026 19:33:57 +0300",website,tass.ru
Адыгея направила в Дагестан две фуры с питьевой водой,"Несколько дней назад в Махачкалу из региона направили 60 тонн гуманитарного груза, среди которого также были соки, крупы, мука и подсолнечное масло, отметил глава республики Мурат Кумпилов",https://tass.ru/obschestvo/27019869,"Mon, 06 Apr 2026 19:34:29 +0300",website,tass.ru
В центре Петербурга у Казанского собора сносят веранду ресторана,Бывшему арендатору были направлены уведомления о необходимости добровольного освобождения территории,https://tass.ru/obschestvo/27019899,"Mon, 06 Apr 2026 19:38:22 +0300",website,tass.ru
Российский рынок акций закрылся ростом основных индексов,"Курс юаня снизился до 11,47 рубля",https://tass.ru/ekonomika/27019915,"Mon, 06 Apr 2026 19:38:51 +0300",website,tass.ru
В Северной Осетии создали комитет по делам ветеранов боевых действий и участников СВО,Комитет также будет регулировать взаимодействие с федеральными органами государственной власти и профильными организациями,https://tass.ru/obschestvo/27019923,"Mon, 06 Apr 2026 19:40:11 +0300",website,tass.ru
Ростехнадзор не выявил нарушений в системе безопасности энергоблока №2 ЗАЭС,Радиационная обстановка на площадке атомной станции находится в норме,https://tass.ru/obschestvo/27019911,"Mon, 06 Apr 2026 19:40:32 +0300",website,tass.ru
Трамп не считает преступлением уничтожение гражданских объектов Ирана,"Военным преступлением является разрешение ""нездоровой стране с безумным руководством иметь ядерное оружие"", заявил американский президент ",https://tass.ru/mezhdunarodnaya-panorama/27019953,"Mon, 06 Apr 2026 19:44:23 +0300",website,tass.ru
В Северной Осетии участники СВО смогут приобретать жилье по льготной цене,Участники смогут приобрести индивидуальное жилье от 75 кв. м до 85 кв. м с придомовым земельным участком,https://tass.ru/obschestvo/27019925,"Mon, 06 Apr 2026 19:45:42 +0300",website,tass.ru
На севере Украины поврежден энергообъект,Обесточены более 56 тыс. абонентов,https://tass.ru/proisshestviya/27019963,"Mon, 06 Apr 2026 19:47:03 +0300",website,tass.ru
Главу Яшалтинского района Калмыкии арестовали по делу о взятках и вымогательстве,"По версии следствия, в сентябре 2025 года он потребовал от местного индивидуального предпринимателя взятку в размере 1 млн рублей за выдачу разрешения на строительство, при этом создав условия, при которых тот вынужден был согласиться с требованиями и передать через посредника эту сумму",https://tass.ru/proisshestviya/27019947,"Mon, 06 Apr 2026 19:47:17 +0300",website,tass.ru
Турция заявила об отсутствии проблем с энергоресурсами и продовольствием,"Президент страны Реджеп Тайип Эрдоган при этом отметил, что после начала иранского кризиса мировая экономика переживает одно из самых серьезных потрясений в новейшей истории",https://tass.ru/ekonomika/27019971,"Mon, 06 Apr 2026 19:48:55 +0300",website,tass.ru
В Тульской области объявляли ракетную опасность,К жителям обращался глава региона Дмитрий Миляев,https://tass.ru/proisshestviya/27019991,"Mon, 06 Apr 2026 19:51:13 +0300",website,tass.ru
В Воронежской области объявили ракетную опасность,В регионе работают системы оповещения,https://tass.ru/proisshestviya/27020013,"Mon, 06 Apr 2026 19:57:41 +0300",website,tass.ru
Хаменеи: убийство главы разведки КСИР не сможет дестабилизировать иранскую армию,Верховный лидер Ирана выразил соболезнования семье и сослуживцам Маджида Хадеми,https://tass.ru/mezhdunarodnaya-panorama/27020017,"Mon, 06 Apr 2026 19:58:19 +0300",website,tass.ru
ООН встревожена угрозами США уничтожить объекты гражданской инфраструктуры Ирана,"Отвечая на вопрос, будут ли такие удары приравнены к военным преступлениям, официальный представитель генсека организации Стефан Дюжаррик признал, что ""они представляли бы собой нарушение международного права""",https://tass.ru/mezhdunarodnaya-panorama/27020025,"Mon, 06 Apr 2026 20:00:53 +0300",website,tass.ru
В Калмыкии разработают программу для ветеранов СВО по управлению агродронами,"Это поможет им найти себя в новых сферах и принесет пользу для экономики, отметил глава республики Бату Хасиков",https://tass.ru/obschestvo/27020037,"Mon, 06 Apr 2026 20:02:24 +0300",website,tass.ru
Президент Кубы подтвердил готовность к диалогу с США,"Мигель Диас-Канель встретился с американскими конгрессменами и заявил им об ущербе, причиненном блокадой острова правительством Соединенных Штатов",https://tass.ru/mezhdunarodnaya-panorama/27020031,"Mon, 06 Apr 2026 20:03:37 +0300",website,tass.ru
В Калужской области объявляли ракетную опасность,Угроза действовала на территории всего региона,https://tass.ru/proisshestviya/27020043,"Mon, 06 Apr 2026 20:03:47 +0300",website,tass.ru
В Калужской области объявили ракетную опасность,Угроза действует на территории всего региона,https://tass.ru/proisshestviya/27020043,"Mon, 06 Apr 2026 20:03:47 +0300",website,tass.ru
"Акция ""Донорский рекорд России"" стартует 20 апреля","Главная идея - проведение самой продолжительной донорской акции в один календарный день, сообщили в пресс-службе Национального фонда развития здравоохранения",https://tass.ru/obschestvo/27020051,"Mon, 06 Apr 2026 20:05:24 +0300",website,tass.ru
В Тамбовской области объявили опасность атаки БПЛА,Жителей призвали соблюдать спокойствие,https://tass.ru/proisshestviya/27020063,"Mon, 06 Apr 2026 20:05:58 +0300",website,tass.ru
Украина остановила последнюю ТЭС в подконтрольной Киеву части ДНР,"Она официально закрыта ""из-за ситуации с безопасностью""",https://tass.ru/ekonomika/27020067,"Mon, 06 Apr 2026 20:06:53 +0300",website,tass.ru
МИД РФ: ситуация на Ближнем Востоке грозит окончательно выйти из-под контроля,"Кризис, вызванный незаконной агрессией США и Израиля против Ирана, продолжает с каждым днем расширяться и усугубляться, говорится в заявлении",https://tass.ru/ekonomika/27020083,"Mon, 06 Apr 2026 20:08:42 +0300",website,tass.ru
Захарова: Россия видит попытки Запада уничтожить традиционные ценности,"Это касается всех сфер: от семьи до геополитических смыслов, отметила официальный представитель МИД РФ",https://tass.ru/politika/27020075,"Mon, 06 Apr 2026 20:08:58 +0300",website,tass.ru
РФ выдвинет замглавы департамента МЭР Иванникова в совет директоров ЕБРР,Он занимает должность заместителя директора департамента аналитического сопровождения внешнеэкономической деятельности ведомства,https://tass.ru/ekonomika/27020125,"Mon, 06 Apr 2026 20:11:02 +0300",website,tass.ru
Скульптуру Овечкина из маршмеллоу сделали в США,"Хоккеист изображен в форме ""Вашингтона"" с клюшкой",https://tass.ru/sport/27020147,"Mon, 06 Apr 2026 20:12:56 +0300",website,tass.ru
"""Автостат"": ""Kамаз"" в марте стал лидером продаж среднетоннажных грузовиков в РФ","Самой популярной моделью в сегменте по итогам месяца остался GAZ Gazon NEXT с долей рынка 18,5%, сообщили эксперты агентства",https://tass.ru/ekonomika/27020155,"Mon, 06 Apr 2026 20:14:13 +0300",website,tass.ru
Трамп фактически допустил возможность нового продления срока ультиматума Ирану,"Американский лидер отметил, что о перемирии речь пока не идет",https://tass.ru/mezhdunarodnaya-panorama/27020175,"Mon, 06 Apr 2026 20:16:22 +0300",website,tass.ru
ADNOC: перебоев в поставках после приостановки работы комплекса в ОАЭ нет,"Как заявили в компании, ""внутренний спрос покрывается за счет других производственных мощностей""",https://tass.ru/ekonomika/27020199,"Mon, 06 Apr 2026 20:16:58 +0300",website,tass.ru
ADNOC: перебоев в поставках после приостановки работы комплекса в ОАЭ нет,,https://tass.ru/ekonomika/27020199,"Mon, 06 Apr 2026 20:16:58 +0300",website,tass.ru
Менделеевская олимпиада в Москве станет углеродно-нейтральным событием,"Данный статус означает, что углеродный след, связанный с проведением олимпиады, будет полностью компенсирован",https://tass.ru/obschestvo/27020225,"Mon, 06 Apr 2026 20:19:15 +0300",website,tass.ru
Менделеевская олимпиада в Москве станет углеродно-нейтральным событием,"Статус означает, что углеродный след, связанный с проведением олимпиады, будет полностью компенсирован",https://tass.ru/obschestvo/27020225,"Mon, 06 Apr 2026 20:19:15 +0300",website,tass.ru
ТАСС: атакованный ВСУ сухогруз вез на накопитель около 3 тыс. тонн пшеницы,"Член экипажа отметил, что пшеницу нужно было довезти на накопитель для выгрузки",https://tass.ru/obschestvo/27020221,"Mon, 06 Apr 2026 20:23:02 +0300",website,tass.ru
Атакованный БПЛА ВСУ сухогруз вез на накопитель около 3 тыс. тонн пшеницы,,https://tass.ru/obschestvo/27020221,"Mon, 06 Apr 2026 20:23:02 +0300",website,tass.ru
NYT: США требуют от ХАМАС согласиться на демилитаризацию Газы до конца недели,"По данным издания, движение должно согласиться на поэтапную сдачу практически всего оружия и передачу карт разветвленной сети подземных туннелей",https://tass.ru/mezhdunarodnaya-panorama/27020265,"Mon, 06 Apr 2026 20:25:19 +0300",website,tass.ru
"Стало известно, что помешало экипажу сухогруза в Азовском море выйти на спасателей","Причиной стали сильный туман и неисправности на шлюпке, рассказал один из спасшихся",https://tass.ru/proisshestviya/27020273,"Mon, 06 Apr 2026 20:26:16 +0300",website,tass.ru
На Украине поврежден третий за день энергообъект,В Черниговской области обесточены 68 тыс. абонентов,https://tass.ru/mezhdunarodnaya-panorama/27020281,"Mon, 06 Apr 2026 20:27:00 +0300",website,tass.ru
В аэропорту Калуги ввели ограничения,Они необходимы для обеспечения безопасности полетов,https://tass.ru/obschestvo/27020307,"Mon, 06 Apr 2026 20:29:20 +0300",website,tass.ru
"ИКИ РАН: на РОС могут проводиться исследования экологии, полярного сияния и радиации","На отечественную станцию, вероятнее всего, перейдут те эксперименты, аппаратура которых находится внутри модуля российского сегмента МКС ""Наука"", отметил директор Института космических исследований Анатолий Петрукович",https://tass.ru/kosmos/27020315,"Mon, 06 Apr 2026 20:31:48 +0300",website,tass.ru
В Заполярье готовы остаться почти половина выпускников при условии высокой зарплаты,"""Авито работа"" совместно с Росмолодежью провели интерактивное исследование в рамках форума ""Больше, чем работа"". Старт V юбилейного сезона проекта""",https://tass.ru/obschestvo/27020123,"Mon, 06 Apr 2026 20:32:20 +0300",website,tass.ru
В Чечне увеличили число строящихся домов для пострадавших от непогоды до 127,"Практически завершена бетонная заливка и ведется кладка кирпичных стен, отметил глава региона Рамзан Кадыров",https://tass.ru/obschestvo/27020149,"Mon, 06 Apr 2026 20:35:34 +0300",website,tass.ru
Над регионами России сбили 14 украинских БПЛА,Работали силы ПВО,https://tass.ru/armiya-i-opk/27020353,"Mon, 06 Apr 2026 20:36:30 +0300",website,tass.ru
Ледовое шоу Тутберидзе в Астане состоится 1 мая,"Ранее ""Барыс-Арена"" расторгла договор аренды с командой Тутберидзе на проведение мероприятия",https://tass.ru/sport/27020359,"Mon, 06 Apr 2026 20:36:30 +0300",website,tass.ru
Движение по внешней стороне 105-го км МКАД было затруднено из-за ДТП,Обстоятельства произошедшего и информация о пострадавших уточняются,https://tass.ru/proisshestviya/27020387,"Mon, 06 Apr 2026 20:39:21 +0300",website,tass.ru
Движение по внешней стороне 105-го км МКАД затруднено из-за ДТП,Обстоятельства произошедшего и информация о пострадавших уточняются,https://tass.ru/proisshestviya/27020387,"Mon, 06 Apr 2026 20:39:21 +0300",website,tass.ru
"МИД Ирана заявил, что придерживается хороших отношений со странами региона","В том числе это касается Катара, отметил глава иранского МИД Аббас Арагчи",https://tass.ru/mezhdunarodnaya-panorama/27020403,"Mon, 06 Apr 2026 20:41:14 +0300",website,tass.ru
МИД Ирана привержен сохранению дружественных отношений со странами региона,,https://tass.ru/mezhdunarodnaya-panorama/27020403,"Mon, 06 Apr 2026 20:41:14 +0300",website,tass.ru
"Трамп утверждает, что Иран может быть уничтожен за одну ночь","Это может произойти в ночь на 8 апреля, отметил американский лидер",https://tass.ru/mezhdunarodnaya-panorama/27020409,"Mon, 06 Apr 2026 20:42:42 +0300",website,tass.ru
"Оркестр ""Классика"" запускает новый просветительский проект для студентов Петербурга",Проект разработан совместно с руководством Российского педагогического университета имени Александра Герцена,https://tass.ru/kultura/27020187,"Mon, 06 Apr 2026 20:43:26 +0300",website,tass.ru
"Арагчи заявил, что США ""злоупотребляют"" использованием военных баз",,https://tass.ru/mezhdunarodnaya-panorama/27020425,"Mon, 06 Apr 2026 20:43:59 +0300",website,tass.ru
"ТАСС: удар дрона по сухогрузу в Азовском море раскрыл рубку ""розочкой""","Пожар охватил ее в считаные минуты, рассказал один из членов экипажа",https://tass.ru/proisshestviya/27020289,"Mon, 06 Apr 2026 20:45:28 +0300",website,tass.ru
"Пятый модуль ""Школы мэров"" по экологии стартовал в Перми","Программа включает лекции экспертов Минприроды (Денис Буцаев о реформе обращения с отходами), МЧС (Вадим Гаршин о защите населения), Российского экологического общества (Рашид Исмаилов о профилактике конфликтов)",https://tass.ru/obschestvo/27019695,"Mon, 06 Apr 2026 20:46:38 +0300",website,tass.ru
В аэропорту Калуги сняли ограничения,Они были необходимы для обеспечения безопасности полетов,https://tass.ru/obschestvo/27020445,"Mon, 06 Apr 2026 20:47:07 +0300",website,tass.ru
В аэропорту Калуги сняли ограничения,,https://tass.ru/obschestvo/27020445,"Mon, 06 Apr 2026 20:47:07 +0300",website,tass.ru
"Трамп: для спасения пилота использовали 155 самолетов, чтобы запутать Иран","Для введения иранцев в заблуждение военные имитировали активность сразу в семи районах, отметил американский лидер",https://tass.ru/mezhdunarodnaya-panorama/27020435,"Mon, 06 Apr 2026 20:48:10 +0300",website,tass.ru
В подтопленных районах Дагестана проведут вакцинацию скота от опасных болезней,Работу по утилизации трупов погибшего скота в соответствии с установленными нормами и санитарными требованиями проводят ветеринарные службы и представители муниципалитетов,https://tass.ru/obschestvo/27020299,"Mon, 06 Apr 2026 20:48:16 +0300",website,tass.ru
"Трамп: власти ищут того, кто раскрыл данные о поисках в Иране американского летчика",Двухместный истребитель F-15E был сбит над территорией исламской республики 3 апреля,https://tass.ru/mezhdunarodnaya-panorama/27020449,"Mon, 06 Apr 2026 20:49:34 +0300",website,tass.ru
В Дагестане из-за паводков затопило два птицеводческих предприятия,Премьер-министр республики Абдулмуслим Абдулмуслимов подчеркнул необходимость точной сверки данных и недопустимость расхождения информации о количестве погибшего скота,https://tass.ru/proisshestviya/27020319,"Mon, 06 Apr 2026 20:50:40 +0300",website,tass.ru
В ДНР из-за действий ВСУ пострадали семь мирных жителей,"В их числе корреспондент ""Известий"" Евгений Быковский",https://tass.ru/proisshestviya/27020485,"Mon, 06 Apr 2026 20:55:03 +0300",website,tass.ru
В аэропорту Тамбова ввели ограничения,Они необходимы для обеспечения безопасности полетов,https://tass.ru/obschestvo/27020501,"Mon, 06 Apr 2026 20:56:36 +0300",website,tass.ru
"Шесть пациентов, пострадавших при ЧП в Нижнекамске, перевели в общие палаты",В больницах остаются 25 человек,https://tass.ru/obschestvo/27020327,"Mon, 06 Apr 2026 20:57:10 +0300",website,tass.ru
"Член экипажа: ВСУ явно знали, что совершают теракт против судна в Азовском море","Он выразил надежду, что будет оказана помощь семьям погибших моряков, у которых остались дети",https://tass.ru/proisshestviya/27020417,"Mon, 06 Apr 2026 20:59:20 +0300",website,tass.ru
The i Paper: Британия опасается ударов по своим базам на Ближнем Востоке,"Как уточняет газета, в Катаре британские ВВС используют базу Эль-Удейд, где базируется передовой штаб Центрального командования США для операций в ближневосточном регионе",https://tass.ru/mezhdunarodnaya-panorama/27020511,"Mon, 06 Apr 2026 21:00:32 +0300",website,tass.ru
"Астронавты ""Артемида-2"" установили рекорд дальности полета человека от Земли","Рид Вайсман, Виктор Гловер и Кристина Кук и Джереми Хансен удалились от планеты примерно на 406 608 км, превысив рекорд экспедиции ""Аполлон-13"" на около 6 437 км",https://tass.ru/kosmos/27020537,"Mon, 06 Apr 2026 21:01:38 +0300",website,tass.ru
В ДНР готовят методический сборник по работе с ветеранами боевых действий,"Глава региона Денис Пушилин отметил, что ветеранов спецоперации будут привлекать к развитию проекта ""Управдом""",https://tass.ru/obschestvo/27020467,"Mon, 06 Apr 2026 21:03:21 +0300",website,tass.ru
В Воронеже отменили сигнал ракетной опасности,Угроза перестала действовать на территории всего региона,https://tass.ru/proisshestviya/27020431,"Mon, 06 Apr 2026 21:06:22 +0300",website,tass.ru
La Repubblica: в аэропорту Бриндизи в Италии закончилось авиационное топливо,Авиакомпаниям рекомендовали заправляться заранее из расчета необходимого топлива для осуществления последующих рейсов,https://tass.ru/mezhdunarodnaya-panorama/27020557,"Mon, 06 Apr 2026 21:09:02 +0300",website,tass.ru
Минпросвещения опровергло данные о создании группы по включению новых слов в словари,"В ведомстве отметили, что распоряжением Правительства РФ от 30 апреля 2025 года утвержден список нормативных словарей, справочников и грамматик, фиксирующих нормы современного русского литературного языка при его использовании в качестве государственного языка России",https://tass.ru/obschestvo/27020581,"Mon, 06 Apr 2026 21:09:50 +0300",website,tass.ru
В Мордовии объявили беспилотную опасность,Угроза действует на территории всего региона,https://tass.ru/proisshestviya/27020505,"Mon, 06 Apr 2026 21:10:59 +0300",website,tass.ru
В Пензенской области объявили беспилотную опасность,В целях безопасности граждан введены временные ограничения работы мобильного интернета,https://tass.ru/proisshestviya/27020543,"Mon, 06 Apr 2026 21:12:45 +0300",website,tass.ru
"В ЛНР двух участников банды ""Тени"" осудили за убийства",Их приговорили к 22 годам и пожизненному сроку,https://tass.ru/proisshestviya/27020549,"Mon, 06 Apr 2026 21:15:08 +0300",website,tass.ru
Трамп назвал открытие Ормузского пролива очень крупным приоритетом,"Чтобы закрыть пролив, достаточно одного террориста с грузовиком, отметил американский лидер",https://tass.ru/mezhdunarodnaya-panorama/27020607,"Mon, 06 Apr 2026 21:17:04 +0300",website,tass.ru
Кимаковский: ВС РФ закрепились в промзоне Константиновки,"По данным советника главы ДНР, российские силы в городе ведут планомерную работу по выявлению и ликвидации логистических схем и цепочек, по которым идет ротация, вывоз раненых и поставка боеприпасов ВСУ",https://tass.ru/armiya-i-opk/27020589,"Mon, 06 Apr 2026 21:18:24 +0300",website,tass.ru
"Трамп: НАТО не смоет с репутации пятно, нанесенное во время конфликта с Ираном","Американский лидер отметил, что очень разочарован альянсом",https://tass.ru/mezhdunarodnaya-panorama/27020613,"Mon, 06 Apr 2026 21:19:15 +0300",website,tass.ru
Дмитрий Куклачев считает своим долгом выступления для бойцов в зоне СВО,Впервые артист приехал в Донбасс в середине 2023 года,https://tass.ru/obschestvo/27020561,"Mon, 06 Apr 2026 21:21:23 +0300",website,tass.ru
В Липецкой области объявили воздушную опасность,В регионе действует желтый уровень угрозы,https://tass.ru/proisshestviya/27020577,"Mon, 06 Apr 2026 21:21:42 +0300",website,tass.ru
"""Сочи"" потерпел шестое поражение подряд в РПЛ, уступив ""Рубину""",Казанцы продлили беспроигрышную серию в чемпионате до четырех матчей,https://tass.ru/sport/27020629,"Mon, 06 Apr 2026 21:22:42 +0300",website,tass.ru
"Трамп утверждает, что с Ираном ведутся переговоры с участием Уиткоффа и Вэнса","У республики ""есть время"" до 03:00 мск 8 апреля, заявил американский президент ",https://tass.ru/mezhdunarodnaya-panorama/27020635,"Mon, 06 Apr 2026 21:23:12 +0300",website,tass.ru
"Трамп надеется, что до дальнейшего уничтожения инфраструктуры Ирана не дойдет",При этом американский лидер назвал исламскую республику добросовестным участником переговоров с США,https://tass.ru/mezhdunarodnaya-panorama/27020643,"Mon, 06 Apr 2026 21:24:47 +0300",website,tass.ru
Трамп: США могут попытаться взимать плату за проход судов через Ормузский пролив,"Американский лидер заявил, что у Вашингтона уже есть концепция",https://tass.ru/mezhdunarodnaya-panorama/27020659,"Mon, 06 Apr 2026 21:29:06 +0300",website,tass.ru
Над Воронежской областью уничтожили шесть БПЛА,Из-за падения сбитого дрона и возникшего возгорания кровли склада пострадал мужчина,https://tass.ru/proisshestviya/27020673,"Mon, 06 Apr 2026 21:32:34 +0300",website,tass.ru
Следующий турнир лиги Шлеменко пройдет в реконструированном СКК им. Блинова,Комплекс был открыт после реконструкции в конце марта,https://tass.ru/sport/27020679,"Mon, 06 Apr 2026 21:34:19 +0300",website,tass.ru
"Спектакль ""Курьер"" в постановке Панкова стал ""Гвоздем сезона""","Также ""Малым хрустальным гвоздем"" отметили спектакли ""В списках не значился"" Театра Олега Табакова, ""Петербург - Петроград - Ленинград"" Театра музыки и поэзии под руководством Елены Камбуровой",https://tass.ru/kultura/27020691,"Mon, 06 Apr 2026 21:36:10 +0300",website,tass.ru
"Эксперт Боссхард: Киев шантажирует Европу, готовя себе ""золотой парашют""","Глава офиса Владимира Зеленского Кирилл Буданов заявлял, что союзники просили Украину приостановить авиаудары по российским НПЗ в связи с ростом мировых цен на энергоносители",https://tass.ru/mezhdunarodnaya-panorama/27020707,"Mon, 06 Apr 2026 21:37:39 +0300",website,tass.ru
Водоснабжение Махачкалы ограничат графиком из-за последствий дождей,"Для экономии воды и предотвращения их дефицита принято решение о временном ограничении работы насосных станций в Кировском, Советском и Ленинском районах",https://tass.ru/obschestvo/27020715,"Mon, 06 Apr 2026 21:38:50 +0300",website,tass.ru
В Киеве объявляли воздушную тревогу,"Сирены работают в Днепропетровской, Киевской, Сумской и Черниговской областях",https://tass.ru/proisshestviya/27020763,"Mon, 06 Apr 2026 21:45:40 +0300",website,tass.ru
В Киеве объявили воздушную тревогу,"Сирены также работают в Днепропетровской, Киевской, Сумской и Черниговской областях",https://tass.ru/proisshestviya/27020763,"Mon, 06 Apr 2026 21:45:40 +0300",website,tass.ru
"Кимаковский: ВСУ превратили в ""мини-крепости"" многие здания в Константиновке","Советник главы ДНР рассказал, что украинские солдаты готовились к долгой обороне города",https://tass.ru/politika/27020753,"Mon, 06 Apr 2026 21:46:46 +0300",website,tass.ru
В Ленобласти назначат выплаты ликвидирующим последствия атак БПЛА пожарным,"Премия составит 10 тыс. рублей, сообщил губернатор региона Александр Дрозденко",https://tass.ru/ekonomika/27020769,"Mon, 06 Apr 2026 21:47:30 +0300",website,tass.ru
В ДНР без света после атаки ВСУ остаются около 220-250 тыс. абонентов,"Премьер-министр республики Андрей Чертков рекомендовал при отсутствии дома стабилизаторов напряжения или защитных реле отключить все электроприборы, которые не задействованы в домашнем хозяйстве",https://tass.ru/proisshestviya/27020787,"Mon, 06 Apr 2026 21:48:19 +0300",website,tass.ru
В ДНР без света остаются около 220-250 тыс. абонентов,,https://tass.ru/proisshestviya/27020787,"Mon, 06 Apr 2026 21:48:19 +0300",website,tass.ru
"В ДНР заявили, что дроны РФ контролируют всю логистику ВСУ вокруг Константиновки","Глава республики Игорь Кимаковский уточнил, что ВС России используют беспилотники на оптоволокне и радиоканалах, а также дроны-разведчики, которые летают на больших высотах",https://tass.ru/armiya-i-opk/27020801,"Mon, 06 Apr 2026 21:52:01 +0300",website,tass.ru
"В Иране заявили, что силы ПВО сбили 168 БПЛА противников с начала конфликта","Ударный беспилотник Orbiter, запущенный американо-израильскими силами, был перехвачен и сбит, заявила пресс-служба иранских сухопутных войск",https://tass.ru/mezhdunarodnaya-panorama/27020811,"Mon, 06 Apr 2026 21:54:33 +0300",website,tass.ru
В русле реки Махачкалы выявили мешающий течению воды самострой,"Поручено провести проверку разрешительной документации по всем объектам, расположенным в зоне подтопления, включая само русло и прилегающую береговую линию",https://tass.ru/obschestvo/27020817,"Mon, 06 Apr 2026 21:56:27 +0300",website,tass.ru
"Трамп утверждает, что США могли бы помочь в восстановлении Ирана","Американский президент заявил, что Вашингтон не хочет уничтожения гражданской инфраструктуры республики ",https://tass.ru/mezhdunarodnaya-panorama/27020831,"Mon, 06 Apr 2026 22:01:17 +0300",website,tass.ru
Экипаж атакованного БПЛА сухогруза в Азовском море пытался тушить пожар,"Судно оказалось полностью неуправляемо, рассказал капитан сухогруза",https://tass.ru/proisshestviya/27020729,"Mon, 06 Apr 2026 22:03:35 +0300",website,tass.ru
"Трамп заявил, что противоречия в НАТО начались с Гренландии","При этом американский лидер отверг предположение, что Вашингтон может утратить роль лидера в альянсе ",https://tass.ru/mezhdunarodnaya-panorama/27020843,"Mon, 06 Apr 2026 22:03:55 +0300",website,tass.ru
Трамп: некоторые военные США были против спасения летчиков F-15 в Иране,"При этом военный министр Пит Хегсет и председатель Комитета начальников штабов ВС США Дэн Кейн ""в полной мере поддерживали"" проведение операции, заявил американский лидер ",https://tass.ru/mezhdunarodnaya-panorama/27020863,"Mon, 06 Apr 2026 22:05:07 +0300",website,tass.ru
В Театре кошек Куклачева рассказали о подготовке к гастролям в Донбассе,"Их начали готовить за восемь месяцев до поездки, сообщил первый заместитель худрука театра Дмитрий Куклачев",https://tass.ru/obschestvo/27019077,"Mon, 06 Apr 2026 22:13:10 +0300",website,tass.ru
"Капитан сухогруза рассказал, что спасло большую часть экипажа","Подготовка к нештатным ситуациям и слаженность команды позволила спасти большую часть команды, рассказал командир корабля ",https://tass.ru/proisshestviya/27020737,"Mon, 06 Apr 2026 22:14:06 +0300",website,tass.ru
"В Москве прошла премьера семейного фильма ""Моя собака - космонавт""",Картина выйдет в широкий прокат 9 апреля,https://tass.ru/kultura/27020849,"Mon, 06 Apr 2026 22:17:28 +0300",website,tass.ru
Армия Израиля заявила об ударах по штабам КСИР в Тегеране,"Кроме того, израильская авиация атаковала склад с баллистическими ракетами и пусковые установки, сообщили в ЦАХАЛ ",https://tass.ru/mezhdunarodnaya-panorama/27020875,"Mon, 06 Apr 2026 22:21:23 +0300",website,tass.ru
В Саратовской области в ДТП погиб человек,"Еще трое пострадали, сообщила Госавтоинспекция региона",https://tass.ru/proisshestviya/27020887,"Mon, 06 Apr 2026 22:24:40 +0300",website,tass.ru
Кандидатуру Артема Дедкова рассматривают на должность главного архитектора Москвы,"Российский архитектор и художник Сергей Кузнецов, занимавший пост главного архитектора столицы с 2012 года, был освобожден от должности по собственному желанию",https://tass.ru/obschestvo/27020903,"Mon, 06 Apr 2026 22:24:58 +0300",website,tass.ru
ТАСС: кандидатуру Дедкова рассматривают на должность главного архитектора Москвы,"Российский архитектор и художник Сергей Кузнецов, занимавший пост главного архитектора столицы с 2012 года, был освобожден от должности по собственному желанию",https://tass.ru/obschestvo/27020903,"Mon, 06 Apr 2026 22:24:58 +0300",website,tass.ru
"""Новатэк"" учредил компанию по строительству морских судов и плавучих конструкций","Генеральным директором компании назначен Илья Лущиков, который также руководит проектом ""Мурманск СПГ""",https://tass.ru/ekonomika/27020919,"Mon, 06 Apr 2026 22:29:27 +0300",website,tass.ru
"Трамп: США предпочитают, чтобы курды не вмешивались в войну с Ираном","Они несут с собой некоторые проблемы и сложности, заявил американский лидер",https://tass.ru/mezhdunarodnaya-panorama/27020925,"Mon, 06 Apr 2026 22:32:10 +0300",website,tass.ru
"Эксперт Маляиб: Израиль усиливает удары по Бейруту в ответ на операции ""Хезболлах""","Еврейское государство было готово к партизанским методам ведения боевых действий со стороны сил сопротивления, отметил генерал ",https://tass.ru/mezhdunarodnaya-panorama/27020935,"Mon, 06 Apr 2026 22:35:47 +0300",website,tass.ru
В Иране заявили о повреждении 750 учебных заведений с начала конфликта,"По данным  Министерства образования республики, 60 преподавателей и 250 учеников были убиты",https://tass.ru/mezhdunarodnaya-panorama/27020943,"Mon, 06 Apr 2026 22:37:31 +0300",website,tass.ru
Дмитриев: ЕС и Британия скрывали антитрамповскую позицию ради поддержки Украины,"Евросоюз и Великобритания лояльны экс-кандидату в президенты от Демократической партии Камале Харрис и бывшему президенту США Джо Байдену, отметил глава РФПИ",https://tass.ru/politika/27020967,"Mon, 06 Apr 2026 22:42:21 +0300",website,tass.ru
Кадырову вручили медаль за вклад в развитие науки,Награду ему передал президент региональной академии наук Джамбулат Умаров,https://tass.ru/obschestvo/27020979,"Mon, 06 Apr 2026 22:48:10 +0300",website,tass.ru
"В Турции заявили, что агрессия США и Израиля против Ирана несет угрозу региону","Официальный представитель правящей Партии справедливости и развития Омер Челик считает, что ""выход из сложившейся ситуации - в обсуждении архитектуры региональной безопасности"" ",https://tass.ru/mezhdunarodnaya-panorama/27020995,"Mon, 06 Apr 2026 22:52:43 +0300",website,tass.ru
В Белоруссии определили 10 лучших ресторанов по версии Wheretoeat,Рейтинг возглавил столичный проект Bergamo,https://tass.ru/ekonomika/27020959,"Mon, 06 Apr 2026 22:52:49 +0300",website,tass.ru
В Москве на Пасху ожидается кратковременный дождь и до 15 градусов тепла,"Синоптики пояснили, что в течение нынешней рабочей недели распространение холодных воздушных масс в столице и Подмосковье обеспечит малоподвижный циклон",https://tass.ru/obschestvo/27020989,"Mon, 06 Apr 2026 22:53:21 +0300",website,tass.ru
"В Рыбинске открылась новая ледовая арена площадью более 4,6 тыс. кв. м",Она расположена на Волжской набережной,https://tass.ru/obschestvo/27021003,"Mon, 06 Apr 2026 22:55:31 +0300",website,tass.ru
Хуситы заявили о совместных с КСИР ударах крылатыми ракетами по целям в Израиле,"Как утверждает военный представитель движения Яхья Сариа, операция ""успешно достигла своих целей""",https://tass.ru/mezhdunarodnaya-panorama/27021009,"Mon, 06 Apr 2026 22:58:32 +0300",website,tass.ru
Кабмин уточнил расположение Приморской АЭС в схеме территориального планирования,Планируется построить два энергоблока типа ВВЭР-1000 мощностью 1 000 МВт каждый,https://tass.ru/ekonomika/27020055,"Mon, 06 Apr 2026 22:58:53 +0300",website,tass.ru
"""Дочь советской Киргизии"" Чуйкова покажут на его выставке в Третьяковской галерее",Проект подготовлен совместно с Кыргызским национальным музеем изобразительных искусств имени Гапара Айтиева,https://tass.ru/kultura/27020883,"Mon, 06 Apr 2026 22:59:46 +0300",website,tass.ru
Ozon опроверг сообщения о подтверждении возраста через Max для товаров 18+,"Для покупки любых товаров на маркетплейсе, кроме энергетических напитков, возрастная идентификация через мессенджер не требуется",https://tass.ru/ekonomika/27021015,"Mon, 06 Apr 2026 23:01:58 +0300",website,tass.ru
"К поиску пропавшей в Хакасии девушки подключились волонтеры ""ЛизаАлерт""",Девушка 4 апреля уехала из дома на велосипеде и не вернулась,https://tass.ru/obschestvo/27021023,"Mon, 06 Apr 2026 23:06:26 +0300",website,tass.ru
В Пскове умерла ветеран Великой Отечественной войны Людмила Трофимова,Ей было 98 лет,https://tass.ru/obschestvo/27021021,"Mon, 06 Apr 2026 23:06:44 +0300",website,tass.ru
The i Paper: Лондон не даст США использовать свои базы для удара по мостам Ирана,"Премьер королевства Кир Стармер заявлял, что Британия готова на подобное военное сотрудничество лишь ради атак на иранские склады с ракетами, объекты, с которых ведется обстрел судов в Ормузском проливе, а также для защиты союзников и собственных интересов в регионе, отмечает газета",https://tass.ru/mezhdunarodnaya-panorama/27021047,"Mon, 06 Apr 2026 23:07:53 +0300",website,tass.ru
The i Paper: Британия не предоставит США свои базы для ударов по мостам Ирана,"Премьер королевства Кир Стармер заявлял, что Лондон готов на подобное военное сотрудничество лишь ради атак на иранские склады с ракетами, объекты, с которых ведется обстрел судов в Ормузском проливе, а также для защиты союзников и собственных интересов в регионе, отмечает газета",https://tass.ru/mezhdunarodnaya-panorama/27021047,"Mon, 06 Apr 2026 23:07:53 +0300",website,tass.ru
"Фицо подтвердил, что приедет на празднование 81-й годовщины Победы в Москву",Премьер-министр Словакии также принимал участие в торжествах по случаю 80-летия Победы в 2025 году,https://tass.ru/mezhdunarodnaya-panorama/27021037,"Mon, 06 Apr 2026 23:08:19 +0300",website,tass.ru
В аэропорту Пензы ввели ограничения,Об этом сообщили в Росавиации,https://tass.ru/ekonomika/27021057,"Mon, 06 Apr 2026 23:08:57 +0300",website,tass.ru
Израиль и Греция подписали договор о поставке Афинам ракетных систем PULS,Сумма сделки составляет около $750 млн,https://tass.ru/mezhdunarodnaya-panorama/27021077,"Mon, 06 Apr 2026 23:14:02 +0300",website,tass.ru
"В Москве назвали победителей чемпионата ""АртМастерс Регионы""","Ими стали драмеди ""Как говорил мой дед"" и этюд ""Дуэль""",https://tass.ru/kultura/27021061,"Mon, 06 Apr 2026 23:14:53 +0300",website,tass.ru
Агентство Associated Press планирует сокращение штата,"По оценкам портала Axios, оно коснется более 3 тыс. человек",https://tass.ru/obschestvo/27021089,"Mon, 06 Apr 2026 23:16:46 +0300",website,tass.ru
"В Галерее искусств Зураба Церетели открыли выставку, посвященную Говорухину",Она продлится до 7 июня,https://tass.ru/kultura/27021069,"Mon, 06 Apr 2026 23:23:56 +0300",website,tass.ru
В работе Reddit произошли сбои,"По данным портала Downdetector, проблемы фиксируют в США, Германии, Великобритании и Франции",https://tass.ru/obschestvo/27021103,"Mon, 06 Apr 2026 23:24:18 +0300",website,tass.ru
В Поморье вскрытие четырех рек произошло на три недели раньше климатической нормы,"Сейчас на реках области каких-либо опасных и неблагоприятных явлений, связанных с ледоходом, не отмечено",https://tass.ru/obschestvo/27020797,"Mon, 06 Apr 2026 23:24:20 +0300",website,tass.ru
Fars: Иран пригрозил США ударам по дата-центрам Amazon и Microsoft в ОАЭ,"По информации агентства, Тегеран поразит их в ответ на атаку по Технологическому университету имени Шарифа",https://tass.ru/mezhdunarodnaya-panorama/27021109,"Mon, 06 Apr 2026 23:33:22 +0300",website,tass.ru
В высокогорном чеченском селе оползни разрушили три частных дома,Из близлежащих 10 домов людей эвакуировали,https://tass.ru/proisshestviya/27021117,"Mon, 06 Apr 2026 23:34:37 +0300",website,tass.ru
В Самаре разыскивают пропавшего девятилетнего мальчика,"Отмечается, что ребенок может нуждаться в медицинской помощи",https://tass.ru/proisshestviya/27020951,"Mon, 06 Apr 2026 23:36:07 +0300",website,tass.ru
"""Холодное сердце"" с Кологривым и Копейкиным выйдет в цифровой прокат 7 апреля","Фильм является современной интерпретацией пьесы Александра Островского ""Снегурочка""",https://tass.ru/kultura/27021085,"Mon, 06 Apr 2026 23:38:04 +0300",website,tass.ru
Эксперт Коберник: около 40 тыс. русскоязычных детей не ходят в школы Львова,"Школьники, переехавшие с востока Украины, сталкиваются с насмешками и оскорблениями, рассказала украинский образовательный эксперт",https://tass.ru/obschestvo/27021133,"Mon, 06 Apr 2026 23:39:42 +0300",website,tass.ru
"Сеть ""Ростелекома"" подверглась мощной DDoS-атаке","Действия киберпреступников были оперативно нейтрализованы, сообщили в компании",https://tass.ru/ekonomika/27021143,"Mon, 06 Apr 2026 23:44:44 +0300",website,tass.ru
"Зафиксирована мощная DDoS-атака на сеть ""Ростелекома""",,https://tass.ru/ekonomika/27021143,"Mon, 06 Apr 2026 23:44:44 +0300",website,tass.ru
США заявили о повреждении и уничтожении свыше 155 кораблей Ирана,"В ходе операции ""Эпическая ярость"" американские военные также ударили по более чем 13 тыс. целей, сообщили в CENTCOM",https://tass.ru/mezhdunarodnaya-panorama/27021151,"Mon, 06 Apr 2026 23:45:50 +0300",website,tass.ru
CENTCOM: США повредили или уничтожили свыше 155 кораблей Ирана,,https://tass.ru/mezhdunarodnaya-panorama/27021151,"Mon, 06 Apr 2026 23:45:50 +0300",website,tass.ru
В работе Рунета произошел кратковременный сбой,"По данным сервиса Сбой. РФ, неполадки наблюдались в работе банков, интернет-сервисов и мобильных операторов",https://tass.ru/ekonomika/27021159,"Mon, 06 Apr 2026 23:48:49 +0300",website,tass.ru
Пользователи в России пожаловались на кратковременный сбой в работе Рунета,"По данным сервиса Сбой. РФ, неполадки наблюдались в работе банков, интернет-сервисов и мобильных операторов",https://tass.ru/ekonomika/27021159,"Mon, 06 Apr 2026 23:48:49 +0300",website,tass.ru
Иран заявил об ударе по по базам в Кувейте и Ираке и нескольким городам Израиля,"КСИР уточнил, что на базе Аль-Адири в Кувейте были уничтожены вертолетные ангары",https://tass.ru/mezhdunarodnaya-panorama/27021177,"Mon, 06 Apr 2026 23:51:10 +0300",website,tass.ru
В Ульяновской области объявили беспилотную опасность,В регионе возможно отключение мобильного интернета,https://tass.ru/proisshestviya/27021191,"Mon, 06 Apr 2026 23:51:56 +0300",website,tass.ru
В Самаре нашли пропавшего девятилетнего ребенка,Противоправных действий в отношении него не совершалось,https://tass.ru/obschestvo/27021183,"Mon, 06 Apr 2026 23:53:03 +0300",website,tass.ru
Захарова: Запад находится в инфовакууме из-за запрета журналистам задавать вопросы,"Официальный представитель МИД РФ отметила, что на своих еженедельных брифингах отвечает на вопросы всех журналистов, вне зависимости от того, из какой они страны",https://tass.ru/politika/27002415,"Sat, 04 Apr 2026 17:02:39 +0300",website,tass.ru
"В Москве в Музее космонавтики подготовили дни космического кино, уроков и семьи",Мероприятия пройдут с 6 по 12 апреля,https://tass.ru/obschestvo/27002431,"Sat, 04 Apr 2026 17:13:03 +0300",website,tass.ru
"В ""Нафтогазе"" заявили о повреждении своей инфраструктуры в Полтавской области",На месте начался пожар,https://tass.ru/proisshestviya/27002445,"Sat, 04 Apr 2026 17:13:32 +0300",website,tass.ru
"""Зенит"" вышел на первое место в РПЛ, обыграв ""Крылья Советов""",Форвард петербургского клуба Александр Соболев отличился в четвертом матче чемпионата подряд,https://tass.ru/sport/27002451,"Sat, 04 Apr 2026 17:15:27 +0300",website,tass.ru
В ДНР число пострадавших из-за обстрела со стороны ВСУ увеличилось до трех,Также повреждено несколько домов и теплотрасса,https://tass.ru/proisshestviya/27002473,"Sat, 04 Apr 2026 17:18:11 +0300",website,tass.ru
"Дмитриев предположил, что запасы топлива в ЕС закончатся примерно к 20 апреля","По словам главы РФПИ, последние поставки через Ормузский пролив достигнут Евросоюз через неделю - 11 апреля",https://tass.ru/ekonomika/27002481,"Sat, 04 Apr 2026 17:21:38 +0300",website,tass.ru
"Трамп пригрозил Ирану ""настоящим адом"", если республика не заключит сделку с США","Американский президент заявил, что у Тегерана осталось 48 часов, чтобы сделать это",https://tass.ru/udary-ssha-i-izrailya-po-iranu/27002493,"Sat, 04 Apr 2026 17:24:25 +0300",website,tass.ru
Генконсульство РФ в Дубае не получало данных о пострадавших россиянах при ударах Ирана,"Минобороны ОАЭ ранее в своей ежедневной сводке сообщило, что в общей сложности из-за ударов получили ранения 217 человек",https://tass.ru/politika/27002513,"Sat, 04 Apr 2026 17:27:47 +0300",website,tass.ru
"Захарова рассказала, как ее потряс пранк Вована и Лексуса с Джорджем Бушем","Официальный представитель МИД РФ напомнила, что в разговоре с пранкерами он назвал задачей киевского режима ""убить как можно больше русских""",https://tass.ru/obschestvo/27002533,"Sat, 04 Apr 2026 17:35:37 +0300",website,tass.ru
В Смоленской области открылся новый кризисный центр помощи беременным и женщинам с детьми,"Центр будет оказывать комплексную помощь тем, кто столкнулся с социальными, психологическими или материальными трудностями",https://tass.ru/obschestvo/27002561,"Sat, 04 Apr 2026 17:42:05 +0300",website,tass.ru
Абхазия намерена сохранить темп экономического роста на уровне 12-15% в год,"Среди приоритетов государственной поддержки абхазский премьер-министр Владимир Делба выделил экспортно-ориентированные производства, особенно в сельском хозяйстве, а также развитие туризма, сферы гостеприимства и транспортно-логистической инфраструктуры",https://tass.ru/ekonomika/27002571,"Sat, 04 Apr 2026 17:43:25 +0300",website,tass.ru
В Карелии в Выгозеро попало талловое масло,Угрозы дальнейшего распространения пятна в акваторию озера нет,https://tass.ru/proisshestviya/27002543,"Sat, 04 Apr 2026 17:45:20 +0300",website,tass.ru
"Болельщики ""Ростова-Дона"" вывесили на матче баннер в память о Кокшарове",Кокшаров умер 31 марта на 51-м году жизни,https://tass.ru/sport/27002573,"Sat, 04 Apr 2026 17:47:26 +0300",website,tass.ru
Фицо: ЕС и ЕК в вопросах энергобезопасности начинают походить на корабль самоубийц,"Словацкий премьер-министр раскритиковал подход Еврокомиссии и сообщества к решению вопросов обеспечения государств - членов союза газом и нефтью в период энергетического кризиса, вызванного конфликтом вокруг Ирана",https://tass.ru/mezhdunarodnaya-panorama/27002595,"Sat, 04 Apr 2026 17:52:04 +0300",website,tass.ru
Армия Израиля зафиксировала новый обстрел со стороны Ирана,"Оборонные системы работают над перехватом ракет, сообщила армейская пресс-служба",https://tass.ru/mezhdunarodnaya-panorama/27002601,"Sat, 04 Apr 2026 17:52:10 +0300",website,tass.ru
В аэропорту Кишинева эвакуировали пассажиров и персонал из-за сообщения о минировании,Пассажиров и провожающих попросили сохранять спокойствие и следить за информацией на онлайн-табло аэропорта,https://tass.ru/obschestvo/27002577,"Sat, 04 Apr 2026 17:52:49 +0300",website,tass.ru
Дмитриев: Британия станет второй по энергетическому ущербу из-за ошибок Стармера,"Глава РФПИ ответил на пост американского блогера Марио Науфаля, где отмечается, что Великобритания сильно пострадала от энергетического кризиса из-за конфликта с Ираном и собственных экономических решений",https://tass.ru/ekonomika/27002615,"Sat, 04 Apr 2026 17:56:26 +0300",website,tass.ru
Кадыров: пункт дислокации и склад ВСУ уничтожены на харьковском направлении,"Операцию осуществила группа ""Корнет"" спецназа ""Ахмат"" МО РФ",https://tass.ru/armiya-i-opk/27002609,"Sat, 04 Apr 2026 17:56:54 +0300",website,tass.ru
"Олимпийского чемпиона Крюкова внесли в базу ""Миротворца""",Лыжнику вменяется покушение на суверенитет и территориальную целостность Украины и поддержка в проведении специальной военной операции,https://tass.ru/sport/27002629,"Sat, 04 Apr 2026 17:58:22 +0300",website,tass.ru
Число жертв израильских ударов по Ливану с 2 марта превысило 1 422,Число раненых составило 4 294,https://tass.ru/mezhdunarodnaya-panorama/27002633,"Sat, 04 Apr 2026 18:07:29 +0300",website,tass.ru
"МИД РФ: огромные траты НАТО на ""оборону"" не принесли Европе безопасность","В министерстве отметили, что геополитическая экспансия альянса на Восток привела лишь ""к разрушению архитектуры европейской безопасности""",https://tass.ru/politika/27002645,"Sat, 04 Apr 2026 18:08:58 +0300",website,tass.ru
Студенты Кембриджа выиграли знаменитую лодочную регату на Темзе,Они одержали победу в четвертый раз подряд,https://tass.ru/sport/27002639,"Sat, 04 Apr 2026 18:15:04 +0300",website,tass.ru
В Липецкой области объявили воздушную опасность,Об этом сообщил глава региона Игорь Артамонов,https://tass.ru/proisshestviya/27002655,"Sat, 04 Apr 2026 18:18:03 +0300",website,tass.ru
В США задержали родственниц убитого иранского генерала Сулеймани,"В частности, племянница Касема Сулеймани, проживая в Лос-Анджелесе, активно поддерживала Иран в социальных сетях и медиа",https://tass.ru/mezhdunarodnaya-panorama/27002659,"Sat, 04 Apr 2026 18:22:38 +0300",website,tass.ru
В Одессе произошли взрывы,На территории области объявлена воздушная тревога,https://tass.ru/proisshestviya/27002669,"Sat, 04 Apr 2026 18:23:32 +0300",website,tass.ru
В Воронежской области объявили опасность атаки БПЛА,Жителей призвали сохранять спокойствие,https://tass.ru/proisshestviya/27002677,"Sat, 04 Apr 2026 18:26:34 +0300",website,tass.ru
"ЦСКА и ""Ростов-Дон"" сыграют в финале Кубка России по гандболу среди женщин",Финальная игра пройдет 5 апреля,https://tass.ru/sport/27002687,"Sat, 04 Apr 2026 18:27:38 +0300",website,tass.ru
"Филиппо обвинил Германию в ""военном безумии""","Попытки перевооружения ФРГ ""всегда заканчиваются плохо"", подчеркнул лидер французской партии ""Патриоты""",https://tass.ru/mezhdunarodnaya-panorama/27002695,"Sat, 04 Apr 2026 18:30:07 +0300",website,tass.ru
Пилотный проект новой модели высшего образования оценят на эффективность,"Министр науки и высшего образования РФ Валерий Фальков отметил, что основными элементами новой системы являются содержание образования, технология обучения, роль и статус преподавателя, степень свободы студента в выборе дисциплин и другие ",https://tass.ru/obschestvo/27002681,"Sat, 04 Apr 2026 18:30:42 +0300",website,tass.ru
В Таганском районе Москвы прошел парад трамваев,На мероприятии показали более 50 редких и уникальных экспонатов,https://tass.ru/obschestvo/27002705,"Sat, 04 Apr 2026 18:34:15 +0300",website,tass.ru
Эрдоган: Турция продолжит поддерживать переговоры по урегулированию на Украине,"Президент республики отметил, что Анкара придает большое значение безопасности судоходства в Черном море",https://tass.ru/mezhdunarodnaya-panorama/27002715,"Sat, 04 Apr 2026 18:35:17 +0300",website,tass.ru
"Работа AЭС ""Бушер"" продолжается без перебоев","Все процессы находятся под полным контролем и надзором, отметил представитель местных властей",https://tass.ru/ekonomika/27002721,"Sat, 04 Apr 2026 18:37:14 +0300",website,tass.ru
Пушилин: в отношениях ДНР и Абхазии начался новый виток,"Республики сотрудничают, в частности, в области туризма ",https://tass.ru/obschestvo/27002711,"Sat, 04 Apr 2026 18:37:39 +0300",website,tass.ru
В Таганском районе Москвы открыли дорожное движение,Маршруты изменяли в связи с проведением парада трамваев,https://tass.ru/obschestvo/27002735,"Sat, 04 Apr 2026 18:44:08 +0300",website,tass.ru
В Дагестане более 30 человек отравились питьевой водой,Следователи организовали проверку,https://tass.ru/proisshestviya/27002757,"Sat, 04 Apr 2026 18:52:25 +0300",website,tass.ru
"Артиллеристы ""Востока"" уничтожили танк ВСУ, движущийся полным ходом",Экипаж противника не выжил,https://tass.ru/armiya-i-opk/27002765,"Sat, 04 Apr 2026 18:54:32 +0300",website,tass.ru
"В Национальном центре ""Россия"" расскажут, как проходила подготовка Гагарина","Участники открытых лекций проекта ""Космическая одиссея"" также узнают, что из себя представляет профессия космонавта сегодня",https://tass.ru/obschestvo/27002767,"Sat, 04 Apr 2026 18:58:27 +0300",website,tass.ru
В Дагестане начали экстренную иммунизацию от гепатита А,Причиной является риск вспышки инфекции в зонах ЧС после недавнего наводнения,https://tass.ru/obschestvo/27002701,"Sat, 04 Apr 2026 19:01:17 +0300",website,tass.ru
В Сумах произошел взрыв,Воздушной тревоги на территории региона не объявлялось,https://tass.ru/proisshestviya/27002789,"Sat, 04 Apr 2026 19:03:33 +0300",website,tass.ru
"Футболист ""Краснодара"" Сперцян попал в стартовый состав на матч с ""Ахматом""",Встреча пройдет в субботу и начнется в 19:45 мск,https://tass.ru/sport/27002797,"Sat, 04 Apr 2026 19:04:07 +0300",website,tass.ru
В Запорожской области после атаки ВСУ без света остаются 40 тыс. абонентов,"Восстановлением электроснабжения занимаются 16 аварийных бригад ""Россетей""",https://tass.ru/obschestvo/27002807,"Sat, 04 Apr 2026 19:07:00 +0300",website,tass.ru
В Липецкой области объявляли угрозу атаки БПЛА,Об этом сообщил губернатор региона Игорь Артамонов,https://tass.ru/proisshestviya/27002823,"Sat, 04 Apr 2026 19:11:21 +0300",website,tass.ru
ТАСС: ВС РФ пресекают попытки ВСУ бросить к приграничью отряды БПЛА для минирования,"Подразделения группировки ""Север"" ежедневно продвигаются вперед, вытесняя противника все дальше от государственной границы для обеспечения безопасности мирных жителей, отметили в российских силовых структурах",https://tass.ru/armiya-i-opk/27002851,"Sat, 04 Apr 2026 19:11:53 +0300",website,tass.ru
ТАСС: украинских морпехов обвиняют в многочисленных коррупционных преступлениях,"Как сообщили в российских силовых структурах, сами украинские военные и члены их семей считают, что цель проверяющих не привлечь виновных к ответственности, а помочь им ее избежать",https://tass.ru/armiya-i-opk/27002841,"Sat, 04 Apr 2026 19:13:28 +0300",website,tass.ru
ТАСС: ВСУ публикуют смонтированные ИИ видео с критикой российского ВПК,"Подобные кадры активно распространяются крупными украинскими и антироссийскими СМИ, связанными с оппозицией, отметили в российских силовых структурах",https://tass.ru/armiya-i-opk/27002837,"Sat, 04 Apr 2026 19:14:59 +0300",website,tass.ru
Погибший на СВО сын замдиректора ЦРУ на первом задании спас раненых из БМП,"Майкл Александр Глосс сражался на стороне России под Часовым Яром в ДНР, участвовал в штурмовых действиях",https://tass.ru/armiya-i-opk/27002859,"Sat, 04 Apr 2026 19:18:03 +0300",website,tass.ru
Средняя цена бензина в США с начала войны с Ираном выросла на 37%,За последнюю неделю стоимость увеличилась на 12 центов,https://tass.ru/mezhdunarodnaya-panorama/27002867,"Sat, 04 Apr 2026 19:19:15 +0300",website,tass.ru
"В офисе Зеленского утверждают, что Уиткофф и Кушнер приедут в Киев после 12 апреля","По версии главы офиса Кирилла Буданова, Украина может получить гарантии безопасности после визита американской делегации",https://tass.ru/mezhdunarodnaya-panorama/27002883,"Sat, 04 Apr 2026 19:23:10 +0300",website,tass.ru
В Белгородской области из-за атак ВСУ пострадали два человека,У пострадавших диагностировали минно-взрывные травмы и баротравмы,https://tass.ru/proisshestviya/27002891,"Sat, 04 Apr 2026 19:25:45 +0300",website,tass.ru
В Нижегородской области затоплено более 400 приусадебных территорий,Также затоплены 11 низководных мостов и несколько участков автодорог,https://tass.ru/obschestvo/27002903,"Sat, 04 Apr 2026 19:29:48 +0300",website,tass.ru
Щенка из сошедшего с рельсов под Ульяновском поезда доставили домой,"Собака замерзла и была испугана, но не пострадала",https://tass.ru/obschestvo/27002875,"Sat, 04 Apr 2026 19:30:28 +0300",website,tass.ru
"Московское ""Динамо"" и ""Оренбург"" сыграли вничью со счетом 3:3 в матче РПЛ","""Динамо"" не выигрывает в трех подряд официальных матчах",https://tass.ru/sport/27002915,"Sat, 04 Apr 2026 19:30:33 +0300",website,tass.ru
"Иран заявил, что Ирак освобожден от ограничений на проход по Ормузскому проливу","В иранском штабе ВС ""Хатам-аль-Анбия"" подчеркнули, что ""ограничения распространяются только на враждебные страны""",https://tass.ru/mezhdunarodnaya-panorama/27002921,"Sat, 04 Apr 2026 19:32:52 +0300",website,tass.ru
Боевики ВСУ не сумели остановить штурмовиков и отступили без единого выстрела,"Была задача - забрать лесополосу, отметил штурмовик 29-й гвардейской общевойсковой армии группировки ""Восток"" с позывным Сына",https://tass.ru/armiya-i-opk/27002909,"Sat, 04 Apr 2026 19:35:22 +0300",website,tass.ru
"Юрист Леонова объяснила, бывают ли компенсации за испорченную в транспорте обувь","Идентифицировать наступившего на ногу и отсудить компенсацию будет проблематично, отметила кандидат юридических наук",https://tass.ru/obschestvo/27002927,"Sat, 04 Apr 2026 19:37:22 +0300",website,tass.ru
Кравцов призвал оценить риски идеи о сокращении срока обучения в школе,"Система образования уже выстроена и работает, подчеркнул глава Минпросвещения",https://tass.ru/obschestvo/27001771,"Sat, 04 Apr 2026 19:41:30 +0300",website,tass.ru
Вагенкнехт: ФРГ может столкнуться с принудительной мобилизацией по образцу Украины,"Газета Berliner Zeitung сообщала, что с 1 января 2026 года все мужчины в возрасте от 17 до 45 лет обязаны получать разрешение в центре карьеры Бундесвера, если они планируют покинуть Германию на срок более трех месяцев",https://tass.ru/mezhdunarodnaya-panorama/27002933,"Sat, 04 Apr 2026 19:42:16 +0300",website,tass.ru
CNN: доля сожалеющих о своем выборе избирателей Трампа удвоилась,Это произошло на фоне войны с Ираном,https://tass.ru/mezhdunarodnaya-panorama/27002941,"Sat, 04 Apr 2026 19:46:37 +0300",website,tass.ru
В Донецке из-за атаки БПЛА ВСУ поврежден офис ЛДПР,Никто не пострадал,https://tass.ru/proisshestviya/27002949,"Sat, 04 Apr 2026 19:50:01 +0300",website,tass.ru
Эксперт Назаров: сокращение обучения лишит школьников возможности достигать результатов,"Выработанная и сложившаяся при поддержке Минпросвещения 11-летняя система хорошо зарекомендовала себя и позволяет решать важные учебно-воспитательные задачи при работе с конкретными группами обучающихся, отметил специалист министерства",https://tass.ru/obschestvo/27002959,"Sat, 04 Apr 2026 19:51:13 +0300",website,tass.ru
В Брянской области из-за атаки беспилотника ВСУ на предприятие погиб человек,Губернатор региона Александр Богомаз выразил соболезнования родным погибшего,https://tass.ru/proisshestviya/27002971,"Sat, 04 Apr 2026 19:52:05 +0300",website,tass.ru
"Захарова: Зеленский не может уйти от власти сам, являясь ""наручной куклой"" Запада","Запад вкачал во Владимира Зеленского огромное количество ресурсов, отметила официальный представитель МИД РФ",https://tass.ru/politika/27002977,"Sat, 04 Apr 2026 19:54:10 +0300",website,tass.ru
В Дагестане более 20 человек госпитализировали с кишечной инфекцией,Среди них 14 детей,https://tass.ru/obschestvo/27002963,"Sat, 04 Apr 2026 19:54:21 +0300",website,tass.ru
В Херсоне произошли взрывы,Подробностей не приводится,https://tass.ru/proisshestviya/27002987,"Sat, 04 Apr 2026 19:54:44 +0300",website,tass.ru
Эксперт Рябина поддержала 11-летнее обучение в школах,"Российская образовательная система выстроена и эффективно работает, отметила специалист Минпросвещения",https://tass.ru/obschestvo/27002995,"Sat, 04 Apr 2026 19:55:30 +0300",website,tass.ru
"Зеленский заявил, что договорился с Эрдоганом о новых шагах в сфере безопасности","В ходе встречи также обсуждались двусторонние отношения Украины и Турции, ситуация в Европе и на Ближнем Востоке, отметил Владимир Зеленский",https://tass.ru/mezhdunarodnaya-panorama/27003009,"Sat, 04 Apr 2026 19:59:32 +0300",website,tass.ru
"Пивоваров назвал причины упущенной победы ""Динамо"" в матче с ""Оренбургом"""," ""Динамо"" на своем поле сыграло вничью с ""Оренбургом"" со счетом 3:3, ведя 2:0",https://tass.ru/sport/27003019,"Sat, 04 Apr 2026 20:06:00 +0300",website,tass.ru
"Захарова: у Украины с 1991 года не было лидера, думающего о ее интересах","Официальный представитель МИД РФ отметила, что это главная беда Украины ",https://tass.ru/politika/27003021,"Sat, 04 Apr 2026 20:07:43 +0300",website,tass.ru
Шахматистка Лагно потерпела второе поражение на турнире претенденток,Россиянка белыми фигурами уступила представительнице Индии Вайшали Рамешбабу,https://tass.ru/sport/27003039,"Sat, 04 Apr 2026 20:07:53 +0300",website,tass.ru
Посольство РФ: из-за инцидента со сбитым БПЛА в ОАЭ пострадала россиянка,"Ее состояние не вызывает опасений, сообщили в посольстве ",https://tass.ru/obschestvo/27003057,"Sat, 04 Apr 2026 20:09:48 +0300",website,tass.ru
"В Москве задержали мужчину, который убил знакомого 15 ударами ножа",С задержанным проводятся необходимые следственные действия,https://tass.ru/proisshestviya/27003031,"Sat, 04 Apr 2026 20:10:34 +0300",website,tass.ru
Военкомы под Ровно брызнули газом в машину с беременной женщиной,"Баллончик применили против мужчины, который отказывался покидать автомобиль",https://tass.ru/proisshestviya/27003067,"Sat, 04 Apr 2026 20:13:31 +0300",website,tass.ru
Росавиация исключила закрытие аэропорта Сочи,С начала года Росавиация в целях обеспечения безопасности полетов вводила временные ограничения работы аэропорта Сочи 30 раз,https://tass.ru/obschestvo/27003073,"Sat, 04 Apr 2026 20:21:46 +0300",website,tass.ru
"Майсторович рассказал о травме, из-за которой не играет больше года","Защитник в последний раз принял участие в официальном матче ""Динамо"" 29 сентября 2024 года",https://tass.ru/sport/27003107,"Sat, 04 Apr 2026 20:22:10 +0300",website,tass.ru
Дмитриев призвал NYT нанять образованных сотрудников,Глава РФПИ также предложил газете использовать ИИ для проверки фактов,https://tass.ru/politika/27003099,"Sat, 04 Apr 2026 20:24:26 +0300",website,tass.ru
В Запорожской области из-за атаки ВСУ на конную ферму погибли 14 лошадей,Еще трое выжили,https://tass.ru/proisshestviya/27003077,"Sat, 04 Apr 2026 20:24:47 +0300",website,tass.ru
Патриарх Кирилл назвал историческим событием возвращение икон из Третьяковки,"Он отметил, что даже находясь в Третьяковской галерее, эти иконы были объектом почитания, особенно в советское время",https://tass.ru/obschestvo/27003109,"Sat, 04 Apr 2026 20:27:01 +0300",website,tass.ru
В Пензенской области объявили беспилотную опасность,Граждан предупредили об ограничениях интернета,https://tass.ru/proisshestviya/27003123,"Sat, 04 Apr 2026 20:29:41 +0300",website,tass.ru
Иран заявил об ударах по объектам алюминиевой промышленности ОАЭ,"США и Израиль ""имеют значительные инвестиции в алюминиевую промышленность ОАЭ и использует ее для производства военной техники"", сообщил Генштаб вооруженных сил исламской республики",https://tass.ru/mezhdunarodnaya-panorama/27003139,"Sat, 04 Apr 2026 20:37:24 +0300",website,tass.ru
"Армия Израиля заявила, что одновременно атаковала более 200 целей в Иране и Ливане","Согласно ее заявлению, в Иране удары наносились по военным объектам Корпуса стражей исламской революции, складам с оружием, предприятиям по разработке и производству ракет, системам противовоздушной обороны",https://tass.ru/mezhdunarodnaya-panorama/27003147,"Sat, 04 Apr 2026 20:40:37 +0300",website,tass.ru
В Карелии загрязнение Выгозера планируют устранить до 6 апреля,Производственная лаборатория ЦБК и подведомственный Росприроднадзору Центр лабораторного анализа и технических измерений провели отбор проб воды на месте утечки для оценки воздействия на окружающую среду,https://tass.ru/obschestvo/27003129,"Sat, 04 Apr 2026 20:42:47 +0300",website,tass.ru
"У побережья Тайваня произошло землетрясение магнитудой 5,5",Очаг залегал на глубине 18 км,https://tass.ru/proisshestviya/27003153,"Sat, 04 Apr 2026 20:45:02 +0300",website,tass.ru
Российские юниорки вышли в плей-офф волейбольного турнира в Италии,,https://tass.ru/sport/27003161,"Sat, 04 Apr 2026 20:51:38 +0300",website,tass.ru
В Липецкой области объявили угрозу атаки БПЛА,Об этом сообщил губернатор региона Игорь Артамонов,https://tass.ru/proisshestviya/27003163,"Sat, 04 Apr 2026 20:53:57 +0300",website,tass.ru
АКОРТ: цены на томаты в крупных торговых сетях РФ соответствуют сезонным трендам,"Стоимость овоща начинается от 249 рублей за килограмм, отметил председатель президиума ассоциации Станислав Богданов",https://tass.ru/ekonomika/27003167,"Sat, 04 Apr 2026 20:55:07 +0300",website,tass.ru
Армия Израиля засекла ракетный обстрел из Йемена,В центре страны объявлена тревога,https://tass.ru/mezhdunarodnaya-panorama/27003173,"Sat, 04 Apr 2026 20:56:05 +0300",website,tass.ru
В Ингушетии избрали главу города Малгобека,Им стал Магомед Боков,https://tass.ru/obschestvo/27003179,"Sat, 04 Apr 2026 20:56:06 +0300",website,tass.ru
МИД Ирана: действия Тегерана в Ормузском проливе соответствуют международному праву,"Министр иностранных дел исламской республики Аббас Арагчи отметил, что ""суда невраждебных государств"" могут проходить через пролив в координации с Ираном",https://tass.ru/mezhdunarodnaya-panorama/27003195,"Sat, 04 Apr 2026 21:03:40 +0300",website,tass.ru
"В Саратове руководителя ""Т плюс"" освободили от должности",Причиной стали жалобы на повышение платы за отопление,https://tass.ru/obschestvo/27003181,"Sat, 04 Apr 2026 21:04:14 +0300",website,tass.ru
Армия Израиля подтвердила удары по нефтехимическому комплексу в Иране,"Объект подвергся атаке, поскольку производимые там химикаты использовались для нужд иранских вооруженных сил, утверждает ЦАХАЛ",https://tass.ru/mezhdunarodnaya-panorama/27003207,"Sat, 04 Apr 2026 21:07:54 +0300",website,tass.ru
Порядка 180 тыс. жителям Саратовской области произведут перерасчет за отопление,Причиной является неправомерное начисление платы,https://tass.ru/obschestvo/27003187,"Sat, 04 Apr 2026 21:09:22 +0300",website,tass.ru
В аэропорту Тамбова ввели временные ограничения,Ограничения необходимы для обеспечения безопасности полетов,https://tass.ru/ekonomika/27003225,"Sat, 04 Apr 2026 21:13:04 +0300",website,tass.ru
"В ДНР число мирных жителей, пострадавших при обстреле, увеличилось до пяти",Также повреждено остекление четырех многоквартирных домов и теплотрасса,https://tass.ru/proisshestviya/27003229,"Sat, 04 Apr 2026 21:13:37 +0300",website,tass.ru
Дмитриев предрек сокращение рейсов в ЕС и Великобритании из-за нормирования топлива,"Глава РФПИ так прокомментировал пост, где отмечается, что в Италии вводится нормирование авиационного топлива",https://tass.ru/ekonomika/27003263,"Sat, 04 Apr 2026 21:20:02 +0300",website,tass.ru
"Фигурист Гуменник стал победителем турнира шоу-программ ""Русский вызов""","Второе место заняли Виктория Синицина и Никита Кацалапов, на третьей строчке расположились Анастасия Мишина и Александр Галлямов",https://tass.ru/sport/27003281,"Sat, 04 Apr 2026 21:24:46 +0300",website,tass.ru
Дмитриев: цены на фьючерсную и физическую нефть сравняются в скором времени,"Это может произойти в ближайшие одну-две недели, отметил глава РФПИ",https://tass.ru/ekonomika/27003273,"Sat, 04 Apr 2026 21:25:14 +0300",website,tass.ru
В Воронеже объявили угрозу непосредственного удара БПЛА,Об этом сообщили в ГУ МЧС по региону,https://tass.ru/proisshestviya/27003291,"Sat, 04 Apr 2026 21:26:05 +0300",website,tass.ru
В Тель-Авиве полиция разогнала антивоенный митинг,Также 10 человек задержали за нарушение общественного порядка,https://tass.ru/mezhdunarodnaya-panorama/27003295,"Sat, 04 Apr 2026 21:28:02 +0300",website,tass.ru
В Белгородской области из-за атак ВСУ пострадали два человека,Одной из пострадавших оказалась 16-летняя девушка,https://tass.ru/proisshestviya/27003215,"Sat, 04 Apr 2026 21:30:09 +0300",website,tass.ru
"""Барселона"" одержала волевую победу над ""Атлетико"" в матче чемпионата Испании",Встреча завершилась со счетом 2:1 в пользу каталонцев,https://tass.ru/sport/27003579,"Sun, 05 Apr 2026 00:03:59 +0300",website,tass.ru
"""Спартак"" и ""Локомотив"" встретятся в московском дерби в 23-м туре РПЛ","Встреча пройдет на ""Лукойл-Арене""",https://tass.ru/sport/27003585,"Sun, 05 Apr 2026 00:07:20 +0300",website,tass.ru
В Саратовской области объявили угрозу атаки БПЛА,Об этом сообщили в РСЧС,https://tass.ru/proisshestviya/27003595,"Sun, 05 Apr 2026 00:11:31 +0300",website,tass.ru
В Ираке сообщили об атаке дронов на нефтехранилища месторождения Бузурган,Об ущербе информации нет,https://tass.ru/mezhdunarodnaya-panorama/27003601,"Sun, 05 Apr 2026 00:13:24 +0300",website,tass.ru
"""Арсенал"" вылетел из Кубка Англии, проиграв команде Чемпионшипа","Лондонская команда в четвертьфинале уступила ""Саутгемптону"" со счетом 1:2",https://tass.ru/sport/27003607,"Sun, 05 Apr 2026 00:13:56 +0300",website,tass.ru
"В Москве впервые показали спектакль Севастопольского театра Луначарского ""Таня""",Показ прошел на Большой сцене Московского Губернского театра,https://tass.ru/kultura/27003619,"Sun, 05 Apr 2026 00:21:30 +0300",website,tass.ru
Al Hadath: в центральной части Ирана произошли многочисленные взрывы,"Удары наносят американо-израильские силы, сообщил телеканал",https://tass.ru/mezhdunarodnaya-panorama/27003631,"Sun, 05 Apr 2026 00:35:25 +0300",website,tass.ru
"Всероссийский медиафорум в НЦ ""Россия"" объединил более 120 юнкоров","Основной темой форума стала подготовка к освещению событий, приуроченных к десятилетию ""Юнармии""",https://tass.ru/obschestvo/27003637,"Sun, 05 Apr 2026 00:36:27 +0300",website,tass.ru
В Дербенте коммунальные службы перешли на усиленный режим работы,Это связано со сходом грязевых масс,https://tass.ru/obschestvo/27003625,"Sun, 05 Apr 2026 00:36:56 +0300",website,tass.ru
"В Самарской области ввели план ""Ковер""",Причиной стала угроза подлета БПЛА,https://tass.ru/ekonomika/27003641,"Sun, 05 Apr 2026 00:39:08 +0300",website,tass.ru
На Ставрополье в ДТП погиб человек,Еще четверо пострадали,https://tass.ru/proisshestviya/27003647,"Sun, 05 Apr 2026 00:43:52 +0300",website,tass.ru
"В ОП рассказали, как вернуть деньги за навязанную страховку при кредите","Отказаться от полиса можно в течение 30 дней, сообщил член комиссии по общественной экспертизе законопроектов и иных нормативных актов Евгений Машаров",https://tass.ru/obschestvo/27003655,"Sun, 05 Apr 2026 01:15:50 +0300",website,tass.ru
Малкин преодолел отметку в 1 400 очков в регулярных чемпионатах НХЛ,"Форвард ""Питтсбурга"" набрал юбилейный результативный балл в матче с ""Флоридой""",https://tass.ru/sport/27003661,"Sun, 05 Apr 2026 01:27:57 +0300",website,tass.ru
Мурашко: молодые люди стали чаще страдать от сердечных приступов,"По словам министра здравоохранения, для профилактики заболеваний в программу госгарантий погружены новые обследования",https://tass.ru/obschestvo/27003677,"Sun, 05 Apr 2026 01:30:55 +0300",website,tass.ru
Кросби вышел на 7-е место по очкам в регулярных чемпионатах НХЛ,"Капитан ""Питтсбурга"" обошел Стива Айзермана",https://tass.ru/sport/27003679,"Sun, 05 Apr 2026 01:31:11 +0300",website,tass.ru
Мурашко: инновационные разработки и исследования будут погружать в госгарантии,"Акцент в медицине смещается в сторону ранней диагностики, отметил министр здравоохранения России",https://tass.ru/obschestvo/27003685,"Sun, 05 Apr 2026 01:31:21 +0300",website,tass.ru
В Дербенте из-за паводков провели гиперхлорирование воды,Жителям города в ближайшие дни рекомендовали использовать исключительно кипяченую воду,https://tass.ru/obschestvo/27003669,"Sun, 05 Apr 2026 01:33:41 +0300",website,tass.ru
В Иране заявили о гибели трех человек при ракетной атаке,"Губернатор провинции Кохгилуйе и Бойерахмед не исключил, что число жертв может значительно увеличиться",https://tass.ru/mezhdunarodnaya-panorama/27003689,"Sun, 05 Apr 2026 01:35:51 +0300",website,tass.ru
В Дербенте практически на всех улицах упал уровень воды,Вода ушла в ливневки,https://tass.ru/obschestvo/27003697,"Sun, 05 Apr 2026 01:42:41 +0300",website,tass.ru
В Кувейте после атаки БПЛА произошел пожар в комплексе по переработке нефти,"В компании Kuwait Petroleum Corporation указали, что сведений о пострадавших не поступало",https://tass.ru/proisshestviya/27003705,"Sun, 05 Apr 2026 01:48:50 +0300",website,tass.ru
Боксер Уайлдер выиграл у Чисоры в Великобритании,Американец одержал победу раздельным решением судей,https://tass.ru/sport/27003711,"Sun, 05 Apr 2026 01:52:54 +0300",website,tass.ru
ТАСС: истребители ВВС Израиля преодолели звуковой барьер над Бейрутом,"Самолеты несколько раз пролетели над городом, вызвав панику среди местных жителей",https://tass.ru/mezhdunarodnaya-panorama/27003717,"Sun, 05 Apr 2026 01:56:59 +0300",website,tass.ru
На северо-западе Ирана заявили о гибели трех мирных жителей при атаках с воздуха,"Еще трое получили ранения, сообщил заместитель губернатора провинции Ардебиль",https://tass.ru/mezhdunarodnaya-panorama/27003725,"Sun, 05 Apr 2026 02:04:04 +0300",website,tass.ru
В Ярославской области объявили беспилотную опасность,Жителей призвали укрыться в ближайших зданиях,https://tass.ru/proisshestviya/27003731,"Sun, 05 Apr 2026 02:09:55 +0300",website,tass.ru
Слуцкий предложил ввести ответственность за навязчивое преследование,Также лидер ЛДПР считает целесообразным разработать меры превентивной защиты,https://tass.ru/obschestvo/27003735,"Sun, 05 Apr 2026 02:10:34 +0300",website,tass.ru
"В Росстате рассказали, где средняя зарплата больше всего","По данным статистики, жители Чукотки получают в среднем более 220 тыс. рублей",https://tass.ru/obschestvo/27003743,"Sun, 05 Apr 2026 02:35:21 +0300",website,tass.ru
Номинальная зарплата россиян выросла в пять раз с 2010 года,По сравнению с 2015 годом произошел трехкратный рост зарплат,https://tass.ru/ekonomika/27003753,"Sun, 05 Apr 2026 02:35:51 +0300",website,tass.ru
Почти на всей территории Украины отменили воздушную тревогу,"Сирены продолжают работать в отдельных районах Днепропетровской, Сумской и Харьковской областей",https://tass.ru/proisshestviya/27003763,"Sun, 05 Apr 2026 02:44:45 +0300",website,tass.ru
"Командир Тихон: ""Гиацинт-Б"" тремя ударами уничтожил пункт управления БПЛА ВСУ","Российские военнослужащие также ликвидировали живую силу украинской армии под Херсоном, рассказал он",https://tass.ru/armiya-i-opk/27003771,"Sun, 05 Apr 2026 03:01:47 +0300",website,tass.ru
"С заказом на космическом ""грузовике"" космонавту Федяеву помогали друзья в РФ","Жена Андрея Федяева участвовала удаленно, такое произошло впервые в практике, отметил заведующий лабораторией психофизиологического обеспечения полетов и экстремальной деятельности Института медико-биологических проблем Олег Рюмин",https://tass.ru/nauka/27003777,"Sun, 05 Apr 2026 03:04:37 +0300",website,tass.ru
НИЦ Гамалеи: создание онковакцины для конкретного пациента занимает три месяца,"Срок будет сокращаться со временем, сообщил замдиректора по научной работе центра Владимир Гущин",https://tass.ru/obschestvo/27003781,"Sun, 05 Apr 2026 03:10:28 +0300",website,tass.ru
МВД: мошенники обманывают детей под предлогом перехода на электронные дневники,Школьникам звонят от лица сотрудников центра образования и просят продиктовать код из СМС,https://tass.ru/obschestvo/27003785,"Sun, 05 Apr 2026 03:18:07 +0300",website,tass.ru
Reuters: машина въехала в толпу на праздновании лаосского Нового года в США,Пострадали 15 человек,https://tass.ru/proisshestviya/27003795,"Sun, 05 Apr 2026 03:23:23 +0300",website,tass.ru
В Самарской области сняли угрозу атаки беспилотников,Об этом сообщил глава региона Вячеслав Федорищев,https://tass.ru/proisshestviya/27003801,"Sun, 05 Apr 2026 03:27:56 +0300",website,tass.ru
"Синоптик рассказала, что означает показатель ""погода ощущается""","Ведущий сотрудник Гидрометцентра Марина Макарова отметила, что существует так называемая эффективная температура, для расчета которой используют специальную формулу, включающую фактическую температуру, влажность и ветер",https://tass.ru/obschestvo/27003807,"Sun, 05 Apr 2026 03:32:24 +0300",website,tass.ru
"Эксперт Богданова-Шемраева рассказала, кому могут отказать в отпуске летом","Это может произойти из-за сезонной нагрузки в организации или в случае, если отпуска нет в графике, отметила директор департамента по работе с персоналом Российского общества ""Знание""",https://tass.ru/obschestvo/27003811,"Sun, 05 Apr 2026 03:42:32 +0300",website,tass.ru
"Аэропорты Пензы, Саратова и Ульяновска возобновили работу",Ограничения вводили для обеспечения безопасности полетов,https://tass.ru/ekonomika/27003815,"Sun, 05 Apr 2026 03:50:58 +0300",website,tass.ru
"Эксперт Гриненко назвала отрасли, где востребованы специалисты старше 50 лет","Руководитель HR-программы РАНХиГС сообщила, что компании активно нанимают таких сотрудников в образовании, здравоохранении, логистике, торговле, финансах и промышленности",https://tass.ru/obschestvo/27003827,"Sun, 05 Apr 2026 04:01:32 +0300",website,tass.ru
"На новом ""грузовике"" к МКС отправятся конфеты, георгиевская лента и игрушки","Их доставит корабль ""Прогресс МС-34""",https://tass.ru/kosmos/27003821,"Sun, 05 Apr 2026 04:01:52 +0300",website,tass.ru
В аэропортах Калуги и Ярославля ввели временные ограничения,Они необходимы для обеспечения безопасности полетов,https://tass.ru/ekonomika/27003833,"Sun, 05 Apr 2026 04:04:00 +0300",website,tass.ru
Эксперт Минакова: современная молодежь принимает решения быстрее,"Школьники и студенты открыты новому и легче адаптируются к меняющемуся миру, отметила преподаватель СПбГБУДО ""ЦГИ им. А. Ахматовой""",https://tass.ru/obschestvo/27003837,"Sun, 05 Apr 2026 04:12:37 +0300",website,tass.ru
Израильская армия заявила об очередном ракетном пуске из Ирана,"По данным портала Ynet, сирены сработали в северной части страны",https://tass.ru/mezhdunarodnaya-panorama/27003841,"Sun, 05 Apr 2026 04:15:13 +0300",website,tass.ru
В Иране сообщили о запуске ракет по Израилю,Подробности не приводятся,https://tass.ru/mezhdunarodnaya-panorama/27003847,"Sun, 05 Apr 2026 04:17:07 +0300",website,tass.ru
"WP: китайские компании начали торговать разведданными о ВС США, дополненными ИИ","По информации газеты, частные фирмы объединяют технологию искусственного интеллекта с данными из открытых источников для дальнейшего выявления действий американской армии",https://tass.ru/mezhdunarodnaya-panorama/27003853,"Sun, 05 Apr 2026 04:19:36 +0300",website,tass.ru
"Космическая обсерватория ""Спектр-М"" будет искать признаки жизни во Вселенной","Процесс будет состоять из поиска следов воды и излучения от сложных молекул и органических соединений, сообщили в НПО имени С. А. Лавочкина",https://tass.ru/nauka/27003867,"Sun, 05 Apr 2026 04:32:25 +0300",website,tass.ru
В Кувейте сообщили о повреждении двух электростанций при атаке Ирана,"Повреждены также опреснительные установки, сообщило министерство электроэнергетики, водных ресурсов и возобновляемых источников энергии",https://tass.ru/mezhdunarodnaya-panorama/27003873,"Sun, 05 Apr 2026 04:43:24 +0300",website,tass.ru
"КСИР заявил, что сбил еще один БПЛА MQ-9 над центром Ирана","Кому именно принадлежал этот дрон, не уточняется",https://tass.ru/mezhdunarodnaya-panorama/27003881,"Sun, 05 Apr 2026 04:52:19 +0300",website,tass.ru
"Смотритель храма рассказал, как молитва Богородице спасла людей от РСЗО ВСУ",После обеда начался залповый обстрел РСЗО кассетного типа по месту расположения,https://tass.ru/armiya-i-opk/27003235,"Sun, 05 Apr 2026 05:00:00 +0300",website,tass.ru
"Операторы дронов ""Востока"" сорвали ротацию ВСУ в Запорожской области","Кроме того, в Минобороны сообщили об уничтожении замаскированных блиндажей противника в лесополосах на запорожском направлении",https://tass.ru/armiya-i-opk/27003905,"Sun, 05 Apr 2026 05:00:34 +0300",website,tass.ru
"Группировка ""Север"" за сутки уничтожила 39 пунктов БПЛА и 61 тяжелый коптер ВСУ",Российские военнослужащие также ликвидировали 187 беспилотников самолетного типа,https://tass.ru/armiya-i-opk/27003915,"Sun, 05 Apr 2026 05:00:43 +0300",website,tass.ru
Военнослужащие службы горючего перенимают опыт штурмовиков в доставке топлива,"Для доставки грузов малого объема задействованы моторизированные средства, такие как багги, трициклы, легкий автомобильный транспорт и малая беспилотная авиация",https://tass.ru/armiya-i-opk/27003901,"Sun, 05 Apr 2026 05:00:48 +0300",website,tass.ru
"Группировка войск ""Запад"" за сутки сбила 99 беспилотников ВСУ",Уничтожены также шесть барражирующих припасов украинской армии,https://tass.ru/armiya-i-opk/27003923,"Sun, 05 Apr 2026 05:00:50 +0300",website,tass.ru
Войска БПЛА в режиме свободной охоты уничтожили живую силу ВСУ у Доброполья,Также российские военнослужащие уничтожили технику противника,https://tass.ru/armiya-i-opk/27003893,"Sun, 05 Apr 2026 05:00:57 +0300",website,tass.ru
"Бойцам отряда ""БАРС-22"" имени Героя РФ Ефремова вручили госнаграды","Кроме того, в зоне СВО вручили государственные награды военнослужащим 90-й гвардейской танковой дивизии группировки войск ""Центр""",https://tass.ru/armiya-i-opk/27003931,"Sun, 05 Apr 2026 05:01:31 +0300",website,tass.ru
В аэропорту Пулково ввели временные ограничения,Они необходимы для обеспечения безопасности полетов,https://tass.ru/ekonomika/27003933,"Sun, 05 Apr 2026 05:02:52 +0300",website,tass.ru
Продажи рушников для пасхальных куличей выросли на Wildberries на 260%,"Спрос на другие товары к пасхе с начала марта вырос на 150%, отметили в компании",https://tass.ru/ekonomika/27003941,"Sun, 05 Apr 2026 05:13:24 +0300",website,tass.ru
"В аэропортах Калуги, Тамбова и Ярославля сняли ограничения",Они были необходимы для обеспечения безопасности полетов,https://tass.ru/ekonomika/27003947,"Sun, 05 Apr 2026 05:22:15 +0300",website,tass.ru
В Ленинградской области объявили опасность БПЛА,В регионе возможно понижение скорости мобильного интернета,https://tass.ru/proisshestviya/27003959,"Sun, 05 Apr 2026 05:26:28 +0300",website,tass.ru
МВД: обстановку с подростковой преступностью стабилизировали,"Число предварительно расследованных преступлений сократилось на 9,6% за два месяца, сообщили в министерстве",https://tass.ru/obschestvo/27003967,"Sun, 05 Apr 2026 05:30:46 +0300",website,tass.ru
"""Известия"": в 2025 году подростки начали активнее искать работу","Средние зарплатные ожидания молодых людей в 2026 году достигли 16,7 тыс. рублей в месяц",https://tass.ru/obschestvo/27003985,"Sun, 05 Apr 2026 05:36:58 +0300",website,tass.ru
Эксперть Янь: КНР создает беспилотные подводные аппараты не для атак на США,"Устройства нужны стране для самообороны, отметил глава отдела по беспилотным системам Харбинского инженерного университета",https://tass.ru/mezhdunarodnaya-panorama/27003989,"Sun, 05 Apr 2026 05:59:07 +0300",website,tass.ru
"Дотком считает, что ЕС не выделит Украине кредит в €90 млрд","По мнению основателя Megaupload, Россия ""уже победила"" в конфликте",https://tass.ru/mezhdunarodnaya-panorama/27003999,"Sun, 05 Apr 2026 06:01:06 +0300",website,tass.ru
В Москве прогнозируют снижение температуры и дожди,В ночь на 6 апреля температура воздуха может опуститься до плюс 2 градусов,https://tass.ru/obschestvo/27004011,"Sun, 05 Apr 2026 06:01:46 +0300",website,tass.ru
Начальник службы ГСМ Фара: ВСУ доставляют топливо под Сумами только вручную,"Такой способ сокращает объем заправки и усложняет маневры украинской армии, отметил российский военнослужащий",https://tass.ru/armiya-i-opk/27004003,"Sun, 05 Apr 2026 06:02:07 +0300",website,tass.ru
В Петербурге в Вербное воскресенье пройдет крестный ход вокруг Исаакиевского собора,Богослужение возглавит митрополит Санкт-Петербургский и Ладожский Варсонофий,https://tass.ru/obschestvo/27004017,"Sun, 05 Apr 2026 06:03:30 +0300",website,tass.ru
Над Ленинградской областью сбили семь БПЛА,Об этом сообщил губернатор региона Александр Дрозденко,https://tass.ru/proisshestviya/27004025,"Sun, 05 Apr 2026 06:05:25 +0300",website,tass.ru
"Эксперт Сафонов объяснил, почему у мужчин пенсия больше","Женщины выходят на пенсию раньше, и, как следствие, у них меньше страхового стажа, отметил профессор Финансового университета при правительстве РФ",https://tass.ru/obschestvo/27004041,"Sun, 05 Apr 2026 06:11:13 +0300",website,tass.ru
"Глава Генштаба ВС Ирана пообещал ""открыть врата ада"" для Израиля и США","Удары по энергетике вызовут атаки по базам противников исламской республики в регионе, заявил Али Абдоллахи",https://tass.ru/mezhdunarodnaya-panorama/27004049,"Sun, 05 Apr 2026 06:14:11 +0300",website,tass.ru
В Липецкой области отменили воздушную опасность,Об этом сообщил губернатор региона Игорь Артамонов,https://tass.ru/proisshestviya/27004045,"Sun, 05 Apr 2026 06:14:12 +0300",website,tass.ru
Сальдо: пророссийское подполье успешно ослабляет ВСУ к освобождению Херсона,"В частности, отметил губернатор Херсонской области, подпольщики наносят удары по логистике противника, а также передают важные сведения ВС РФ",https://tass.ru/armiya-i-opk/27004079,"Sun, 05 Apr 2026 06:30:44 +0300",website,tass.ru
Сальдо: пророссийское подполье успешно ослабляет ВСУ к освобождению Херсона,"Подпольщики деморализуют противника, отметил губернатор Херсонской области",https://tass.ru/armiya-i-opk/27004079,"Sun, 05 Apr 2026 06:30:44 +0300",website,tass.ru
ТАСС: ВСУ перебросили резервы южнее Юнаковки,"Завершивших базовую подготовку солдат прикомандировали к 47-й отдельной мехбригаде украинской армии, сообщил источник агентства",https://tass.ru/armiya-i-opk/27004109,"Sun, 05 Apr 2026 06:30:59 +0300",website,tass.ru
ТАСС: не достигших 20 лет курсантов назначают в артбригаду ВСУ у Сум,"Юноши получают в подчинение до взвода солдат, сообщили в российских силовых структурах",https://tass.ru/armiya-i-opk/27004117,"Sun, 05 Apr 2026 06:31:28 +0300",website,tass.ru
ТАСС: ВСУ бросят к Волчанску заградотряд для поимки дезертирующих коммунальщиков,"Работников ЖКХ вывезли на принудительные работы по оборудованию позиций южнее Заречного, так как достаточного количества военных не смогли набрать из-за эпидемии ОРВИ, уточнили в российских силовых структурах",https://tass.ru/armiya-i-opk/27004125,"Sun, 05 Apr 2026 06:31:44 +0300",website,tass.ru
В Севастополе объявили воздушную тревогу,Об этом сообщил губернатор города Михаил Развожаев,https://tass.ru/proisshestviya/27004135,"Sun, 05 Apr 2026 06:39:23 +0300",website,tass.ru
NHK: извержение Фудзи может лишить электричества ключевую инфраструктуру Японии,"Согласно расчетам японского правительства, потенциальное извержение вулкана способно привести к накоплению около 10 см пепла в Токио в течение двух недель",https://tass.ru/obschestvo/27004155,"Sun, 05 Apr 2026 06:54:58 +0300",website,tass.ru
"Сальдо: пророссийское подполье показывает, что Херсон никогда не будет сломлен",Губернатор Херсонской области назвал моральный эффект главным фактором,https://tass.ru/armiya-i-opk/27004171,"Sun, 05 Apr 2026 06:55:56 +0300",website,tass.ru
Прилепин: у добровольческого движения в России большие перспективы,"По словам писателя и военнослужащего, контрактники в добровольческих формированиях также демонстрируют высокий уровень мотивации",https://tass.ru/obschestvo/27004179,"Sun, 05 Apr 2026 07:00:46 +0300",website,tass.ru
"Командир Вектор: бойцы ""Севера"" уничтожили более 15 средств связи ВСУ","Российские военнослужащие также поражают генераторы и бойцов подразделения связи украинской армии, отметил он",https://tass.ru/armiya-i-opk/27004195,"Sun, 05 Apr 2026 07:03:15 +0300",website,tass.ru
Axios: спецназ США спас второго члена экипажа сбитого в Иране истребителя F-15,"По сведениям портала, отряд действовал при поддержке американской авиации",https://tass.ru/mezhdunarodnaya-panorama/27004201,"Sun, 05 Apr 2026 07:06:14 +0300",website,tass.ru
"Овечкин сделал две голевые передачи в матче с ""Баффало""","""Вашингтон"" одержал победу со счетом 6:2",https://tass.ru/sport/27004197,"Sun, 05 Apr 2026 07:07:33 +0300",website,tass.ru
Эксперт Средин: рост спроса на медь в Китае выгоден России,"По словам руководителя департамента по работе с клиентами рыночных отраслей ВТБ, к 2030 году ожидается рост ежегодного потребления этого металла в КНР до 20 млн тонн",https://tass.ru/ekonomika/27004185,"Sun, 05 Apr 2026 07:10:49 +0300",website,tass.ru
"Чемпион НХЛ последних двух сезонов ""Флорида"" не вышел в плей-офф",Действующий чемпион не пробился в розыгрыш Кубка Стэнли впервые с 2015 года,https://tass.ru/sport/27004207,"Sun, 05 Apr 2026 07:12:07 +0300",website,tass.ru
Эксперт Ермолаева: укус клеща может вызвать сразу несколько инфекций,"Речь идет о клещевом энцефалите, боррелиозе, риккетсиозе, анаплазмозе и эрлихиозе",https://tass.ru/obschestvo/27004215,"Sun, 05 Apr 2026 07:13:06 +0300",website,tass.ru
OneTwoTrip: спрос россиян на турпоездки с детьми весной снизился на 10%,Самым популярным направлением внутри РФ для семейных путешествий стала Москва,https://tass.ru/obschestvo/27004227,"Sun, 05 Apr 2026 07:13:19 +0300",website,tass.ru
"В Таиланде за месяц дизель подорожал более чем в 1,5 раза",Очередная волна повышения цен связана с решением таиландского комитета по управлению Фондом нефтяного топлива о дальнейшем сокращении субсидий на фоне волатильности мировых цен на нефть и нефтепродукты,https://tass.ru/ekonomika/27004243,"Sun, 05 Apr 2026 07:21:23 +0300",website,tass.ru
В Калуге ночью уничтожили три украинских беспилотника,Пострадавших и разрушений инфраструктуры нет,https://tass.ru/proisshestviya/27004253,"Sun, 05 Apr 2026 07:23:48 +0300",website,tass.ru
В Ленинградской области уничтожили 17 БПЛА,Зафиксировали падение обломков,https://tass.ru/proisshestviya/27004261,"Sun, 05 Apr 2026 07:24:17 +0300",website,tass.ru
"Малкин оформил хет-трик в матче НХЛ с ""Флоридой""","""Питтсбург"", за который выступает россиянин, одержал победу со счетом 9:4",https://tass.ru/sport/27004269,"Sun, 05 Apr 2026 07:25:12 +0300",website,tass.ru
Трамп подтвердил спасение второго члена экипажа сбитого над Ираном истребителя,"Офицер был ранен, уточнил президент США",https://tass.ru/mezhdunarodnaya-panorama/27004273,"Sun, 05 Apr 2026 07:26:57 +0300",website,tass.ru
"Командир Коготь: бойцы ""Севера"" уничтожили саперов ВСУ в Харьковской области","Российские военнослужащие поразили украинских солдат с помощью FPV-дронов, отметил он",https://tass.ru/armiya-i-opk/27004297,"Sun, 05 Apr 2026 07:31:02 +0300",website,tass.ru
НИЦ Гамалеи: онковакцина для терапии меланомы не содержит вирусов,"Препарат создает неоантигены и иммуномодуляторы, отметил заместитель директора по научной работе центра Владимир Гущин",https://tass.ru/obschestvo/27004299,"Sun, 05 Apr 2026 07:31:33 +0300",website,tass.ru
"Командир Коготь: бойцы ""Севера"" мгновенно пресекают попытки диверсий ВСУ","ВС РФ ведут круглосуточный мониторинг стратегических участков, отметил он",https://tass.ru/armiya-i-opk/27004303,"Sun, 05 Apr 2026 07:33:27 +0300",website,tass.ru
"""Яндекс путешествия"" рассказали, где аренда домов на майские праздники дешевле","Самыми выгодными направлениями стали Кемеровская и Астраханская области, а также Чеченская республика",https://tass.ru/obschestvo/27004305,"Sun, 05 Apr 2026 07:35:28 +0300",website,tass.ru
В Ленинградской области отменили воздушную опасность,В регионе уничтожили 19 БПЛА,https://tass.ru/proisshestviya/27004323,"Sun, 05 Apr 2026 07:40:58 +0300",website,tass.ru
В Москве ожидается прохладная погода с небольшими осадками,"Максимальная температура составит плюс 14 градусов, сообщила ведущий сотрудник Гидрометцентра Марина Макарова",https://tass.ru/obschestvo/27004317,"Sun, 05 Apr 2026 07:41:40 +0300",website,tass.ru
"""Тампа"" обыграла ""Бостон"" в НХЛ. Кучеров набрал 125-е очко в сезоне",Встреча завершилась со счетом 3:1,https://tass.ru/sport/27004331,"Sun, 05 Apr 2026 07:42:32 +0300",website,tass.ru
Бывший чемпион мира боксер Тим Цзю победил Дениса Нурью,Австралийский боксер одержал победу единогласным решением судей,https://tass.ru/sport/27004333,"Sun, 05 Apr 2026 07:43:53 +0300",website,tass.ru
В районе порта Приморск обломки БПЛА повредили участок нефтепровода,"Пострадавших нет, сообщил губернатор Ленинградской области Александр Дрозденко",https://tass.ru/proisshestviya/27004337,"Sun, 05 Apr 2026 07:44:02 +0300",website,tass.ru
Аэропорт Пулково принимает и отправляет рейсы по согласованию,Меры приняли для обеспечения безопасности полетов,https://tass.ru/ekonomika/27004363,"Sun, 05 Apr 2026 07:46:58 +0300",website,tass.ru
Овечкин вышел на чистое 9-е место по набранным очкам в НХЛ с учетом плей-офф,"В активе форварда ""Вашингтона"" 1 831 очко",https://tass.ru/sport/27004371,"Sun, 05 Apr 2026 07:47:49 +0300",website,tass.ru
В Орловской области сбили три беспилотника,Повреждений и пострадавших нет,https://tass.ru/proisshestviya/27004389,"Sun, 05 Apr 2026 08:00:07 +0300",website,tass.ru
ГП: в 2025 году РФ получала запросы о правовой помощи и из недружественных стран,"Всего от зарубежных государств поступило более 7 тыс. таких запросов, сообщили в Генпрокуратуре",https://tass.ru/obschestvo/27004393,"Sun, 05 Apr 2026 08:01:44 +0300",website,tass.ru
ГП: в 2025 году РФ получала запросы о правовой помощи даже из недружественных стран,,https://tass.ru/obschestvo/27004393,"Sun, 05 Apr 2026 08:01:44 +0300",website,tass.ru
Эксперт Бочкина назвала нормы использования гаджетов для детей 5-9 лет,"Старший научный сотрудник Института развития, здоровья и адаптации ребенка рассказала, что дети в таком возрасте должны использовать гаджеты по 20-40 минут в день",https://tass.ru/obschestvo/27004403,"Sun, 05 Apr 2026 08:02:46 +0300",website,tass.ru
Эксперт Бочкина назвала нормы использования гаджетов для детей 5-9 лет,"Старший научный сотрудник Института развития, здоровья и адаптации ребенка рассказала, что дети в таком возрасте должны использовать гаджеты по 20-40 минут в день ",https://tass.ru/obschestvo/27004403,"Sun, 05 Apr 2026 08:02:46 +0300",website,tass.ru
Onlinetours: самым дешевым туром в 2025 году стала поездка в Сочи на двоих,За недельное путешествие россияне заплатили 19 тыс. рублей,https://tass.ru/ekonomika/27004417,"Sun, 05 Apr 2026 08:07:40 +0300",website,tass.ru
"Юрист Виноградов рассказал, как вернуть деньги за непонравившийся онлайн-курс","Декан факультета права НИУ ВШЭ пояснил, что для оформления возврата требуется направить письменное заявление с указанием даты оплаты и реквизитов, к которому приложены доказательства оплаты - квитанция, чек или выписка банка",https://tass.ru/obschestvo/27004421,"Sun, 05 Apr 2026 08:11:11 +0300",website,tass.ru
Крымские ученые научат Алису говорить на крымскотатарском языке,Им предстоит адаптировать более 100 тыс. предложений,https://tass.ru/nauka/27004425,"Sun, 05 Apr 2026 08:12:08 +0300",website,tass.ru
Крымские ученые научат Алису говорить на крымскотатарском языке,Предстоит адаптировать более 100 тыс. предложений,https://tass.ru/nauka/27004425,"Sun, 05 Apr 2026 08:12:08 +0300",website,tass.ru
"Месси забил первый гол ""Интер Майами"" на новом стадионе",Максимальная вместимость Nu Stadium составляет 26 700 человек,https://tass.ru/sport/27004437,"Sun, 05 Apr 2026 08:13:07 +0300",website,tass.ru
В аэропортах Геленджика и Краснодара ограничили выпуск и прием самолетов,Ограничения необходимы для обеспечения безопасности полетов,https://tass.ru/obschestvo/27004439,"Sun, 05 Apr 2026 08:14:00 +0300",website,tass.ru
Силы ПВО за ночь уничтожили 87 украинских беспилотников,Российские силы противовоздушной обороны работали в период с 22:00 мск 4 апреля до 08:00 мск 5 апреля,https://tass.ru/armiya-i-opk/27004443,"Sun, 05 Apr 2026 08:14:27 +0300",website,tass.ru
РУСАДА в марте выявило 11 нарушений правил доступности для проверки на допинг,"В феврале было выявлено 19 подобных нарушений, в январе - 34",https://tass.ru/sport/27004459,"Sun, 05 Apr 2026 08:16:06 +0300",website,tass.ru
В Пулково сняли ограничения,Они были необходимы для обеспечения безопасности полетов,https://tass.ru/obschestvo/27004461,"Sun, 05 Apr 2026 08:16:53 +0300",website,tass.ru
В Пулково сняли ограничения,,https://tass.ru/obschestvo/27004461,"Sun, 05 Apr 2026 08:16:53 +0300",website,tass.ru
В Подмосковье цены на коттеджи бизнес-класса выросли на 10% за год,"Рост цен в сегментах премиум и бизнес обусловлен выходом новых, более дорогих проектов и вымыванием более бюджетного предложения",https://tass.ru/nedvizhimost/27004433,"Sun, 05 Apr 2026 08:21:42 +0300",website,tass.ru
В Брянской области при атаке дронов ВСУ пострадал мужчина,Его доставили в больницу,https://tass.ru/proisshestviya/27004477,"Sun, 05 Apr 2026 08:22:17 +0300",website,tass.ru
В селе Белгородской области ВСУ атаковали микроавтобус,Пострадали семь человек,https://tass.ru/proisshestviya/27004485,"Sun, 05 Apr 2026 08:26:00 +0300",website,tass.ru
В селе Белгородской области ВСУ атаковали микроавтобус,,https://tass.ru/proisshestviya/27004485,"Sun, 05 Apr 2026 08:26:00 +0300",website,tass.ru
В Воронежской области при атаке БПЛА повреждена газовая труба,Без газоснабжения временно остаются жители 20 домовладений,https://tass.ru/proisshestviya/27004491,"Sun, 05 Apr 2026 08:30:45 +0300",website,tass.ru
В Воронежской области сбили 26 БПЛА,"При падении обломков беспилотников на юге региона повреждена газовая труба, идущая к частному дому",https://tass.ru/proisshestviya/27004491,"Sun, 05 Apr 2026 08:30:45 +0300",website,tass.ru
На Урале 5 апреля прогнозируют холодную погоду и дожди,"В Челябинской области будет до плюс 15 градусов, также в регионе ожидается переменная облачность, без осадков, порывы ветра до 16 м/с",https://tass.ru/obschestvo/27004505,"Sun, 05 Apr 2026 08:35:12 +0300",website,tass.ru
Иран атаковал топливный резервуар Bapco в Бахрейне,"Пожар потушен, сообщили в нефтегазовой компании Bapco Energies",https://tass.ru/mezhdunarodnaya-panorama/27004517,"Sun, 05 Apr 2026 08:39:30 +0300",website,tass.ru
Иран атаковал топливный резервуар нефтяной компании Bapco в Бахрейне,"Пожар потушен, сообщили в Bapco Energies",https://tass.ru/mezhdunarodnaya-panorama/27004517,"Sun, 05 Apr 2026 08:39:30 +0300",website,tass.ru
"Бодниева рассказала, кто из гандболисток серьезно пострадал от недопуска","По мнению главного тренера сборной России, наиболее серьезно пострадала команда игроков 2006 года рождения",https://tass.ru/sport/27004515,"Sun, 05 Apr 2026 08:40:19 +0300",website,tass.ru
В Нижегородской области два НПЗ получили повреждения из-за атаки БПЛА,"По предварительным данным, никто не пострадал",https://tass.ru/proisshestviya/27004523,"Sun, 05 Apr 2026 08:41:32 +0300",website,tass.ru
В Нижегородской области два НПЗ получили повреждения при атаке беспилотников,"По предварительным данным, никто не пострадал",https://tass.ru/proisshestviya/27004523,"Sun, 05 Apr 2026 08:41:32 +0300",website,tass.ru
Воздушное пространство Ирана останется закрытым до 12 апреля,"Исключением в рамках запрета могут стать полеты государственной, военной и санитарной авиации",https://tass.ru/mezhdunarodnaya-panorama/27004533,"Sun, 05 Apr 2026 08:41:47 +0300",website,tass.ru
Алексей Миранчук забил четвертый гол в сезоне MLS,"Его ""Атланта"" проиграла ""Коламбусу""",https://tass.ru/sport/27004549,"Sun, 05 Apr 2026 08:44:23 +0300",website,tass.ru
Песков опроверг информацию об отмене парада Победы 9 мая,"Кремль готовится к празднованию 81-й годовщины Победы, заявил пресс-секретарь президента",https://tass.ru/obschestvo/27004567,"Sun, 05 Apr 2026 08:49:38 +0300",website,tass.ru
Песков: Кремль готовится к празднованию 81-й годовщины Победы,Так пресс-секретарь президента РФ прокомментировал сообщения о якобы отмене парада,https://tass.ru/obschestvo/27004567,"Sun, 05 Apr 2026 08:49:38 +0300",website,tass.ru
Саночница Мазур пропустила чемпионат России из-за операции на колене,В настоящее время спортсменка проходит реабилитацию,https://tass.ru/sport/27004581,"Sun, 05 Apr 2026 08:53:04 +0300",website,tass.ru
В окрестностях Харькова произошел взрыв,В городе действует предупреждение о воздушной тревоге,https://tass.ru/proisshestviya/27004583,"Sun, 05 Apr 2026 08:55:05 +0300",website,tass.ru
Эксперт Боссхард: угрозы США начать наземную операцию не пугают Иран,"Бывший специальный советник по военным вопросам генсека ОБСЕ указал, что силы Вашингтона не смогут долго удерживать свои позиции без ""очень серьезного подкрепления, способного выстоять против иранской армии, поэтому им неизбежно придется отступать""",https://tass.ru/mezhdunarodnaya-panorama/27004603,"Sun, 05 Apr 2026 09:02:42 +0300",website,tass.ru
Эксперт Боссхард: угрозы США начать наземную операцию не пугают Иран,,https://tass.ru/mezhdunarodnaya-panorama/27004603,"Sun, 05 Apr 2026 09:02:42 +0300",website,tass.ru
Сенатор Шейкин: в России 6G может заработать к 2032 году,"Минцифры выделило субсидию в размере 750 млн рублей на создание фундамента для таких сетей, сообщил зампредседателя Совета по развитию цифровой экономики при СФ",https://tass.ru/ekonomika/27004613,"Sun, 05 Apr 2026 09:11:44 +0300",website,tass.ru
В Адыгее объявили беспилотную опасность,Жителям порекомендовали зайти в помещения и не подходить к окнам,https://tass.ru/proisshestviya/27004619,"Sun, 05 Apr 2026 09:15:23 +0300",website,tass.ru
Малкина признали первой звездой дня в НХЛ,"Форвард ""Питтсбурга"" набрал четыре очка в игре с ""Флоридой""",https://tass.ru/sport/27004635,"Sun, 05 Apr 2026 09:20:44 +0300",website,tass.ru
В Башкирии паводковые воды подтопили 103 приусадебных участка,"В период половодья специалисты выполнили 39 полетов беспилотной авиации, в том числе для контроля ледовой обстановки, координации взрывных работ и мониторинга паводковой ситуации",https://tass.ru/proisshestviya/27004631,"Sun, 05 Apr 2026 09:21:04 +0300",website,tass.ru
В Приангарье в ДТП погибли два человека,Еще двое пострадали,https://tass.ru/proisshestviya/27004651,"Sun, 05 Apr 2026 09:30:31 +0300",website,tass.ru
Марочко: расстрелами дезертиров изуверы Киева контролируют ситуацию на фронте,"По словам эксперта, загрядотряды ВСУ получили разрешение на расстрел солдат еще в начале спецоперации",https://tass.ru/armiya-i-opk/27004655,"Sun, 05 Apr 2026 09:33:42 +0300",website,tass.ru
Марочко: Киев насильно вывозит население славянско-краматорской агломерации,"Военный эксперт рассказал, что активисты организации ""Белые ангелы"" ""шныряют"" даже по малым населенным пунктам в поисках мирных жителей",https://tass.ru/politika/27004675,"Sun, 05 Apr 2026 09:36:09 +0300",website,tass.ru
"Россияне на юношеских Играх-2026 выступят в той же форме, что и паралимпийцы",Соревнования пройдут осенью в Дакаре,https://tass.ru/sport/27004701,"Sun, 05 Apr 2026 09:37:58 +0300",website,tass.ru
Путин отметил надежное воспроизводство в РФ основных видов минерального сырья,Президент РФ поздравил геологов и ветеранов отрасли с профессиональным праздником,https://tass.ru/obschestvo/27004685,"Sun, 05 Apr 2026 09:39:12 +0300",website,tass.ru
Путин: в 2025 году открыли 276 месторождений твердых полезных ископаемых,Президент РФ поздравил геологов и ветеранов отрасли с профессиональным праздником,https://tass.ru/obschestvo/27004685,"Sun, 05 Apr 2026 09:39:12 +0300",website,tass.ru
Марочко: контроль над Амбарным снизит число ударов Киева по ЛНР,"Бойцам РФ необходимо отодвинуть украинские войска минимум на 60 км от границы с регионом, указал военный эксперт",https://tass.ru/armiya-i-opk/27004665,"Sun, 05 Apr 2026 09:39:23 +0300",website,tass.ru
В Абу-Даби нефтехимический завод Borouge приостановил работу из-за пожара,На предприятие упали обломки воздушных целей систем ПВО,https://tass.ru/mezhdunarodnaya-panorama/27004717,"Sun, 05 Apr 2026 09:41:09 +0300",website,tass.ru
Эксперт Агамова: россияне все больше интересуются этническими мотивами в одежде,"Речь идет не о стилизации ""под старину"", а о глубокой переработке культурного кода с помощью современных технологий и материалов, сообщила руководитель Агентства креативных индустрий Москвы",https://tass.ru/obschestvo/27004693,"Sun, 05 Apr 2026 09:46:34 +0300",website,tass.ru
Глава традиционных католиков поздравил верующих России с Пасхой,Александр Крысов отметил важность традиционных ценностей и духовных добродетелей,https://tass.ru/obschestvo/27004703,"Sun, 05 Apr 2026 09:48:56 +0300",website,tass.ru
В шести населенных пунктах Дагестана остаются подтопленными более 970 домов,Продолжаются работы по восстановлению энергоснабжения в Чародинском районе,https://tass.ru/proisshestviya/27004709,"Sun, 05 Apr 2026 09:49:24 +0300",website,tass.ru
ЦАХАЛ сообщил об атаке на более 120 целей в Иране за сутки,"В числе пораженных объектов армия назвала элементы систем ПВО, предприятия по производству БПЛА и площадки для их запуска, объекты ракетных сил",https://tass.ru/mezhdunarodnaya-panorama/27004759,"Sun, 05 Apr 2026 09:51:32 +0300",website,tass.ru
Марочко: российские войска на неделе наступали на двух участках у Сум,"Этот участок фронта является одним из приоритетных для ВС РФ, заявил военный эксперт",https://tass.ru/armiya-i-opk/27004751,"Sun, 05 Apr 2026 09:53:21 +0300",website,tass.ru
В Свердловской области трое детей провалились под лед,"Погиб один ребенок, прокуратура начала проверку",https://tass.ru/proisshestviya/27004731,"Sun, 05 Apr 2026 09:56:05 +0300",website,tass.ru
На Урале начали проверку после гибели провалившейся под лед девочки,Семья погибшего ребенка находилась на учете органов системы профилактики,https://tass.ru/proisshestviya/27004731,"Sun, 05 Apr 2026 09:56:05 +0300",website,tass.ru
Володин поздравил геологов с профессиональным праздником,"Председатель Госдумы отметил, что они создают возможности для укрепления экономического потенциала страны",https://tass.ru/obschestvo/27004767,"Sun, 05 Apr 2026 09:56:06 +0300",website,tass.ru
Возвращение варвара. Арнольд Шварценеггер снова сыграет Конана спустя 40 лет,"В начале марта американский актер Арнольд Шварценеггер, исполнитель роли Конана-варвара, объявил о начале работы над третьей части знаменитой дилогии. Режиссером и сценаристом выступит Кристофер Маккуори (поздние фильмы франшизы ""Миссия невыполнима"", ""Операция ""Валькирия"", ""Джек Ричер""). Рассказываем, почему продолжение истории по фэнтезийным рассказам Роберта Говарда не вышло еще в 1980-х и как 78-летний актер готовится к возвращению к одной из главных ролей в карьере",https://tass.ru/kultura/26990451,"Sun, 05 Apr 2026 10:00:00 +0300",website,tass.ru
Генпрокуратура: лишь отдельные страны игнорируют запросы РФ о правовой помощи,"В 2025 году порядка 300 российских запросов были исполнены иностранными компетентными органами, рассказали в ведомстве",https://tass.ru/politika/27004797,"Sun, 05 Apr 2026 10:01:17 +0300",website,tass.ru
Мишустин поздравил геологов с профессиональным праздником,"Их труд имеет огромное значение для устойчивого развития России, заявил премьер-министр",https://tass.ru/obschestvo/27004783,"Sun, 05 Apr 2026 10:01:57 +0300",website,tass.ru
В Курской области за сутки сбили 48 беспилотников ВСУ,Вооруженные силы Украины 34 раза применили артиллерию по отселенным районам региона,https://tass.ru/proisshestviya/27004735,"Sun, 05 Apr 2026 10:03:22 +0300",website,tass.ru
Дрозденко опроверг данные о повреждении нефтепровода у порта Приморск,"Горючие материалы вытекли из-за того, что осколок повредил емкость с топливом, отметил губернатор Ленинградской области",https://tass.ru/obschestvo/27004773,"Sun, 05 Apr 2026 10:06:16 +0300",website,tass.ru
ЗАГС Москвы назвал популярные площадки для регистрации брака на Красную горку,В их числе библиотека имени Боголюбова и усадьба Воронцово,https://tass.ru/obschestvo/27004793,"Sun, 05 Apr 2026 10:08:46 +0300",website,tass.ru
На Урале завели дело после гибели провалившейся под лед девочки,"Четверо детей гуляли по льду без присмотра взрослых, трое из них провалились в воду, двоим удалось спастись",https://tass.ru/proisshestviya/27004789,"Sun, 05 Apr 2026 10:08:55 +0300",website,tass.ru
Умер народный депутат СССР Зори Балаян,Ему был 91 год,https://tass.ru/obschestvo/27004839,"Sun, 05 Apr 2026 10:11:22 +0300",website,tass.ru
"В зоне СВО погиб боец Велес, удостоенный литературной премии",Военнослужащий принимал участие в спецоперации с 2022 года,https://tass.ru/obschestvo/27004841,"Sun, 05 Apr 2026 10:12:04 +0300",website,tass.ru
В Дагестане из-за непогоды ввели режим ЧС на территориях отгонного животноводства,"Сильные дожди привели к подтоплению домовладений, электроподстанций и ограничению электроснабжения почти в двух десятках районов региона",https://tass.ru/proisshestviya/27004847,"Sun, 05 Apr 2026 10:13:37 +0300",website,tass.ru
В Карелии в ДТП погибли два человека,Водитель не справился с управлением и врезался в дерево,https://tass.ru/proisshestviya/27004855,"Sun, 05 Apr 2026 10:16:09 +0300",website,tass.ru
В Петербурге в ДТП с эвакуатором пострадали четверо детей,Один ребенок находится в тяжелом состоянии,https://tass.ru/proisshestviya/27004869,"Sun, 05 Apr 2026 10:19:16 +0300",website,tass.ru
Арбитру из России впервые с 2021 года доверят судить ЧЕ по тяжелой атлетике,Анна Борыгина будет работать на чемпионате Европы в Грузии,https://tass.ru/sport/27004875,"Sun, 05 Apr 2026 10:19:46 +0300",website,tass.ru
ТАСС: полеты в небе Бахрейна и Кувейта будут запрещены уже 37-е сутки подряд,"В авиадиспетчерских службах Ближнего Востока заметили, что Бахрейн допускает отдельные вылеты из Манамы только по спецразрешениям и только по кратчайшему коридору в сторону соседней Саудовской Аравии",https://tass.ru/mezhdunarodnaya-panorama/27004881,"Sun, 05 Apr 2026 10:28:05 +0300",website,tass.ru
Индонезия потребовала от ООН гарантий безопасности для миротворцев,"Глава МИД республики Сугионо также призвал организацию провести всестороннюю переоценку процедур безопасности во всех зонах развертывания миссий, особенно в Ливане",https://tass.ru/mezhdunarodnaya-panorama/27004887,"Sun, 05 Apr 2026 10:34:09 +0300",website,tass.ru
Лыжница Пеклецова выиграла масс-старт в финале Кубка России,"Второй стала Екатерина Шибекина, третьей - Дарья Канева",https://tass.ru/sport/27004905,"Sun, 05 Apr 2026 10:40:36 +0300",website,tass.ru
В Махачкале и районах Дагестана повторные ливни привели к новым подтоплениям,Экстренные службы региона переведены в режим повышенной готовности,https://tass.ru/proisshestviya/27004895,"Sun, 05 Apr 2026 10:41:37 +0300",website,tass.ru
В Махачкале возникли перебои с подачей воды,Перебои произошли из-за отключения света на очистных сооружениях,https://tass.ru/obschestvo/27004909,"Sun, 05 Apr 2026 10:42:23 +0300",website,tass.ru
В Дагестане ливни привели к подтоплению участков федеральной трассы,"Из-за интенсивного стока дождевых вод с предгорных территорий на проезжей части образовались лужи, что затрудняет движение транспорта",https://tass.ru/proisshestviya/27004913,"Sun, 05 Apr 2026 10:46:33 +0300",website,tass.ru
"Минобороны показало поражение немецкой БРЭМ ВСУ центром ""Рубикон""",Попытавшиеся высадиться члены экипажа также были поражены,https://tass.ru/armiya-i-opk/27004903,"Sun, 05 Apr 2026 10:46:37 +0300",website,tass.ru
В Адыгее группа подростков избила школьницу,Полиция проводит проверку,https://tass.ru/proisshestviya/27004929,"Sun, 05 Apr 2026 10:48:35 +0300",website,tass.ru
В двух населенных пунктах в Нижнем Новгороде восстановили электроснабжение,Отключения произошли после ночной атаки БПЛА,https://tass.ru/obschestvo/27004921,"Sun, 05 Apr 2026 10:48:57 +0300",website,tass.ru
Городские службы Махачкалы работают в усиленном режиме из-за паводков,"Для жителей, чьи дома оказались подтоплены, организованы пункты временного размещения",https://tass.ru/obschestvo/27004933,"Sun, 05 Apr 2026 10:50:12 +0300",website,tass.ru
Шохин: вопрос о шестидневной рабочей неделе не обсуждается,Бизнесмен Олег Дерипаска ранее выступил с инициативой перехода на усиленный график работы для ускорения трансформации отечественной экономики в условиях кризиса,https://tass.ru/ekonomika/27004939,"Sun, 05 Apr 2026 11:00:36 +0300",website,tass.ru
"Шохин: МТК ""Север - Юг"" через Иран не подтвердил объемы грузопотока","Компании посчитали для себя приоритетными другие маршруты с учетом геополитических факторов, заявил глава РСПП",https://tass.ru/ekonomika/27004945,"Sun, 05 Apr 2026 11:01:44 +0300",website,tass.ru
"Малкин оставил ""Флориду"" Бобровского без плей-офф НХЛ","""Питтсбург"" имеет хорошие шансы на выход в Кубок Стэнли",https://tass.ru/sport/27004963,"Sun, 05 Apr 2026 11:02:41 +0300",website,tass.ru
"Шохин: маршрут МТК ""Север - Юг"" можно бы спроектировать через Грузию с выходом на Турцию","Глава Российского союза промышленников и предпринимателей отметил, что для этого надо восстановить отношения с Грузией",https://tass.ru/ekonomika/27004953,"Sun, 05 Apr 2026 11:03:33 +0300",website,tass.ru
В аэропорту Пулково на вылет отменили семь рейсов,Отмены произошли из-за ранее введенных ограничений,https://tass.ru/obschestvo/27005015,"Sun, 05 Apr 2026 11:11:06 +0300",website,tass.ru
Володин рассказал о единых правилах для операторов сервисов рассрочки,"Закон предусматривает, что стоимость товара должна будет соответствовать цене при полной оплате, а максимальный срок рассрочки составит шесть месяцев",https://tass.ru/ekonomika/27005023,"Sun, 05 Apr 2026 11:13:17 +0300",website,tass.ru
В Запорожской области беспилотник ВСУ атаковал автомобиль скорой помощи,Фельдшер и водитель не пострадали,https://tass.ru/proisshestviya/27005031,"Sun, 05 Apr 2026 11:13:53 +0300",website,tass.ru
"Celine, Christian Dior и L’Oreal зарегистрировали в РФ товарные знаки","Заявки на регистрацию четырех товарных знаков от Celine были поданы в Федеральную службу по интеллектуальной собственности в декабре 2024 года, двух от Christian Dior - в августе 2024 года, пяти от L’Oreal - в феврале, марте, июне 2025 года",https://tass.ru/ekonomika/27005041,"Sun, 05 Apr 2026 11:14:30 +0300",website,tass.ru
Иран атаковал объекты Gulf Petrochemical Industries в Бахрейне,"Произошел пожар, заявили в корпорации",https://tass.ru/mezhdunarodnaya-panorama/27005053,"Sun, 05 Apr 2026 11:15:38 +0300",website,tass.ru
В Харькове произошли взрывы,В регионе объявлена воздушная тревога,https://tass.ru/proisshestviya/27005069,"Sun, 05 Apr 2026 11:17:12 +0300",website,tass.ru
"Россиянам рассказали о ""печальных ошибках"" в брачных договорах","По словам преподавателя кафедры семейного и жилищного права Университета имени О. Е. Кутафина Регины Гильмановой, супругам может казаться, что их договоренности, изложенные на бумаге, выше закона, поэтому они вписывают в условия различные обещания, неимущественные обязанности перед друг другом, например, готовку завтраков",https://tass.ru/obschestvo/27005049,"Sun, 05 Apr 2026 11:17:48 +0300",website,tass.ru
В Дербенте из затопленного дома эвакуировали мать с ребенком,"Их доставили в пункт временного пребывания, находящийся в Дербентском кадетском корпусе",https://tass.ru/proisshestviya/27005061,"Sun, 05 Apr 2026 11:18:56 +0300",website,tass.ru
"Тренер ""Звезды"" отметила, что гандболисткам комфортно играть в юбках",Команда в них играет более пяти лет,https://tass.ru/sport/27005087,"Sun, 05 Apr 2026 11:22:29 +0300",website,tass.ru
Слюсарь рассказал о состоянии четверых пострадавших от атаки БПЛА на Таганрог,Медики оценили его как средней степени тяжести,https://tass.ru/obschestvo/27005079,"Sun, 05 Apr 2026 11:23:36 +0300",website,tass.ru
В Москве и области объявили желтый уровень погодной опасности,В течение дня ожидается порывистый ветер,https://tass.ru/obschestvo/27005089,"Sun, 05 Apr 2026 11:26:39 +0300",website,tass.ru
В Махачкале и 11 районах Дагестана произошли аварийные отключения электроэнергии,В горных и предгорных районах республики ухудшились погодные условия,https://tass.ru/obschestvo/27005105,"Sun, 05 Apr 2026 11:30:04 +0300",website,tass.ru
Посол КНР в Москве выступил за продление безвиза между РФ и Китаем навсегда,"Чжан Ханьхуэй обратил внимание на то, что это предоставило обеим странам ""очень много удобных условий"", и ""это полезно для народов""",https://tass.ru/mezhdunarodnaya-panorama/27005133,"Sun, 05 Apr 2026 11:30:57 +0300",website,tass.ru
В Тверской области арестовали подозреваемую в хищении выплат,"По версии следствия, девушка представилась сотрудником военного ведомства родителям погибшего на СВО бойца и убедила их передать ей полученные выплаты в размере 5 млн рублей",https://tass.ru/proisshestviya/27005097,"Sun, 05 Apr 2026 11:31:24 +0300",website,tass.ru
В Дагестане 139 населенных пунктов остались без света из-за аварий,Предварительной причиной стало замыкания на ЛЭП,https://tass.ru/proisshestviya/27005125,"Sun, 05 Apr 2026 11:32:04 +0300",website,tass.ru
В Махачкале из-за сильного дождя подтопило две подстанции,Проводится откачка воды,https://tass.ru/obschestvo/27005119,"Sun, 05 Apr 2026 11:33:44 +0300",website,tass.ru
"Лыжница Пеклецова считает, что ей подходят гонки в гору",Спортсменка выиграла гонку на 10 км в гору в финале Кубка России,https://tass.ru/sport/27005173,"Sun, 05 Apr 2026 11:35:13 +0300",website,tass.ru
В Москве центры помощи для недоношенных детей спасают 99% младенцев,"В 2025 году медики выходили более 5 тыс. детей, родившихся раньше срока, отметил мэр столицы Сергей Собянин",https://tass.ru/obschestvo/27005141,"Sun, 05 Apr 2026 11:35:17 +0300",website,tass.ru
NetBlocks: в Иране отключение интернета длится 864 часа,"Оно стало самым длительным за всю историю наблюдений, сообщает международная служба мониторинга интернета",https://tass.ru/mezhdunarodnaya-panorama/27005143,"Sun, 05 Apr 2026 11:35:19 +0300",website,tass.ru
Большунов выиграл масс-старт в финале Кубка России,"Вторым стал Савелий Коростелев, третьим - Денис Спицов",https://tass.ru/sport/27005185,"Sun, 05 Apr 2026 11:38:30 +0300",website,tass.ru
Пеклецова выиграла общий зачет Кубка России по лыжным гонкам,У мужчин победу ранее гарантировал Сергей Ардашев,https://tass.ru/sport/27005215,"Sun, 05 Apr 2026 11:42:02 +0300",website,tass.ru
В Москве утвердили проект комплексного развития территорий в Можайском районе,"Согласно проекту, на участках построят современные жилые комплексы для реализации программы реновации и выполнят благоустройство",https://tass.ru/obschestvo/27005181,"Sun, 05 Apr 2026 11:42:51 +0300",website,tass.ru
Пострадавшую от атаки БПЛА на Таганрог женщину успешно прооперировали,Врачи оценили ее состояние как стабильное,https://tass.ru/obschestvo/27005175,"Sun, 05 Apr 2026 11:42:57 +0300",website,tass.ru
"""Россети"" восстанавливают электроснабжение в Дагестане после непогоды",Повреждено несколько энергообъектов,https://tass.ru/obschestvo/27005189,"Sun, 05 Apr 2026 11:44:26 +0300",website,tass.ru
Волонтеры ОНФ обеспечили водой пять детсадов Дагестана,Также они помогают ликвидировать последствия непогоды,https://tass.ru/obschestvo/27005205,"Sun, 05 Apr 2026 11:46:35 +0300",website,tass.ru
В Махачкале более 100 добровольцев ликвидируют подтопления,Волонтеры работают в Дагестане восемь дней,https://tass.ru/obschestvo/27005199,"Sun, 05 Apr 2026 11:46:48 +0300",website,tass.ru
ТАСС: в Московском высшем общевойсковом командном училище загорелась кровля,Площадь пожара составила 200 кв. м,https://tass.ru/proisshestviya/27005227,"Sun, 05 Apr 2026 11:47:40 +0300",website,tass.ru
Вучич заявил о предотвращении диверсии против газовой инфраструктуры Сербии,"Президент республики рассказал, что в нескольких сотнях метров от газопровода нашли два больших пакета взрывчатки с детонаторами",https://tass.ru/mezhdunarodnaya-panorama/27005221,"Sun, 05 Apr 2026 11:47:53 +0300",website,tass.ru
"В ""Динамо"" оценили шансы автоматического продления контракта с Нгамалё","В клубе отметили, что форвард мало играл в первой части чемпионата России",https://tass.ru/sport/27005231,"Sun, 05 Apr 2026 11:49:24 +0300",website,tass.ru
"Эксперты заявили, что в РФ может быть высокий урожай ягод в 2026 году","Продукт может быть дороже импортного, хотя выше по качеству, рассказали производители ягод из различных регионов",https://tass.ru/ekonomika/27004087,"Sun, 05 Apr 2026 11:53:01 +0300",website,tass.ru
"Заксобрания Ямала, Югры и Тюменской области обсудили укрепление единства народов РФ",Совет законодателей собрали 4 и 5 апреля на Ямале,https://tass.ru/obschestvo/27005237,"Sun, 05 Apr 2026 11:53:47 +0300",website,tass.ru
В Севастополе отражают атаку ВСУ,Силы ПВО сбили пять воздушных целей,https://tass.ru/proisshestviya/27005255,"Sun, 05 Apr 2026 11:54:03 +0300",website,tass.ru
Команда дептранса Москвы выиграла этап Спартакиады госслужащих по плаванию,"Второе место заняла команда столичного департамента спорта, третьей стала команда департамента труда и соцзащиты населения города Москвы",https://tass.ru/sport/27005261,"Sun, 05 Apr 2026 11:55:18 +0300",website,tass.ru
В Дагестане из-за непогоды задерживаются пригородные поезда,Пассажирам рекомендовали следить за обновлениями на сайте СКЖД и на информационных табло станций,https://tass.ru/obschestvo/27005249,"Sun, 05 Apr 2026 11:56:55 +0300",website,tass.ru
В Дагестане более 50 сел отрезаны от транспортного сообщения из-за камнепада,Для проведения работ по расчистке завалов направлена специализированная техника,https://tass.ru/proisshestviya/27005165,"Sun, 05 Apr 2026 11:57:04 +0300",website,tass.ru
"""Чосон ильбо"": в Республике Корея за сталкерами смогут следить через смартфон","Власти подчеркнули, что приложение покажет преследователя на карте и маршрут его движения, если он находится на определенном расстоянии от жертвы",https://tass.ru/mezhdunarodnaya-panorama/27005111,"Sun, 05 Apr 2026 11:59:01 +0300",website,tass.ru
"В Австралии показывают фильмы ""Асса"" и ""Пираты XX века"" в память о Говорухине",Цикл показов открылся в городском общественном центре района Lane Cove на северо-западе Сиднея,https://tass.ru/kultura/27004557,"Sun, 05 Apr 2026 11:59:59 +0300",website,tass.ru
В Певеке ожидаются ураганные порывы ветра до 40 м/с,"Синоптики пояснили, что действующая шкала Бофорта оценивает ветер в максимально возможные 12 баллов",https://tass.ru/obschestvo/27005075,"Sun, 05 Apr 2026 12:00:00 +0300",website,tass.ru
Операторы БПЛА ВС РФ уничтожили украинскую РСЗО на славянском направлении,Реактивную систему залпового огня ВСУ на славянском направлении обнаружили с помощью разведывательных дронов,https://tass.ru/armiya-i-opk/27003741,"Sun, 05 Apr 2026 12:00:01 +0300",website,tass.ru
"Муфи счастлив, что сборной Марокко присудили победу в Кубке Африки","Марокканский защитник ""Оренбурга"" отметил, что правила нужно соблюдать",https://tass.ru/sport/27005333,"Sun, 05 Apr 2026 12:05:16 +0300",website,tass.ru
В Дагестане задерживаются поезда,Задержки произошли из-за подтоплений ж/д путей,https://tass.ru/obschestvo/27005315,"Sun, 05 Apr 2026 12:05:18 +0300",website,tass.ru
В МО назвали возможную причину задымления в здании военного училища в Москве,Ей стало короткое замыкание,https://tass.ru/proisshestviya/27005359,"Sun, 05 Apr 2026 12:16:03 +0300",website,tass.ru
Силы ПВО за сутки сбили 293 украинских БПЛА,"Также были уничтожены пять управляемых авиационных бомб, сообщили в Минобороны РФ",https://tass.ru/armiya-i-opk/27005367,"Sun, 05 Apr 2026 12:16:09 +0300",website,tass.ru
ВСУ за сутки потеряли в зоне СВО свыше 1 215 военных,"В Минобороны РФ сообщили, что потери противника составили до 200 военнослужащих в зоне ответственности подразделений группировки войск ""Север""",https://tass.ru/armiya-i-opk/27005381,"Sun, 05 Apr 2026 12:16:55 +0300",website,tass.ru
"Большунов рассказал, что испытывал нехватку мотивации в начале сезона",На чемпионате России и в финале кубка страны лыжник выиграл 9 гонок из 13,https://tass.ru/sport/27005387,"Sun, 05 Apr 2026 12:17:39 +0300",website,tass.ru
ВС РФ поразили бригаду охраны Генштаба ВСУ в ДНР,"Подразделения Южной группировки войск заняли более выгодные рубежи и позиции, сообщили в Минобороны России",https://tass.ru/armiya-i-opk/27005389,"Sun, 05 Apr 2026 12:17:43 +0300",website,tass.ru
ВС РФ за сутки поразили объекты энергетики и военные аэродромы ВСУ,"Российские войска также нанесли поражение пунктам временной дислокации противника в 148 районах, сообщили в Минобороны",https://tass.ru/armiya-i-opk/27005399,"Sun, 05 Apr 2026 12:18:11 +0300",website,tass.ru
Вучич: Сербия может ограничить экспорт продовольствия на фоне кризиса,"Это проблема для многих соседних стран, заявил президент республики",https://tass.ru/mezhdunarodnaya-panorama/27005405,"Sun, 05 Apr 2026 12:19:26 +0300",website,tass.ru
"ЦАХАЛ сообщил о новой волне ударов по объектам ""Хезболлах"" в Бейруте","В настоящее время Армия обороны Израиля начала наносить серию ударов, говорится в заявлении армейской пресс-службы",https://tass.ru/mezhdunarodnaya-panorama/27005443,"Sun, 05 Apr 2026 12:21:53 +0300",website,tass.ru
Песков: членство в ЕАЭС дает возможность Армении развиваться повышенными темпами,"Ереван развивается темпами, превышающими средние по СНГ, заявил пресс-секретарь российского лидера",https://tass.ru/politika/27005449,"Sun, 05 Apr 2026 12:22:08 +0300",website,tass.ru
"Лыжник Большунов считает, что способен брать любые вершины",В воскресенье спортсмен выиграл масс-старт в гору в финале Кубка России,https://tass.ru/sport/27005457,"Sun, 05 Apr 2026 12:23:07 +0300",website,tass.ru
Песков: системы ЕАЭС и Евросоюза не сочетаются,"Пресс-секретарь президента РФ подчеркнул, что в какой-то момент надо будет выбирать",https://tass.ru/politika/27005467,"Sun, 05 Apr 2026 12:26:45 +0300",website,tass.ru
Путин на неделе продолжит международные контакты и работу с регионами,"Кроме того, по словам корреспондента Павла Зарубина, российский президент может принять участие в разговоре о развитии ИИ",https://tass.ru/politika/27005475,"Sun, 05 Apr 2026 12:28:14 +0300",website,tass.ru
В Хасавюрте сильные осадки повредили несколько торговых контейнеров,Никто не пострадал,https://tass.ru/obschestvo/27005495,"Sun, 05 Apr 2026 12:30:10 +0300",website,tass.ru
Песков: Ереван понимает невозможность одновременного нахождения в ЕАЭС и ЕС,"Это очень важно, отметил пресс-секретарь президента РФ",https://tass.ru/politika/27005501,"Sun, 05 Apr 2026 12:30:15 +0300",website,tass.ru
Орбан созвал Совет обороны из-за угрозы газовой инфраструктуре,"Премьер-министр Венгрии рассказал, что сербские власти обнаружили взрывное устройство на важнейшем объекте газовой инфраструктуры, соединяющем две страны",https://tass.ru/mezhdunarodnaya-panorama/27005481,"Sun, 05 Apr 2026 12:30:48 +0300",website,tass.ru
Песков назвал ориентиры Армении предметом повышенного интереса РФ,"Страны объединяют глубокие исторические корни, заявил пресс-секретарь президента России",https://tass.ru/politika/27005519,"Sun, 05 Apr 2026 12:31:02 +0300",website,tass.ru
Дегтярев назвал Турцию важным партнером РФ в сфере спорта,"Министр спорта РФ отметил, что на 2026 год запланированы поездки более 1 700 российских спортсменов в Турцию по 22 видам спорта",https://tass.ru/sport/27005511,"Sun, 05 Apr 2026 12:31:05 +0300",website,tass.ru
Песков назвал полезной встречу Путина и Пашиняна,"Лидеры России и Армении довели друг до друга свои позиции, отметил пресс-секретарь президента РФ",https://tass.ru/politika/27005537,"Sun, 05 Apr 2026 12:33:35 +0300",website,tass.ru
На береговой линии Финского залива нашли локальное скопление нефтепродуктов,Принимаются меры по локализации и ликвидации загрязнения,https://tass.ru/obschestvo/27005533,"Sun, 05 Apr 2026 12:33:35 +0300",website,tass.ru
Морпех Кот уничтожил шесть джипов ВСУ одним дроном-камикадзе,"Боец обнаружили цель во время ""свободной охоты"" за техникой и живой силой противника, рассказал старший инструктор центра беспилотных систем морской пехоты группировки войск ""Центр"" с позывным Большой",https://tass.ru/armiya-i-opk/27005553,"Sun, 05 Apr 2026 12:36:10 +0300",website,tass.ru
Песков: принадлежность Карабаха остается самостоятельным решением Армении,"Пресс-секретарь президента РФ подчеркнул, что российская сторона не хотела бы, чтобы к ней были какие-либо отсылки в данном контексте",https://tass.ru/politika/27005559,"Sun, 05 Apr 2026 12:36:13 +0300",website,tass.ru
"В футбольном ""Динамо"" рассчитывают провести встречу с Овечкиным летом",В клубе есть планы по взаимодействию с хоккеистом,https://tass.ru/sport/27005557,"Sun, 05 Apr 2026 12:36:58 +0300",website,tass.ru
Песков: РФ вправе обсуждать с Арменией предстоящие там выборы,"Пресс-секретарь президента обратил внимание, что Россия также оставляет за собой право прояснить дальнейшие планы армянской стороны",https://tass.ru/politika/27005579,"Sun, 05 Apr 2026 12:38:45 +0300",website,tass.ru
"В Иране заявили, что США потеряли два вертолета Black Hawk, спасая пилота F-15E",Командующий ВС республики также сообщил о сбитии американского самолета C-130,https://tass.ru/mezhdunarodnaya-panorama/27005569,"Sun, 05 Apr 2026 12:39:03 +0300",website,tass.ru
Лихачев: красные линии в вопросах ядерной безопасности сдвигаются,"То, о чем раньше не допускалось и мысли, теперь становится обыденностью, рассказал Росатома",https://tass.ru/politika/27005589,"Sun, 05 Apr 2026 12:39:27 +0300",website,tass.ru
В мэрии Махачкалы назвали причину подтоплений,Ей стали паводки на реках Тарнаирка и Черкес-озень,https://tass.ru/obschestvo/27005429,"Sun, 05 Apr 2026 12:41:46 +0300",website,tass.ru
В Махачкале развернули девять ПВР из-за непогоды,Коммунальные службы города работают в усиленном режиме,https://tass.ru/obschestvo/27005619,"Sun, 05 Apr 2026 12:48:08 +0300",website,tass.ru
"Солнце поглотило первую комету, открытую в 2026 году",Летучие вещества кометы рассеялись в солнечной короне,https://tass.ru/kosmos/27005593,"Sun, 05 Apr 2026 12:50:16 +0300",website,tass.ru
"Система ""Купол Донбасса"" за неделю сбила 240 украинских беспилотников","ВСУ применяют практику комбинированных налетов, рассказал глава ДНР Денис Пушилин",https://tass.ru/armiya-i-opk/27005625,"Sun, 05 Apr 2026 12:52:20 +0300",website,tass.ru
Герой РФ Александр Буйлов получил знак почетного гражданина Чувашии в зоне СВО,Знак и удостоверение передал премьер-министр республики Сергей Артамонов,https://tass.ru/obschestvo/27005653,"Sun, 05 Apr 2026 12:53:29 +0300",website,tass.ru
"Марокканский футболист ""Оренбурга"" Муфи назвал особенность РПЛ",Футболист отметил плотную борьбу в чемпионате,https://tass.ru/sport/27005715,"Sun, 05 Apr 2026 13:10:12 +0300",website,tass.ru
Белгородскую область за сутки атаковали более 170 украинских БПЛА,В Белгороде при детонации беспилотника пострадали два человека,https://tass.ru/proisshestviya/27005701,"Sun, 05 Apr 2026 13:11:17 +0300",website,tass.ru
Эксперт Гапоненко: нефть может удержаться выше $100 до конца года,"Такая ситуация сохранится, если конфликт вокруг Ирана не будет урегулирован или не появятся альтернативные маршруты поставок, считает кандидат экономических наук",https://tass.ru/ekonomika/27005717,"Sun, 05 Apr 2026 13:15:13 +0300",website,tass.ru
Филиппо поддержал экономические меры правительств Словакии и Венгрии,"Лидер французской партии ""Патриоты"" утверждает, что ""весь ЕС и в частности Европейская комиссия, выглядят как корабль самоубийц, когда речь заходит об энергетической безопасности""",https://tass.ru/ekonomika/27005733,"Sun, 05 Apr 2026 13:17:26 +0300",website,tass.ru
В Дагестане из-за подтоплений отменили движение 12 пригородных поездов,В регионе ранее было объявлено предупреждение об усилении ветра до 23 м/с и сильных дождях с 4 по 6 апреля,https://tass.ru/obschestvo/27005547,"Sun, 05 Apr 2026 13:18:49 +0300",website,tass.ru
The Times: Киев намерен обратиться к Конгрессу с просьбой о ракетах для Patriot,"Издание непосредственно связывает отсутствие соответствующих поставок с быстрым истощением запасов ракет Patriot по всему миру, поскольку страны Персидского залива используют их для отражения иранских атак",https://tass.ru/mezhdunarodnaya-panorama/27005723,"Sun, 05 Apr 2026 13:18:53 +0300",website,tass.ru
В Саратовской области на малых реках бассейнов Волги и Урала снизился уровень воды,За сутки от воды освободился один мост в Ивантеевском районе,https://tass.ru/obschestvo/27005529,"Sun, 05 Apr 2026 13:19:10 +0300",website,tass.ru
"Захарова: у Венгрии хотят отнять суверенитет, лишая ресурсов по разумной цене","Среди других способов представитель МИД России назвала попытки вмешаться во внутренние дела и заставить принимать под диктовку решения, которые наносят ущерб экономике и благосостоянию венгров",https://tass.ru/politika/27005739,"Sun, 05 Apr 2026 13:19:34 +0300",website,tass.ru
В Москве предупредили о ветре с порывами до 15 м/с,"Жителям рекомендовали парковаться в безопасных местах, обходить рекламные щиты и шаткие конструкции",https://tass.ru/obschestvo/27005747,"Sun, 05 Apr 2026 13:21:09 +0300",website,tass.ru
"В Киеве заявили, что в одну из частей ВСУ попали 2 тыс. непригодных к службе","Военный омбудсмен Ольга Решетилова сообщила, что из-за масштаба проблемы к проверке привлечены представители Минобороны и командования Сухопутных войск",https://tass.ru/mezhdunarodnaya-panorama/27005759,"Sun, 05 Apr 2026 13:26:59 +0300",website,tass.ru
"Юрист Шестерякова рассказала, чем грозит употребление чужой еды на работе","Профессор кафедры трудового права и права социального обеспечения Университета имени О. Е. Кутафина отметила, что за присвоение еды из общего холодильника работника могут привлечь к административной или даже уголовной ответственности",https://tass.ru/obschestvo/27004291,"Sun, 05 Apr 2026 13:29:21 +0300",website,tass.ru
Папа Римский в католическую Пасху объявил о молитве за мир 11 апреля,"Лев XIV призвал отказаться от желания вражды, господства и власти",https://tass.ru/mezhdunarodnaya-panorama/27005765,"Sun, 05 Apr 2026 13:32:10 +0300",website,tass.ru
На летящем к Луне корабле Orion обледенел туалет,"Руководитель миссии Artemis II Джадд Фрилинг отметил, что экипажу было дано указание использовать складные устройства на время выхода туалета из строя",https://tass.ru/kosmos/27005799,"Sun, 05 Apr 2026 13:34:48 +0300",website,tass.ru
Число подтопленных низководных мостов в Рязанской области возросло до 20,Организовано пешеходное или лодочное сообщение,https://tass.ru/obschestvo/27005801,"Sun, 05 Apr 2026 13:34:54 +0300",website,tass.ru
В Тульской области паводок идет на спад,Уровень воды на водоемах постепенно снижается,https://tass.ru/obschestvo/27005803,"Sun, 05 Apr 2026 13:36:13 +0300",website,tass.ru
В католическую Пасху Папа Римский высказался против силы доминирования,"Сила, с которой воскрес Христос, абсолютно ненасильственна, отметил понтифик",https://tass.ru/obschestvo/27005709,"Sun, 05 Apr 2026 13:38:26 +0300",website,tass.ru
В Новосибирской области в ДТП погиб человек,Еще четверо пострадали,https://tass.ru/proisshestviya/27005805,"Sun, 05 Apr 2026 13:39:26 +0300",website,tass.ru
Российские юниорки вышли в 1/4 финала волейбольного турнира в Италии,"В 1/8 финала российская команда обыграла итальянский ""Сан-Вендемиано""",https://tass.ru/sport/27005825,"Sun, 05 Apr 2026 13:39:41 +0300",website,tass.ru
NYT: спасенного в Иране штурмана американского F-15E доставили в Кувейт,"Он провел более суток во вражеском тылу в горной местности, имея при себе лишь пистолет, пишет газета",https://tass.ru/mezhdunarodnaya-panorama/27005809,"Sun, 05 Apr 2026 13:40:21 +0300",website,tass.ru
В Дагестане штормовое предупреждение сохранится до конца суток,"Руководитель Дагестанского гидрометцентра Агав Магомедов заявил, что 6 апреля осадков в республике не ожидается",https://tass.ru/obschestvo/27005791,"Sun, 05 Apr 2026 13:40:35 +0300",website,tass.ru
ТАСС: в Московском высшем общевойсковом командном училище потушили пожар,Площадь возгорания составила 300 кв. м,https://tass.ru/proisshestviya/27005819,"Sun, 05 Apr 2026 13:42:24 +0300",website,tass.ru
"Самолет ""Уральских авиалиний"" совершил вынужденную посадку из-за смерти пассажирки",Рейс следовал по маршруту Владивосток - Екатеринбург,https://tass.ru/proisshestviya/27005859,"Sun, 05 Apr 2026 13:44:54 +0300",website,tass.ru
Состояние перенесшего инфаркт футбольного тренера Луческу ухудшилось,"Ранее Луческу, на тот момент занимавшего пост главного тренера сборной Румынии, экстренно госпитализировали после потери сознания на тренировке",https://tass.ru/sport/27005839,"Sun, 05 Apr 2026 13:45:37 +0300",website,tass.ru
ТАСС: авиация Израиля совершила четыре налета на южные окраины Бейрута,"Уничтожена одна автозаправочная станция на проспекте Хади Насруллы, принадлежащая компании ""Аль-Аман"", указал источник в службе гражданской обороны",https://tass.ru/mezhdunarodnaya-panorama/27005833,"Sun, 05 Apr 2026 13:47:22 +0300",website,tass.ru
Лавров: коллеги Каллас наслаждаются ее позором из-за познаний в политике,"Так министр иностранных дел РФ прокомментировал слова главы дипслужбы ЕС о том, что Россия напала на 19 стран, не считая Африки",https://tass.ru/politika/27005877,"Sun, 05 Apr 2026 13:49:11 +0300",website,tass.ru
Песков: квалификация Каллас не позволяет ей давать комментарии по истории,"Профессиональные качества главы евродипломатии не отвечают высоким стандартам, заявил пресс-секретарь президента РФ",https://tass.ru/politika/27005885,"Sun, 05 Apr 2026 13:50:54 +0300",website,tass.ru
Посол РФ: на задержанном в Швеции танкере Flora 1 россиян не было,"Сергей Беляев отметил, что диппредставительство продолжает отслеживать ситуацию",https://tass.ru/politika/27005847,"Sun, 05 Apr 2026 13:51:15 +0300",website,tass.ru
Армия Израиля ведет перехват ракет после очередного залпа из Ирана,"Израильские военные зафиксировали запуск из исламской республики, говорится в заявлении армейской пресс-службы",https://tass.ru/mezhdunarodnaya-panorama/27005909,"Sun, 05 Apr 2026 13:53:14 +0300",website,tass.ru
Лавров: Россия не обсуждает запретных тем с партнерами,"По словам главы МИД, секретов в этом мире не бывает",https://tass.ru/politika/27005919,"Sun, 05 Apr 2026 13:53:38 +0300",website,tass.ru
"Песков: Каллас могла бы хотя бы попытаться ""починить"" то, что ЕС успел сломать","Глава европейской дипломатии могла бы внести ""хотя бы маленькую толику позитивного вклада"", считает пресс-секретарь президента РФ",https://tass.ru/politika/27005901,"Sun, 05 Apr 2026 13:53:43 +0300",website,tass.ru
"""Рано или поздно все равно нужно будет чинить"". Песков о позиции ЕС по России","Представитель Кремля прокомментировал так последние заявления главы евродипломатии Каи Каллас о якобы ""нападении"" РФ на 19 стран за минувший век",https://tass.ru/politika/27005941,"Sun, 05 Apr 2026 13:55:54 +0300",website,tass.ru
Росатом взаимодействует с атомным ведомством Ирана в условиях военного времени,"Гендиректор госкорпорации Алексей Лихачев заявил, что этот контакт продолжается и развивается",https://tass.ru/ekonomika/27005933,"Sun, 05 Apr 2026 13:56:21 +0300",website,tass.ru
Росатом готов поделиться с Ираном опытом эксплуатации ЗАЭС,"Он может быть полезен в рамках дальнейшего развития и эксплуатации АЭС ""Бушер"", сообщил гендиректор госкорпорации Алексей Лихачев",https://tass.ru/ekonomika/27005965,"Sun, 05 Apr 2026 13:58:25 +0300",website,tass.ru
Лихачев: планируется еще одна волна эвакуаций сотрудников Росатома из Ирана,,https://tass.ru/ekonomika/27005981,"Sun, 05 Apr 2026 14:00:10 +0300",website,tass.ru
"Лихачев отметил важность недопущения агрессии возле реактора АЭС ""Бушер""","Он жизненно необходим для энергоснабжения станции, подчеркнул гендиректор Росатома",https://tass.ru/ekonomika/27005989,"Sun, 05 Apr 2026 14:00:21 +0300",website,tass.ru
Лихачев: прилетов по территории ЗАЭС в последнее время не было,,https://tass.ru/ekonomika/27006015,"Sun, 05 Apr 2026 14:02:07 +0300",website,tass.ru
В Иране заявили об уничтожении второго самолета С-130 ВС США,"Также были сбиты два вертолета Black Hawk, сообщил командующий центральным штабом ВС Ирана ""Хатам-аль-Анбия""",https://tass.ru/mezhdunarodnaya-panorama/27006003,"Sun, 05 Apr 2026 14:02:14 +0300",website,tass.ru
В Алтайском крае паводком подтопило 17 приусадебных участков,Помощь в ликвидации последствий оказывают 10 человек,https://tass.ru/obschestvo/27006011,"Sun, 05 Apr 2026 14:02:53 +0300",website,tass.ru
"Женщина из Петербурга впервые в России родила ""однояйцевую"" четверню",На свет появились четыре девочки-близняшки,https://tass.ru/obschestvo/27006023,"Sun, 05 Apr 2026 14:04:25 +0300",website,tass.ru
ВС РФ уничтожили шесть НРТК и британскую САУ AS-90 ВСУ у Константиновки,"Согласно данным Минобороны, военнослужащие Южной группировки также устранили два автотранспорта, два укрытия, три выносные антенны управления беспилотными летательными аппаратами и две единицы инженерной техники противника",https://tass.ru/armiya-i-opk/27006031,"Sun, 05 Apr 2026 14:04:34 +0300",website,tass.ru
Лихачев: эвакуированные из Ирана сотрудники Росатома ночью прибудут в Армению,"Основная волна эвакуации 198 человек успешно движется в сторону армяно-иранской границы, сообщил гендиректор госкорпорации",https://tass.ru/ekonomika/27006063,"Sun, 05 Apr 2026 14:06:19 +0300",website,tass.ru
В Махачкале жителей дома эвакуировали после угрозы обрушения здания,Никто не пострадал,https://tass.ru/obschestvo/27006077,"Sun, 05 Apr 2026 14:09:17 +0300",website,tass.ru
В Азовском море затонул сухогруз,Погиб один человек и двое пропали без вести,https://tass.ru/proisshestviya/27006095,"Sun, 05 Apr 2026 14:10:33 +0300",website,tass.ru
Россияне завоевали две медали на ЧМ по марафонскому бегу среди военнослужащих,Луиза Лега и Артем Попов стали вторым и третьим соответственно в полумарафоне,https://tass.ru/sport/27006093,"Sun, 05 Apr 2026 14:10:59 +0300",website,tass.ru
"В Москве завели дело против девушек, сбивших самокатом пенсионера",Пострадавшего доставили в больницу,https://tass.ru/proisshestviya/27006087,"Sun, 05 Apr 2026 14:11:16 +0300",website,tass.ru
ФПК отменила поезд №85 Дербент - Москва из-за подтопления ж/д путей в Дагестане,Перегон Мамед-Кала - Дагестанские Огни закрыли для движения,https://tass.ru/obschestvo/27006111,"Sun, 05 Apr 2026 14:12:15 +0300",website,tass.ru
"Лихачев: некоторые сотрудники Росатома готовы остаться в Иране для службы на АЭС ""Бушер""",,https://tass.ru/ekonomika/27006137,"Sun, 05 Apr 2026 14:15:23 +0300",website,tass.ru
WSJ: США взорвали два своих C-130 в Иране во время спасательной миссии,"По данным газеты, самолеты были уничтожены на земле",https://tass.ru/mezhdunarodnaya-panorama/27006121,"Sun, 05 Apr 2026 14:16:38 +0300",website,tass.ru
Лихачев: Росатом отрабатывает лицензирование блоков ЗАЭС,,https://tass.ru/ekonomika/27006195,"Sun, 05 Apr 2026 14:20:10 +0300",website,tass.ru
TV5 Monde: война в Персидском заливе грозит Африке взрывным ростом цен,"По мере затягивания конфликта осложнятся проблемы с поставками энергоносителей и удобрений, что неминуемо отразится на жизни многих стран, сообщил телеканал",https://tass.ru/udary-ssha-i-izrailya-po-iranu/27006153,"Sun, 05 Apr 2026 14:20:48 +0300",website,tass.ru
В Симферополе организовали ярмарку для сбора средств на нужды детского дома,Сделанные своими руками поделки выставили на подворье кафедрального собора Александра Невского,https://tass.ru/obschestvo/27006119,"Sun, 05 Apr 2026 14:21:35 +0300",website,tass.ru
"Сийярто прокомментировал попытку диверсии на участке ""Турецкого потока""","Глава венгерского МИД подчеркнул, что республика расценивает это как нападение на свой суверенитет, поскольку получает по этому маршруту основные объемы топлива из России",https://tass.ru/mezhdunarodnaya-panorama/27006055,"Sun, 05 Apr 2026 14:21:57 +0300",website,tass.ru
В Махачкале из-за подтоплений эвакуируют жителей одного из микрорайонов,Людей вывезут в ПВР,https://tass.ru/obschestvo/27006187,"Sun, 05 Apr 2026 14:28:58 +0300",website,tass.ru
NDR: специалисты обнаружили новые травмы у кита Тимми,"Они, как пояснил министр окружающей среды Мекленбурга - Передней Померании Тилль Бакхаус, могли быть нанесены гребным винтом судна",https://tass.ru/obschestvo/27006235,"Sun, 05 Apr 2026 14:29:20 +0300",website,tass.ru
В Москве предстоящей ночью ожидаются первые апрельские заморозки,Ветер прогнозируется юго-западный со скоростью 6-11 м/с,https://tass.ru/obschestvo/27006249,"Sun, 05 Apr 2026 14:30:07 +0300",website,tass.ru
Песков назвал классикой интеллигентный подход РФ на международной арене,"Такой подход остается востребованным даже на фоне различных риторик, заявил пресс-секретарь президента России",https://tass.ru/politika/27006241,"Sun, 05 Apr 2026 14:32:28 +0300",website,tass.ru
"ТАСС: два человека погибли при атаке БПЛА на сухогруз, затонувший в Азовском море",Судно находилось в 300 милях к северу от Керчи,https://tass.ru/proisshestviya/27006281,"Sun, 05 Apr 2026 14:33:57 +0300",website,tass.ru
Над регионами России сбили 77 украинских БПЛА,Силы ПВО уничтожили дроны в период с 08:00 до 14:00 мск,https://tass.ru/armiya-i-opk/27006301,"Sun, 05 Apr 2026 14:34:36 +0300",website,tass.ru
Тухватуллина: Кузнецов собрал мощную команду на посту главного архитектора Москвы,"Он занимался просветительской деятельностью, в частности, делился информацией о мировых трендах в архитектуре",https://tass.ru/kultura/27006265,"Sun, 05 Apr 2026 14:36:59 +0300",website,tass.ru
"Песков с иронией назвал заявления Каллас ""новыми изысканиями эстонских историков""","Пресс-секретарь президента РФ отметил, что профессиональные качества главы евродипломатии не позволяют ей давать квалифицированные замечания по истории",https://tass.ru/politika/27006291,"Sun, 05 Apr 2026 14:37:29 +0300",website,tass.ru
В ОАЭ заявили о перехвате 9 баллистических ракет и 50 БПЛА из Ирана,"Минобороны страны также подчеркнуло, что ""за последние 24 часа сообщений о жертвах или раненых не поступало""",https://tass.ru/mezhdunarodnaya-panorama/27006337,"Sun, 05 Apr 2026 14:38:41 +0300",website,tass.ru
В Кузбассе девочка провалилась под лед,"Ведутся поиски, в регионе начался ледоход",https://tass.ru/proisshestviya/27006273,"Sun, 05 Apr 2026 14:39:01 +0300",website,tass.ru
"Росатом минимально задействован в эксплуатации первого энергоблока АЭС ""Бушер""","Специалисты корпорации проводят консультации, осуществляют ""работу по топливу"", участвуют в ремонтных кампаниях, указал гендиректор госкорпорации Алексей Лихачев",https://tass.ru/ekonomika/27006317,"Sun, 05 Apr 2026 14:41:16 +0300",website,tass.ru
КСИР заявил об ударах по нефтегазовой инфраструктуре США на Ближнем Востоке,"Согласно заявлению, ""массированные удары были нанесены по нефтеперерабатывающему заводу в Хайфе"", ""американским нефтегазовым объектам Exxon Mobil и Chevron"" в ОАЭ, ""американскому нефтехимическому заводу"" в Бахрейне, а также американскому нефтехимическому комплексу в Кувейте",https://tass.ru/mezhdunarodnaya-panorama/27006365,"Sun, 05 Apr 2026 14:43:11 +0300",website,tass.ru
В аэропорту Сочи ввели ограничения,Они необходимы для обеспечения безопасности полетов,https://tass.ru/obschestvo/27006373,"Sun, 05 Apr 2026 14:43:25 +0300",website,tass.ru
В аэропорту Сочи ввели ограничения,,https://tass.ru/obschestvo/27006373,"Sun, 05 Apr 2026 14:43:25 +0300",website,tass.ru
La Tribune: Франция многократно увеличит выпуск управляемых боеприпасов,"Новый законопроект подразумевает увеличение расходов на оборонные нужды с €400 млрд до €436 млрд на период с 2024 по 2030 год, пишет газета",https://tass.ru/mezhdunarodnaya-panorama/27006389,"Sun, 05 Apr 2026 14:51:13 +0300",website,tass.ru
CNN: США потеряли не менее семи военных самолетов в конфликте с Ираном,,https://tass.ru/mezhdunarodnaya-panorama/27006411,"Sun, 05 Apr 2026 14:52:46 +0300",website,tass.ru
Дмитриев посоветовал властям ЕС и Британии тщательнее готовиться к кризисам,"По словам главы РФПИ, это необходимо, чтобы не повторить ошибок времен пандемии COVID-19",https://tass.ru/ekonomika/27006423,"Sun, 05 Apr 2026 14:53:04 +0300",website,tass.ru
"Юрист Жаров рассказал, когда грозит штраф за украшение палисадников игрушками","Если игрушки начинают гнить и загрязнять почву, то это может повлечь административную ответственность, указал управляющий партнер Адвокатского бюро ""Жаров Группа""",https://tass.ru/obschestvo/27006051,"Sun, 05 Apr 2026 14:55:49 +0300",website,tass.ru
В МО сообщили о ликвидации очага задымления в военном учебном заведении в Москве,Никто не пострадал,https://tass.ru/proisshestviya/27006307,"Sun, 05 Apr 2026 14:56:09 +0300",website,tass.ru
ADAC: в ФРГ цены на дизельное топливо достигли нового рекорда,"Средняя цена за литр 4 апреля составила €2,425, сообщил Общегерманский автомобильный клуб",https://tass.ru/ekonomika/27006445,"Sun, 05 Apr 2026 14:57:18 +0300",website,tass.ru
В Махачкале сохраняется угроза обрушения четырех многоэтажных домов,Эвакуированы около 300 человек,https://tass.ru/obschestvo/27006489,"Sun, 05 Apr 2026 14:57:45 +0300",website,tass.ru
В весенний период МВО направит свыше 35 тыс. призывников на военную службу,"Кроме того, новобранцы будут направлены в учебные соединения и воинские части, где в течение четырех месяцев освоят военную технику и получат военно-учетную специальность",https://tass.ru/armiya-i-opk/27005997,"Sun, 05 Apr 2026 14:57:58 +0300",website,tass.ru
ONA: Оман и Иран провели встречу для обсуждения обеспечения прохода через Ормузский пролив,,https://tass.ru/mezhdunarodnaya-panorama/27006495,"Sun, 05 Apr 2026 14:59:16 +0300",website,tass.ru
Al Mayadeen: танкер с иракской нефтью прошел через Ормузский пролив,"Судно было замечено недалеко от иранского побережья, передает телеканал",https://tass.ru/ekonomika/27006465,"Sun, 05 Apr 2026 14:59:18 +0300",website,tass.ru
"Сейшелы обсуждают с ""Аэрофлотом"" круглогодичные прямые рейсы","Сейчас полеты выполняются три раза в неделю, при этом в страну приезжает ""около 40 тыс. туристов из России в течение года"", уточнила министр транспорта, портов и гражданской авиации Сейшел Вероника Лапорт",https://tass.ru/ekonomika/27006513,"Sun, 05 Apr 2026 15:00:51 +0300",website,tass.ru
Додик: попытка диверсии на газопроводе в Сербии угрожает всему региону,"Лидер боснийских сербов подчеркнул, что ""энергетическая безопасность - это вопрос мира, развития и будущего народов""",https://tass.ru/ekonomika/27006475,"Sun, 05 Apr 2026 15:01:17 +0300",website,tass.ru
Прокуратура начала проверку после обрушения дома в Махачкале,"В рамках проверки будет дана оценка соблюдению градостроительного законодательства, а также эффективности мер по предотвращению подтоплений, принятых уполномоченными органами",https://tass.ru/proisshestviya/27006529,"Sun, 05 Apr 2026 15:05:25 +0300",website,tass.ru
Пострадавших при обрушении части многоквартирного дома в Махачкале нет,Об этом сообщили в пресс-службе МЧС РФ,https://tass.ru/proisshestviya/27006601,"Sun, 05 Apr 2026 15:06:47 +0300",website,tass.ru
"Ушаков заметил, что Каллас пора бы уже последовать собственному призыву ""выпить""","Помощник президента РФ отметил единственную, по его мнению, ""интересную"" фразу за всю историю работы главы европейской дипломатии",https://tass.ru/politika/27006569,"Sun, 05 Apr 2026 15:07:16 +0300",website,tass.ru
Сергей Меликов прибыл на место обрушения многоэтажного дома в Махачкале,Об этом сообщила пресс-службы главы региона,https://tass.ru/obschestvo/27006627,"Sun, 05 Apr 2026 15:09:46 +0300",website,tass.ru
В Дагестане более 40 человек обратились к медикам с острой кишечной инфекцией,Госпитализированы 22 человека,https://tass.ru/obschestvo/27006633,"Sun, 05 Apr 2026 15:13:13 +0300",website,tass.ru
В Махачкале нет жертв после обрушения многоэтажного дома,Обрушение произошло из-за подтоплений,https://tass.ru/proisshestviya/27006647,"Sun, 05 Apr 2026 15:15:01 +0300",website,tass.ru
Гимнаст Маринов завоевал золото на этапе Кубка мира в Египте,Спортсмен выиграл вольные упражнения,https://tass.ru/sport/27006653,"Sun, 05 Apr 2026 15:15:48 +0300",website,tass.ru
"Трамп пригрозил Ирану адом, если он не откроет Ормузский пролив",Американский лидер предупредил исламскую республику об ударах по энергетической и гражданской инфраструктуре,https://tass.ru/mezhdunarodnaya-panorama/27006671,"Sun, 05 Apr 2026 15:18:33 +0300",website,tass.ru
"В Кузбассе девятилетняя девочка погибла, провалившись под лед","На месте происшествия работает следственно-оперативная группа, проводятся осмотр места происшествия и допросы очевидцев",https://tass.ru/proisshestviya/27006659,"Sun, 05 Apr 2026 15:18:49 +0300",website,tass.ru
Трамп подтвердил спасение второго члена экипажа F-15,"Президент США также отметил, что 6 апреля в 20:00 мск в Овальном кабинете у него состоится пресс-конференция с участием военных",https://tass.ru/mezhdunarodnaya-panorama/27006679,"Sun, 05 Apr 2026 15:20:09 +0300",website,tass.ru
"В Москве около 6 тыс. человек приняли участие в забеге ""Апрель""",Пятикратным победителем забега стал Иван Панферов с результатом 14 минут 51 секунда,https://tass.ru/obschestvo/27006685,"Sun, 05 Apr 2026 15:22:52 +0300",website,tass.ru
В Донбасс впервые за 16 лет приехал театр кошек Куклачева,В постановке приняли участие 50 животных,https://tass.ru/kultura/27006689,"Sun, 05 Apr 2026 15:25:16 +0300",website,tass.ru
В Махачкале после обрушения многоэтажного дома организовали проверку,Причиной обрушения могло стать размывание фундамента из-за подтопления,https://tass.ru/proisshestviya/27006699,"Sun, 05 Apr 2026 15:26:20 +0300",website,tass.ru
В Дагестане несколько сел остались без газа из-за повреждения газопроводов,Они произошли из-за схода оползней,https://tass.ru/proisshestviya/27006503,"Sun, 05 Apr 2026 15:26:38 +0300",website,tass.ru
В Сербии завели дело о диверсии после обнаружения взрывчатки у газопровода,"В ходе осмотра местности были обнаружены два рюкзака с примерно 4 кг вещества, отметила прокурор Младенка Манойлович",https://tass.ru/mezhdunarodnaya-panorama/27006707,"Sun, 05 Apr 2026 15:28:49 +0300",website,tass.ru
Республика Корея может возобновить закупку нефти и энергоресурсов у России,"Президент Корейско-российского делового совета Пак Чжон Хо заявил, что видит значительный потенциал развития торгово-экономического сотрудничества с российской стороной",https://tass.ru/ekonomika/27006723,"Sun, 05 Apr 2026 15:30:24 +0300",website,tass.ru
Минздрав Ливана заявил о гибели четырех человек из-за атаки Израиля,"Еще 39 получили ранения, отметили в министерстве республики",https://tass.ru/mezhdunarodnaya-panorama/27006745,"Sun, 05 Apr 2026 15:31:40 +0300",website,tass.ru
В аэропорту Сочи задерживаются 16 рейсов,Еще два рейса отменены,https://tass.ru/ekonomika/27006731,"Sun, 05 Apr 2026 15:32:54 +0300",website,tass.ru
Театр кошек Куклачева планирует более масштабные гастроли в Донбасс,Они могут пройти в конце 2026 года,https://tass.ru/kultura/27006763,"Sun, 05 Apr 2026 15:33:23 +0300",website,tass.ru
"В Калининграде загорелся ТЦ ""Гиант""",Площадь возгорания составила 500 кв. м,https://tass.ru/proisshestviya/27006789,"Sun, 05 Apr 2026 15:35:21 +0300",website,tass.ru
В Севастополе отражают атаку ВСУ,Силы ПВО сбили три воздушные цели,https://tass.ru/proisshestviya/27006771,"Sun, 05 Apr 2026 15:37:13 +0300",website,tass.ru
В России готовят ГОСТ на антимоскитные сетки,"Это необходимо для борьбы с падением детей из окон, пояснила депутат Госдумы Татьяна Буцкая",https://tass.ru/obschestvo/27006797,"Sun, 05 Apr 2026 15:38:18 +0300",website,tass.ru
В Севастополе осколком сбитого дрона ВСУ повреждена воздушная линия,В нескольких районах нет электричества,https://tass.ru/proisshestviya/27006833,"Sun, 05 Apr 2026 15:48:54 +0300",website,tass.ru
Обрушение дома в Махачкале. Главное о происшествии,В городской администрации также сообщили об угрозе аналогичного обрушения четырех многоэтажных домов на улице Айвазовского,https://tass.ru/proisshestviya/27006751,"Sun, 05 Apr 2026 15:51:01 +0300",website,tass.ru
В Махачкале обследуют поврежденные многоэтажные дома,Жителей расселят в другие места,https://tass.ru/obschestvo/27006855,"Sun, 05 Apr 2026 15:54:13 +0300",website,tass.ru
В Харькове произошли взрывы,На части территории Харьковской области объявлена воздушная тревога,https://tass.ru/proisshestviya/27006861,"Sun, 05 Apr 2026 15:54:56 +0300",website,tass.ru
TRT Haber: Фидан проведет в Дамаске переговоры с аш-Шараа и Зеленским,"По данным телеканала, внешнеполитическое ведомство Турции сообщало о визите главы МИД республики в Сирию, однако не уточняло деталей о его переговорах с участием Владимира Зеленского",https://tass.ru/mezhdunarodnaya-panorama/27006847,"Sun, 05 Apr 2026 15:56:59 +0300",website,tass.ru
Опубликовано видео с места обрушения многоэтажного дома в Махачкале,На кадрах видна работа оперативных служб,https://tass.ru/proisshestviya/27006691,"Sun, 05 Apr 2026 15:57:39 +0300",website,tass.ru
"""Ростов"" прервал безвыигрышную серию в РПЛ, обыграв ""Пари НН""",Ростовчане впервые победили в официальном матче в 2026 году,https://tass.ru/sport/27006883,"Sun, 05 Apr 2026 15:57:48 +0300",website,tass.ru
В Калининграде площадь пожара в ТЦ выросла до 1 тыс. кв. м,Огонь распространился по обшивке фасада здания и перекинулся на припаркованные рядом автомобили,https://tass.ru/proisshestviya/27006889,"Sun, 05 Apr 2026 15:58:06 +0300",website,tass.ru
В Сербии вблизи газопровода обнаружили взрывчатые вещества,"Отмечается, что силовые структуры продолжают работу на месте для поиска дополнительных следов и установления причастных лиц",https://tass.ru/mezhdunarodnaya-panorama/27006897,"Sun, 05 Apr 2026 16:01:10 +0300",website,tass.ru
В Сумах произошли взрывы,Подробности не приводятся,https://tass.ru/proisshestviya/27006919,"Sun, 05 Apr 2026 16:06:53 +0300",website,tass.ru
"В ""Нафтогазе"" сообщили о пожаре на объекте в Сумской области","Никто из сотрудников не пострадал, сообщил глава компании Сергей Корецкий",https://tass.ru/proisshestviya/27006925,"Sun, 05 Apr 2026 16:08:11 +0300",website,tass.ru
"Пассажира, вытолкнувшего проводницу из поезда в Костромской области, задержали",Женщина повредила позвоночник,https://tass.ru/proisshestviya/27006933,"Sun, 05 Apr 2026 16:10:31 +0300",website,tass.ru
Затонувший в Азовском море сухогруз направлялся из Ростовской области на Кубань,Прибыть в порт Кавказ судно должно было 2 апреля,https://tass.ru/obschestvo/27006957,"Sun, 05 Apr 2026 16:16:30 +0300",website,tass.ru
ТАСС: министерский мониторинг ОПЕК+ начал встречу,Она проходит в формате видеоконференции,https://tass.ru/ekonomika/27006973,"Sun, 05 Apr 2026 16:17:10 +0300",website,tass.ru
В Роспотребнадзоре назвали причину отравления жителей района Дагестана,Ей стал ротавирус,https://tass.ru/obschestvo/27006985,"Sun, 05 Apr 2026 16:18:35 +0300",website,tass.ru
Дмитриев: цена на нефть может превысить $150 за баррель в ближайшие две недели,"Спецпредставитель президента РФ по инвестиционно-экономическому сотрудничеству с зарубежными странами ранее прогнозировал, что стоимость фьючерсной нефти сравняется с ценой на физическую в ближайшее время",https://tass.ru/ekonomika/27006993,"Sun, 05 Apr 2026 16:18:54 +0300",website,tass.ru
Транспортная прокуратура проверит обстоятельства крушения судна в Азовском море,Погибли два человека,https://tass.ru/proisshestviya/27006965,"Sun, 05 Apr 2026 16:19:32 +0300",website,tass.ru
"Космонавты на МКС посмотрели фильм ""Полет, изменивший мир""",Премьера картины состоится на Земле 10 апреля,https://tass.ru/obschestvo/27006981,"Sun, 05 Apr 2026 16:20:20 +0300",website,tass.ru
Глава МИД Ирака поблагодарил Иран за проход танкеров через Ормузский пролив,Фуад Хусейн отметил важность продолжения этого сотрудничества в ближайшем будущем,https://tass.ru/mezhdunarodnaya-panorama/27007027,"Sun, 05 Apr 2026 16:22:43 +0300",website,tass.ru
Mehr: в Иране с начала конфликта погибли 245 учеников,Жертвами стали 58 работников образования,https://tass.ru/mezhdunarodnaya-panorama/27007017,"Sun, 05 Apr 2026 16:23:04 +0300",website,tass.ru
После травмирования проводницы в Костромской области завели дело,На станции Поназырево при стоянке поезда Челябинск - Санкт-Петербург пассажир вытолкнул проводницу из вагона,https://tass.ru/proisshestviya/27007007,"Sun, 05 Apr 2026 16:23:15 +0300",website,tass.ru
В Чебоксарах семь школьников обратились в больницу с острой кишечной инфекцией,"Учеников классов, где зафиксировали заражения, перевели на дистанционный формат обучения",https://tass.ru/obschestvo/27006999,"Sun, 05 Apr 2026 16:23:42 +0300",website,tass.ru
В Московском регионе прошел сильный ливень с градом,"В частности, осадки, сопровождаемые градом, были отмечены на западе и северо-западе области, на востоке и юго-востоке города",https://tass.ru/obschestvo/27007011,"Sun, 05 Apr 2026 16:25:14 +0300",website,tass.ru
"Умер создатель гиперзвуковой ракеты ""Циркон"" Александр Леонов",Ему было 74 года,https://tass.ru/obschestvo/27007043,"Sun, 05 Apr 2026 16:25:43 +0300",website,tass.ru
В Дербенте эвакуируют заблокированных в доме людей в районе крепости Нарын-Кала,Жильцы одного из домов не могут самостоятельно выйти из-за скопления воды,https://tass.ru/proisshestviya/27007047,"Sun, 05 Apr 2026 16:27:39 +0300",website,tass.ru
"В Иране сообщили, что аэропорт в Ахвазе подвергся удару","Никто не пострадал, заявил замгубернатора провинции Хузестан по вопросам безопасности и правопорядка Валиулла Хаяти",https://tass.ru/mezhdunarodnaya-panorama/27007055,"Sun, 05 Apr 2026 16:28:27 +0300",website,tass.ru
"В Калининграде в ТЦ ""Гиант"" завершили эвакуацию","По предварительным данным, в результате пожара никто не пострадал",https://tass.ru/obschestvo/27007071,"Sun, 05 Apr 2026 16:30:00 +0300",website,tass.ru
Россия и Танзания приняли решение о запуске прямых рейсов,"Министр транспорта республики Макаме Мняа не сообщил точных дат, заявив об их отсутствии ввиду продолжения сторонами работы",https://tass.ru/mezhdunarodnaya-panorama/27007085,"Sun, 05 Apr 2026 16:30:32 +0300",website,tass.ru
Орбан назвал вопиющим преступлением действия Украины против Венгрии,"Венгерский премьер-министр считает, что весь мир оказался на пороге ""энергетического и финансового кризисов"", которые вызваны нарушением поставок энергоресурсов и ростом цен",https://tass.ru/mezhdunarodnaya-panorama/27007063,"Sun, 05 Apr 2026 16:30:33 +0300",website,tass.ru
В Херсоне произошли взрывы,В контролируемых властями Украины районах Херсонской области действует воздушная тревога,https://tass.ru/proisshestviya/27007093,"Sun, 05 Apr 2026 16:31:28 +0300",website,tass.ru
Сербия и Венгрия намерены усилить координацию после инцидента у газопровода,"Белград и Будапешт обсудили обеспеченность рынков нефтью и нефтепродуктами, а также меры по поддержанию надежного и стабильного снабжения, отметила министр горнодобывающей промышленности и энергетики республики Дубравка Джедович-Ханданович",https://tass.ru/mezhdunarodnaya-panorama/27007079,"Sun, 05 Apr 2026 16:32:07 +0300",website,tass.ru
AFP: проиранские силы в Ираке дважды атаковали дипломатические объекты США,Данные о пострадавших не приводятся,https://tass.ru/mezhdunarodnaya-panorama/27007119,"Sun, 05 Apr 2026 16:32:42 +0300",website,tass.ru
"Филиппо сравнил попытку диверсии на газопроводе в Сербии с ""Северными потоками""",В нескольких сотнях метров от газопровода в районе населенного пункта Велебит были найдены взрывчатка и детонаторы,https://tass.ru/mezhdunarodnaya-panorama/27007133,"Sun, 05 Apr 2026 16:36:01 +0300",website,tass.ru
В Дагестане из-за разрушения плотины эвакуировали порядка 800 домохозяйств,Жителям оказывают необходимую помощь,https://tass.ru/proisshestviya/27007141,"Sun, 05 Apr 2026 16:36:09 +0300",website,tass.ru
ТАСС: мониторинг ОПЕК+ не намерен давать рекомендаций по изменению политики добычи нефти,"Источник в одной из делегаций отметил, что встреча министерского мониторингового комитета практически завершена",https://tass.ru/ekonomika/27007145,"Sun, 05 Apr 2026 16:36:51 +0300",website,tass.ru
"В Калининграде при пожаре в ТЦ ""Гиант"" пострадали три человека",Двух из них госпитализировали,https://tass.ru/proisshestviya/27007169,"Sun, 05 Apr 2026 16:38:34 +0300",website,tass.ru
Sabah: кабмин Турции обсудит урегулирование на Украине,"По данным издания, турецкий лидер Реджеп Тайип Эрдоган на заседании правительства проинформирует об итогах переговоров с Владимиром Зеленским",https://tass.ru/mezhdunarodnaya-panorama/27007153,"Sun, 05 Apr 2026 16:40:38 +0300",website,tass.ru
"Оверчук предупредил, что при вступлении в ЕС у Армении не будет авиасообщения с РФ","Вице-премьер отметил, что гражданам республики стоит осознавать потенциальные последствия принятого официальным Ереваном решения о сближении с Евросоюзом",https://tass.ru/politika/27007181,"Sun, 05 Apr 2026 16:43:56 +0300",website,tass.ru
Следователи завели дело из-за обрушения жилого дома в Махачкале,"По версии следствия, неустановленные должностные лица администрации Махачкалы не приняли своевременных мер по предотвращению негативных последствий, связанных с подтоплением и размыванием фундамента",https://tass.ru/proisshestviya/27007189,"Sun, 05 Apr 2026 16:44:26 +0300",website,tass.ru
В районе промзоны на юге Израиля произошел пожар после обстрела из Ирана,"Место падения осколков снаряда обследовали сотрудники пожарно-спасательной службы, которые не нашли признаков утечек опасных веществ",https://tass.ru/mezhdunarodnaya-panorama/27007161,"Sun, 05 Apr 2026 16:46:32 +0300",website,tass.ru
"Трамп заявил, что США и Иран могут заключить сделку к 6 апреля","Стороны ведут переговоры, сообщил журналист телеканала Fox News Трей Йингст со ссылкой на американского президента",https://tass.ru/mezhdunarodnaya-panorama/27007197,"Sun, 05 Apr 2026 16:48:47 +0300",website,tass.ru
"Армия Израиля заявила, что устранила в Тегеране офицера нефтяного управления КСИР","Согласно ее заявлению, целью точечной ликвидации был Мохаммед Реза Ашрафи Кахи",https://tass.ru/mezhdunarodnaya-panorama/27007217,"Sun, 05 Apr 2026 16:49:00 +0300",website,tass.ru
Henkel зарегистрировала в РФ товарные знаки для косметических средств,Они зарегистрированы по семи классам международной классификации товаров и услуг,https://tass.ru/ekonomika/27007211,"Sun, 05 Apr 2026 16:49:04 +0300",website,tass.ru
В Казахстане при опрокидывании вахтового автобуса пострадали более 30 человек,"Их госпитализировали, сообщили в пресс-службе МЧС республики",https://tass.ru/proisshestviya/27007257,"Sun, 05 Apr 2026 16:54:58 +0300",website,tass.ru
В Московском зоопарке родились птенцы пингвинов Гумбольдта,"Уточняется, что детеныши родились у подросших птенцов, появившихся в столичном зоопарке несколько лет назад",https://tass.ru/obschestvo/27007273,"Sun, 05 Apr 2026 16:55:29 +0300",website,tass.ru
Комитет ОПЕК+ обеспокоен нападениями на энергетическую инфраструктуру,Следующее заседание министерского мониторингового комитета пройдет 7 июня,https://tass.ru/ekonomika/27007275,"Sun, 05 Apr 2026 16:55:57 +0300",website,tass.ru
Следующее заседание мониторингового комитета ОПЕК+ назначили на 7 июня,,https://tass.ru/ekonomika/27007275,"Sun, 05 Apr 2026 16:55:57 +0300",website,tass.ru
В Дагестане один человек числится пропавшим без вести после схода оползня,"Оползень произошел из-за обильных дождей, сообщил глава Кайтагского района Запир Гасанов",https://tass.ru/proisshestviya/27007283,"Sun, 05 Apr 2026 16:56:53 +0300",website,tass.ru
Комитет ОПЕК+ заявил о необходимости охраны морских путей поставок энергоресурсов,Комитет рассмотрел ситуацию на мировом рынке энергоресурсов,https://tass.ru/ekonomika/27007289,"Sun, 05 Apr 2026 16:59:36 +0300",website,tass.ru
"Акопян: гандболистки ""Звезды"" немного реабилитировались в Кубке России",Звенигородская команда завоевала бронзу Кубка России,https://tass.ru/sport/27007305,"Sun, 05 Apr 2026 17:00:22 +0300",website,tass.ru
В Махачкале назвали одну из причин разрушения многоэтажного дома после дождей,Ей стала хаотичная застройка территории,https://tass.ru/proisshestviya/27007307,"Sun, 05 Apr 2026 17:01:20 +0300",website,tass.ru
В Махачкале четыре дома находятся в зоне риска после обрушения здания,Проведена эвакуация 300 человек,https://tass.ru/obschestvo/27007313,"Sun, 05 Apr 2026 17:03:04 +0300",website,tass.ru
Патриарх Кирилл поздравил глав инославных Церквей с Пасхой,"Патриарх также пожелал им крепкого здоровья, душевного мира и помощи Господа Иисуса в дальнейшем высоком служении",https://tass.ru/obschestvo/27007375,"Sun, 05 Apr 2026 17:12:29 +0300",website,tass.ru
"ТАСС: ""восьмерка"" ОПЕК+ договорилась нарастить добычу нефти в мае на 206 тыс. б/с","Это решение аналогично прошлому, принятому на встрече 1 марта",https://tass.ru/ekonomika/27007395,"Sun, 05 Apr 2026 17:14:25 +0300",website,tass.ru
Новак заявил о серьезном кризисе и волатильности на мировом энергорынке,"Вице-премьер РФ отметил, что министерский мониторинговый комитет ОПЕК+ проанализировал ситуацию на рынке",https://tass.ru/ekonomika/27007435,"Sun, 05 Apr 2026 17:18:42 +0300",website,tass.ru
Новак заявил о серьезном кризисе и волатильности на энергорынке,,https://tass.ru/ekonomika/27007435,"Sun, 05 Apr 2026 17:18:42 +0300",website,tass.ru
"В Калининграде площадь пожара в ТЦ увеличилась до 1,5 тыс. кв. м",Эвакуировали порядка 140 человек,https://tass.ru/proisshestviya/27007427,"Sun, 05 Apr 2026 17:18:54 +0300",website,tass.ru
Мониторинг ОПЕК+ заявил о необходимости прекращения атак на энергоинфраструктуру,"Закрыты отдельные маршруты морской перевозки, и это очень сильно влияет на волатильность, отметил вице-премьер РФ Александр Новак",https://tass.ru/ekonomika/27007447,"Sun, 05 Apr 2026 17:19:48 +0300",website,tass.ru
"В Молдавии еще не определили вещество, которым был загрязнен Днестр","Министр окружающей среды республики Георгий Хаждер отметил, что ждет от экспертов больше ответов и результатов исследований",https://tass.ru/mezhdunarodnaya-panorama/27007387,"Sun, 05 Apr 2026 17:20:53 +0300",website,tass.ru
"В Иране заявили, что Трамп жертвует благополучием сограждан ради угроз другим","Президент США использовал войну в качестве предлога, чтобы оправдать свою неспособность обеспечить ""детские сады и здравоохранение"" для американского народа, отметил первый иранский вице-президент Мохаммад Реза Ареф",https://tass.ru/mezhdunarodnaya-panorama/27007455,"Sun, 05 Apr 2026 17:21:04 +0300",website,tass.ru
Секретариат ОПЕК подготовит в течение месяца доклад по оценке ситуации на рынке нефти,"В ходе встречи 5 апреля ""восьмерка"" ОПЕК+ договорилась нарастить добычу на 206 тыс. б/с в мае к уровню апреля",https://tass.ru/ekonomika/27007475,"Sun, 05 Apr 2026 17:21:58 +0300",website,tass.ru
Новак: секретариат ОПЕК подготовит дополнительные решения по стабилизации рынка,,https://tass.ru/ekonomika/27007475,"Sun, 05 Apr 2026 17:21:58 +0300",website,tass.ru
У одной из пострадавших при пожаре в ТЦ в Калининграде диагностированы переломы,Еще двух пострадавших женщин отпустили домой,https://tass.ru/proisshestviya/27007469,"Sun, 05 Apr 2026 17:22:07 +0300",website,tass.ru
Новак заявил о большом разрыве в ценах на нефть и нефтепродукты в мире,"Эта разница очень сильно выросла, и наблюдается дефицит нефтепродуктов в мире в целом, подчеркнул вице-премьер РФ",https://tass.ru/ekonomika/27007485,"Sun, 05 Apr 2026 17:23:57 +0300",website,tass.ru
Новак: мировой энергорынок не сбалансирован,,https://tass.ru/ekonomika/27007485,"Sun, 05 Apr 2026 17:23:57 +0300",website,tass.ru
Очаг возгорания в ТЦ Калининграда находится в фасадной части здания,Из здания эвакуировали порядка 140 человек,https://tass.ru/proisshestviya/27007513,"Sun, 05 Apr 2026 17:27:13 +0300",website,tass.ru
Очаг возгорания в ТЦ Калининграда находится в фасадной части здания,,https://tass.ru/proisshestviya/27007513,"Sun, 05 Apr 2026 17:27:13 +0300",website,tass.ru
"GSP: экс-тренер ""Зенита"" Луческу введен в медикаментозную кому",Специалист подключен к аппарату искусственного жизнеобеспечения,https://tass.ru/sport/27007519,"Sun, 05 Apr 2026 17:31:03 +0300",website,tass.ru
"Сийярто: Венгрия, РФ, Турция и Сербия усилят защиту газопровода ""Турецкий поток""","Глава МИД Венгрии отметил, что провел разговоры по телефону с министрами энергетики Сербии и Турции, а также первым заместителем министра энергетики России Павлом Сорокиным",https://tass.ru/mezhdunarodnaya-panorama/27007527,"Sun, 05 Apr 2026 17:31:59 +0300",website,tass.ru
"Венгрия, Россия, Турция и Сербия договорились усилить защиту ""Турецкого потока""",,https://tass.ru/mezhdunarodnaya-panorama/27007527,"Sun, 05 Apr 2026 17:31:59 +0300",website,tass.ru
В Дагестане оползень разрушил жилой дом,Еще два здания получили частичные повреждения,https://tass.ru/proisshestviya/27007535,"Sun, 05 Apr 2026 17:32:44 +0300",website,tass.ru
Въезд детей в Абхазию без загранпаспорта может заработать спустя месяц,"Абхазский президент Бадра Гунба выразил благодарность лидеру РФ Владимиру Путину, отметив, что такое решение о сохранении возможности для детей до 14 лет въезжать по свидетельству о рождении является очередным подтверждением особого характера отношений между Абхазией и Россией",https://tass.ru/obschestvo/27007261,"Sun, 05 Apr 2026 17:34:07 +0300",website,tass.ru
"Акинфеев считает, что судьи правильно отменили гол Дзюбы в его ворота","ЦСКА одержал победу над ""Акроном"" со счетом 2:1",https://tass.ru/sport/27007553,"Sun, 05 Apr 2026 17:34:11 +0300",website,tass.ru
Сийярто: Венгрия обеспечит у себя военную охрану газопровода в связи с украинской угрозой,"Министр иностранных дел и внешней торговли напомнил, что ранее Украина предпринимала многочисленные нападения на объекты ""Турецкого потока"" на российской территории, которые используются для транспортировки газа в Европу, в том числе в Венгрию и Словакию",https://tass.ru/mezhdunarodnaya-panorama/27007555,"Sun, 05 Apr 2026 17:34:44 +0300",website,tass.ru
Сийярто: Венгрия обеспечит охрану газопровода от границы с Сербией до границы со Словакией,,https://tass.ru/mezhdunarodnaya-panorama/27007555,"Sun, 05 Apr 2026 17:34:44 +0300",website,tass.ru
Лихачев: условия труда в атомной отрасли позволяют трудоустраивать больше женщин,"Гендиректор Росатома отметил, что на это также влияет безопасность на атомных предприятиях",https://tass.ru/ekonomika/27007559,"Sun, 05 Apr 2026 17:36:05 +0300",website,tass.ru
Сийярто: попытка теракта в Сербии хорошо вписывается в предыдущие действия Украины,"Украинцы постоянно пытаются заблокировать поставки российских газа и нефти в Европу, отметил глава венгерского МИД",https://tass.ru/mezhdunarodnaya-panorama/27007575,"Sun, 05 Apr 2026 17:38:03 +0300",website,tass.ru
"Сийярто: попытка диверсии в Сербии вписывается в действия Киева против ""Турецкого потока""",,https://tass.ru/mezhdunarodnaya-panorama/27007575,"Sun, 05 Apr 2026 17:38:03 +0300",website,tass.ru
В Курской области при атаке ВСУ по частному дому пострадал мужчина,Пострадавшему диагностировали множественные слепые осколочные ранения грудной клетки и колото-резаные раны лица,https://tass.ru/proisshestviya/27007579,"Sun, 05 Apr 2026 17:38:41 +0300",website,tass.ru
В Курской области при атаке ВСУ по частному дому пострадал мужчина,,https://tass.ru/proisshestviya/27007579,"Sun, 05 Apr 2026 17:38:41 +0300",website,tass.ru
"""Восьмерка"" ОПЕК+ нарастит добычу нефти в мае на 206 тыс. б/с",Следующая встреча пройдет 3 мая,https://tass.ru/ekonomika/27007611,"Sun, 05 Apr 2026 17:42:17 +0300",website,tass.ru
"Следующая встреча ""восьмерки"" ОПЕК+ пройдет 3 мая",,https://tass.ru/ekonomika/27007611,"Sun, 05 Apr 2026 17:42:17 +0300",website,tass.ru
"Трое пострадавших в ТЦ ""Гиант"". Главное о пожаре в Калининграде","Площадь возгорания составляет 1,5 тыс. кв. м",https://tass.ru/proisshestviya/27007551,"Sun, 05 Apr 2026 17:43:40 +0300",website,tass.ru
"Трое пострадавших в ТЦ ""Гиант"". Главное о пожаре в Калининграде",Пожар локализован на площади 7 тыс. кв. м,https://tass.ru/proisshestviya/27007551,"Sun, 05 Apr 2026 17:43:40 +0300",website,tass.ru
В Махачкале могут снести находящиеся под угрозой обрушения многоэтажные дома,"По словам главы республики Сергея Меликова, все дома необходимо обследовать",https://tass.ru/obschestvo/27007595,"Sun, 05 Apr 2026 17:45:13 +0300",website,tass.ru
Пожар в ТЦ Калининграда локализовали,Изъяты средства видеонаблюдения,https://tass.ru/proisshestviya/27007633,"Sun, 05 Apr 2026 17:47:13 +0300",website,tass.ru
Пожар в ТЦ Калининграда локализовали,,https://tass.ru/proisshestviya/27007633,"Sun, 05 Apr 2026 17:47:13 +0300",website,tass.ru
Кадыров сообщил об уничтожении станции РЭБ и пункта дислокации ВСУ,"Операцию осуществила группа ""Корнет"" спецназа ""Ахмат"" МО РФ на харьковском направлении",https://tass.ru/armiya-i-opk/27007655,"Sun, 05 Apr 2026 17:56:02 +0300",website,tass.ru
Bild: в ФРГ при падении дерева на людей погибли три человека,"По данным газеты, среди них был 10-месячный ребенок",https://tass.ru/proisshestviya/27007691,"Sun, 05 Apr 2026 17:56:52 +0300",website,tass.ru
"Лидер Первой лиги ""Факел"" продлил беспроигрышную серию в чемпионате","Воронежская команда в 27-м туре обыграла тульский ""Арсенал""",https://tass.ru/sport/27007771,"Sun, 05 Apr 2026 18:06:00 +0300",website,tass.ru
"В Дагестане из-за непогоды сильно пострадали два района, два города и село",Во всех городах и районах оперативные службы работают в усиленном режиме,https://tass.ru/proisshestviya/27007765,"Sun, 05 Apr 2026 18:06:28 +0300",website,tass.ru
Пушков: заморозка участия США в НАТО перестала быть невозможной,"Американский президент Дональд Трамп ранее заявил, что чувствует отвращение к альянсу и рассматривает вопрос о выходе",https://tass.ru/politika/27007733,"Sun, 05 Apr 2026 18:06:32 +0300",website,tass.ru
Число жертв израильских авианалетов на Ливан превысило 1 461,"Минздрав республики сообщил, что за сутки погибли 37 человек",https://tass.ru/mezhdunarodnaya-panorama/27007793,"Sun, 05 Apr 2026 18:07:51 +0300",website,tass.ru
Число жертв израильских авианалетов на Ливан превысило 1 461,"Минздрав республики сообщил, что за сутки погибли 37 человек ",https://tass.ru/mezhdunarodnaya-panorama/27007793,"Sun, 05 Apr 2026 18:07:51 +0300",website,tass.ru
Иран заявил об ударе по нефтяной инфраструктуре в Израиле,Тегеран также нанес удары по складам техники и штабам на американской военной базе в Кувейте,https://tass.ru/mezhdunarodnaya-panorama/27007799,"Sun, 05 Apr 2026 18:08:19 +0300",website,tass.ru
Постпредство Ирана: слова Трампа указывают на желание совершить военное преступление,"Президент США ранее написал, что ""вторник станет для Ирана одновременно днем электростанций и мостов"" в случае, если к 6 апреля Ормузский пролив не будет открыт",https://tass.ru/mezhdunarodnaya-panorama/27007773,"Sun, 05 Apr 2026 18:08:59 +0300",website,tass.ru
В Дагестане из-за подтоплений эвакуировали 37 пассажиров поезда Москва - Дербент,Всех пассажиров эвакуировали с железнодорожного вокзала Махачкалы на трех автобусах,https://tass.ru/obschestvo/27007785,"Sun, 05 Apr 2026 18:09:02 +0300",website,tass.ru
"Опубликованы кадры пожара в ТЦ ""Гиант"" в Калининграде",Возгорание локализовали,https://tass.ru/proisshestviya/27007723,"Sun, 05 Apr 2026 18:09:19 +0300",website,tass.ru
В Хасавюрте укрепляют берег реки Ярык-су из-за подъема уровня воды,"По данным республиканского Минсельхоза, чтобы избежать подтоплений, на работу направлены все силы коммунальных служб города и спецтехники, активную помощь им оказывают волонтеры",https://tass.ru/obschestvo/27007751,"Sun, 05 Apr 2026 18:10:34 +0300",website,tass.ru
На вытолкнувшего проводницу из поезда в Костромской области завели дело,Женщина получила травмы средней степени тяжести,https://tass.ru/proisshestviya/27007777,"Sun, 05 Apr 2026 18:10:55 +0300",website,tass.ru
"В Якутии открылся прием документов в образовательный комплекс ""Точка будущего""","На 2026-2027 учебный год открыт набор воспитанников детского сада, учащихся младшей и старшей школ",https://tass.ru/obschestvo/27007715,"Sun, 05 Apr 2026 18:11:32 +0300",website,tass.ru
"На Херсонщине отобрали 34 вакантных места для ""Земских работников культуры""","В перечень вошли должности заведующего ДК и культорганизатора при центре культуры и досуга Голопристанского округа, художественного руководителя в Каховке, Великой Лепетихе, Рубановке и Бехтерах",https://tass.ru/obschestvo/27007807,"Sun, 05 Apr 2026 18:12:58 +0300",website,tass.ru
Минобороны Турции сообщило об уничтожении в Черном море дрейфующей мины,Ее обнаружили вблизи границы с Болгарией,https://tass.ru/mezhdunarodnaya-panorama/27007759,"Sun, 05 Apr 2026 18:13:38 +0300",website,tass.ru
Силы ПВО Кувейта сбили более 10 иранских ракет за сутки,"В кувейтском Минобороны добавили, что за прошедшие 24 часа уничтожили 4 крылатые ракеты, 9 баллистических ракет и 31 БПЛА",https://tass.ru/mezhdunarodnaya-panorama/27007823,"Sun, 05 Apr 2026 18:16:45 +0300",website,tass.ru
Лавров и Ван И обсудили ситуацию на Ближнем Востоке,"Подходы РФ и КНР по урегулированию конфликта вокруг Ирана в основном совпадают, отметили в российском дипведомстве",https://tass.ru/politika/27007875,"Sun, 05 Apr 2026 18:22:10 +0300",website,tass.ru
Вагенкнехт призвала к отставке главы МО ФРГ из-за нового закона о военной службе,В то же время основательница BSW выступила за проведение общенародного референдума по вопросу воинской обязанности,https://tass.ru/mezhdunarodnaya-panorama/27007857,"Sun, 05 Apr 2026 18:22:24 +0300",website,tass.ru
От инженера-конструктора до руководителя. Каким был путь Александра Леонова,Герой Труда РФ умер в возрасте 74 лет,https://tass.ru/info/27007699,"Sun, 05 Apr 2026 18:22:40 +0300",website,tass.ru
В Пермском крае завели дело после нападения собаки на женщину,"По данным СМИ, пострадавшая получила травму предплечья",https://tass.ru/proisshestviya/27007863,"Sun, 05 Apr 2026 18:23:30 +0300",website,tass.ru
Армия Израиля зафиксировала новый залп со стороны Ирана,Военные начали перехват ракет,https://tass.ru/mezhdunarodnaya-panorama/27007817,"Sun, 05 Apr 2026 18:25:03 +0300",website,tass.ru
"""Балтика"" сыграла вничью с махачкалинским ""Динамо"" в матче РПЛ",Встреча завершилась со счетом 2:2,https://tass.ru/sport/27007901,"Sun, 05 Apr 2026 18:25:11 +0300",website,tass.ru
В селе Кирки в Дагестане под завалами нашли тело погибшей женщины,Дом обрушился из-за непогоды,https://tass.ru/proisshestviya/27007909,"Sun, 05 Apr 2026 18:26:58 +0300",website,tass.ru
"Трамп заявил, что есть высокие шансы на достижение сделки с Ираном к 7 апреля","Президент США отметил, что его спецпосланник Стив Уиткофф и зять Джаред Кушнер ведут интенсивные переговоры с иранской стороной",https://tass.ru/mezhdunarodnaya-panorama/27007917,"Sun, 05 Apr 2026 18:29:12 +0300",website,tass.ru
"Трамп заявил, что есть высокие шансы на достижение сделки с Ираном к 7 апреля","Президент США отметил, что его спецпосланник Стив Уиткофф и зять Джаред Кушнер ведут интенсивные переговоры с иранской стороной ",https://tass.ru/mezhdunarodnaya-panorama/27007917,"Sun, 05 Apr 2026 18:29:12 +0300",website,tass.ru
Коммунальщики обязаны очистить улицы от оставшихся после зимы реагентов,"Если не проведена соответствующая работа, граждане могут оставить жалобу в органы жилищной инспекции",https://tass.ru/obschestvo/27007929,"Sun, 05 Apr 2026 18:31:49 +0300",website,tass.ru
Меликов назвал причину подтоплений в Махачкале,Ей стало строительство домов в русле реки,https://tass.ru/obschestvo/27007923,"Sun, 05 Apr 2026 18:32:03 +0300",website,tass.ru
Гандболистки ЦСКА в четвертый раз выиграли Кубок России,"В финале московская команда обыграла прошлогоднего обладателя трофея ""Ростов-Дон""",https://tass.ru/sport/27007971,"Sun, 05 Apr 2026 18:34:11 +0300",website,tass.ru
Трамп: США направляли оружие протестующим в Иране,"Его передали курдам, отметил американский лидер",https://tass.ru/mezhdunarodnaya-panorama/27007955,"Sun, 05 Apr 2026 18:34:49 +0300",website,tass.ru
Арагчи обсудил с Лавровым события в регионе,Главы МИД Ирана и РФ подняли тему двусторонних отношений,https://tass.ru/mezhdunarodnaya-panorama/27007979,"Sun, 05 Apr 2026 18:36:13 +0300",website,tass.ru
Лавров и Арагчи надеются на отказ США от ультиматумов для возвращения к дипломатии,"Главы МИД РФ и Ирана призвали избегать действий по подрыву шансов на дипломатическое урегулирование кризиса, в том числе в рамках СБ ООН",https://tass.ru/politika/27007997,"Sun, 05 Apr 2026 18:39:12 +0300",website,tass.ru
В части населенных пунктов Дербентского района Дагестана проводят эвакуацию,Планируют эвакуировать более 4 тыс. человек,https://tass.ru/obschestvo/27008025,"Sun, 05 Apr 2026 18:40:31 +0300",website,tass.ru
Китай заявил о готовности сотрудничать с РФ для деэскалации на Ближнем Востоке,"КНР готова поддерживать постоянные контакты по основным вопросам, отметил глава китайского МИД Ван И",https://tass.ru/mezhdunarodnaya-panorama/27008031,"Sun, 05 Apr 2026 18:43:28 +0300",website,tass.ru
Мэрия Риччоне выкупила бывшую виллу Муссолини,Там планируется организовать постоянный культурный центр и переместить исторический актив,https://tass.ru/obschestvo/27007965,"Sun, 05 Apr 2026 18:43:50 +0300",website,tass.ru
В Кувейте пожарные ликвидировали возгорания на НПЗ после атак Ирана,Жертв после атак нет,https://tass.ru/mezhdunarodnaya-panorama/27008075,"Sun, 05 Apr 2026 18:48:01 +0300",website,tass.ru
"В Калининграде из-за пожара в ТЦ ""Гиант"" заблокировано движение транспорта","В городе перекрыли Московский проспект от ОКБ ""Факел"" до торгового центра",https://tass.ru/obschestvo/27008053,"Sun, 05 Apr 2026 18:49:26 +0300",website,tass.ru
"Лавров и Арагчи призвали прекратить безрассудные атаки на АЭС ""Бушер""",Глава российского МИД выразил соболезнования в связи с гибелью одного из сотрудников станции из числа иранских граждан,https://tass.ru/politika/27008101,"Sun, 05 Apr 2026 18:51:31 +0300",website,tass.ru
В Калининграде локализовали пожар на 7 тыс. кв. м,Локализация произошла в 18:36 мск,https://tass.ru/proisshestviya/27008113,"Sun, 05 Apr 2026 18:52:46 +0300",website,tass.ru
"Бонгонда не вернулся в ""Спартак"" по просьбе Федерации футбола ДР Конго","В пресс-службе красно-белых отметили, что клуб ""будет разбираться с этим вопросом в рамках установленных регламентных и дисциплинарных норм""",https://tass.ru/sport/27008127,"Sun, 05 Apr 2026 19:01:55 +0300",website,tass.ru
ФПК поддержит пострадавшую под Костромой от действий пассажира проводницу,При необходимости компания окажет содействие в транспортировке в другое медицинское учреждение для предоставления высокотехнологичной медицинской помощи и последующей реабилитации,https://tass.ru/obschestvo/27008129,"Sun, 05 Apr 2026 19:06:40 +0300",website,tass.ru
Орбан: Украина хочет отрезать Европу от нефти и газа из России,"Венгерский премьер-министр отметил, что ""весь континент сталкивается с серьезным энергетическим кризисом""",https://tass.ru/mezhdunarodnaya-panorama/27008137,"Sun, 05 Apr 2026 19:11:28 +0300",website,tass.ru
ТАСС: ВСУ минируют границу с Приднестровьем для борьбы с уклонистами,"Вражеские пропагандисты пишут, что таким образом Украина пытается предотвратить возможную наступательную операцию российского миротворческого контингента, обеспечивающего безопасность на территории непризнанной республики, отметили в российских силовых структурах",https://tass.ru/armiya-i-opk/27008145,"Sun, 05 Apr 2026 19:12:57 +0300",website,tass.ru
ТАСС: ЦИПсО публикует фейки о якобы пропавших без вести бойцах ВС РФ,В российских силовых структурах призвали не доверять украинским ресурсам и перепроверять информацию,https://tass.ru/armiya-i-opk/27008171,"Sun, 05 Apr 2026 19:13:52 +0300",website,tass.ru
ТАСС: в Изюмском районе проводится принудительная эвакуация,"Власти Украины часто объявляют об обязательной или принудительной эвакуации из населенных пунктов, расположенных вблизи зоны боевых действий, мотивируя это вопросами безопасности",https://tass.ru/armiya-i-opk/27008179,"Sun, 05 Apr 2026 19:14:23 +0300",website,tass.ru
ТАСС: на полигонах ВСУ под Харьковом фиксируются вспышки инфекционных заболеваний,"Врачей в ""учебках"" нет, а насильно мобилизованные украинские военные при первой же возможности пытаются дезертировать, отметили в российских силовых структурах",https://tass.ru/armiya-i-opk/27008195,"Sun, 05 Apr 2026 19:15:17 +0300",website,tass.ru
ТАСС: в 225-м полку ВСУ сформировали спецроту для наказания дезертиров,"Она не участвует в боевых действиях, отметили в российских силовых структурах",https://tass.ru/armiya-i-opk/27008203,"Sun, 05 Apr 2026 19:16:05 +0300",website,tass.ru
ТАСС: учебные центры ВСУ не принимают мобилизованных с заболеваниями,"В частности, военнопленного Николая Журбу из 117-й отдельной бригады теробороны ВСУ несколько недель сотрудники ТЦК пытались отправить в учебку, однако длительное время никто его не принимал из-за состояния здоровья, отметили в российских силовых структурах",https://tass.ru/armiya-i-opk/27008153,"Sun, 05 Apr 2026 19:16:51 +0300",website,tass.ru
"ВСУ использовали БПЛА для атаки на сухогруз, затонувший в Азовском море",Капитана сухогруза госпитализировали,https://tass.ru/proisshestviya/27008253,"Sun, 05 Apr 2026 19:17:11 +0300",website,tass.ru
ТАСС: украинский дезертир в Ровно угрожал гранатой сотрудникам ТЦК и полиции,"С мужчиной более трех часов вели переговоры, после чего его задержали и отправили в военную службу правопорядка для дальнейшего прохождения службы, указали в российских силовых структурах",https://tass.ru/armiya-i-opk/27008161,"Sun, 05 Apr 2026 19:17:54 +0300",website,tass.ru
"В Сербии заявили, что диверсию на газопроводе планировал иностранец","Директор сербского Военного агентства безопасности Джуро Йованич отметил, что им был один из членов группы мигрантов призывного возраста",https://tass.ru/mezhdunarodnaya-panorama/27008259,"Sun, 05 Apr 2026 19:20:07 +0300",website,tass.ru
Лыжникам Ардашеву и Пеклецовой вручили Кубок России,Ранее в Кировске прошли заключительные гонки соревнований,https://tass.ru/sport/27008283,"Sun, 05 Apr 2026 19:23:16 +0300",website,tass.ru
NASA: рекорд по удаленности нахождения людей от Земли будет побит в течение суток,"Как ожидается, астронавты при облете Луны будут находиться на расстоянии 406 773 км от Земли",https://tass.ru/kosmos/27008219,"Sun, 05 Apr 2026 19:23:39 +0300",website,tass.ru
Глава NASA считает высокими шансы найти внеземную жизнь,"Джаред Айзекман уточнил, что он пока не видел никаких указаний на посещение Земли инопланетными формами жизни",https://tass.ru/kosmos/27008277,"Sun, 05 Apr 2026 19:24:16 +0300",website,tass.ru
"Украина заявила о непричастности к попытке диверсии на ""Турецком потоке""",Премьер-министр Венгрии Виктор Орбан провел чрезвычайное заседание Совета обороны в связи с предпринятой в Сербии попыткой взрыва критически важной газовой инфраструктуры между двумя странами,https://tass.ru/mezhdunarodnaya-panorama/27008245,"Sun, 05 Apr 2026 19:25:38 +0300",website,tass.ru
Эксперт Гюрдениз: НАТО в Черном море превратит Турцию в антироссийскую архитектуру,"По мнению контр-адмирала турецких ВМС в отставке, полномочия, предоставленные Анкаре Конвенцией Монтрё о проливах, ""являются самым мощным геополитическим рычагом в ее руках""",https://tass.ru/mezhdunarodnaya-panorama/27008311,"Sun, 05 Apr 2026 19:29:07 +0300",website,tass.ru
Bild: в ФРГ стоимость дизеля на одной из АЗС превысила €3 за литр,"Цена на дизельное топливо достигла €3,169 за литр, а на бензин Super - €3,039 за литр",https://tass.ru/ekonomika/27008339,"Sun, 05 Apr 2026 19:30:32 +0300",website,tass.ru
"ТАСС: ""деревья правды"" стали самым распространенным способом наказания в ВСУ","Такое в Вооруженных силах Украины практиковали в том числе за нежелание выполнять приказы во время вторжения в Курскую область, отметили в российских силовых структурах",https://tass.ru/armiya-i-opk/27008187,"Sun, 05 Apr 2026 19:33:25 +0300",website,tass.ru
Сальдо пообещал Киеву ответ за атаку на сухогруз в Азовском море,"По словам губернатора Херсонской области, это не первый случай, когда Киев атакует гражданские суда в нейтральных водах",https://tass.ru/proisshestviya/27008395,"Sun, 05 Apr 2026 19:34:04 +0300",website,tass.ru
Гандболистку ЦСКА госпитализировали после травмы в финале Кубка России,Альбина Мурзалиева получила травму руки по ходу первого тайма,https://tass.ru/sport/27008421,"Sun, 05 Apr 2026 19:34:47 +0300",website,tass.ru
"В Иране заявили, что весь Ближний Восток ""сгорит дотла"" из-за действий США","По словам председателя Меджлиса Мохаммада Багера Галибафа, единственное реальное решение - это ""уважать права иранского народа и прекратить опасную игру""",https://tass.ru/mezhdunarodnaya-panorama/27008367,"Sun, 05 Apr 2026 19:34:50 +0300",website,tass.ru
В Новой Каховке из-за атаки ВСУ пострадал человек,Мирного жителя госпитализировали,https://tass.ru/proisshestviya/27008411,"Sun, 05 Apr 2026 19:38:03 +0300",website,tass.ru
Pepsi отказалась спонсировать фестиваль в Британии из-за приглашения Канье Уэста,"Рэпер ранее регулярно провоцировал скандалы своими заявлениями, в частности по темам нацизма и рабства, порой доходя до открытой демонстрации нацистской символики",https://tass.ru/ekonomika/27008321,"Sun, 05 Apr 2026 19:38:15 +0300",website,tass.ru
В аэропорту Сочи число задерживающихся рейсов выросло до 40,Ситуацию с задержками рейсов контролирует Южная транспортная прокуратура,https://tass.ru/ekonomika/27008375,"Sun, 05 Apr 2026 19:40:41 +0300",website,tass.ru
В Дагестане завели дело после гибели женщины из-за обрушения дома,"Следователи проводят комплекс мероприятий, направленных на установление всех обстоятельств произошедшего",https://tass.ru/proisshestviya/27008211,"Sun, 05 Apr 2026 19:41:35 +0300",website,tass.ru
Трамп пригрозил уничтожением электростанций Ирана без открытия Ормузского пролива,"По словам американского лидера США находятся ""в сильной позиции"" в то время, как исламской республике ""потребуется 20 лет на восстановление, если повезет""",https://tass.ru/mezhdunarodnaya-panorama/27008429,"Sun, 05 Apr 2026 19:42:47 +0300",website,tass.ru
Иран объявил о новой волне атак на Израиль и военные объекты США,"Иранские силы ударили по месту сбора американских военных в ОАЭ, израильскому судну в порту Джебель-Али",https://tass.ru/mezhdunarodnaya-panorama/27008439,"Sun, 05 Apr 2026 19:42:55 +0300",website,tass.ru
Иран объявил о новой волне атак на Израиль и военные объекты США,"Иранские силы ударили по месту сбора американских военных в ОАЭ, израильскому судну в порту Джебель-Али ",https://tass.ru/mezhdunarodnaya-panorama/27008439,"Sun, 05 Apr 2026 19:42:55 +0300",website,tass.ru
Иран объявил о новой волне атак на Израиль и военные объекты США,,https://tass.ru/mezhdunarodnaya-panorama/27008439,"Sun, 05 Apr 2026 19:42:55 +0300",website,tass.ru
"Патрика Руа уволили с поста главного тренера клуба НХЛ ""Айлендерс"""," ""Айлендерс"" проиграли четыре матча подряд",https://tass.ru/sport/27008447,"Sun, 05 Apr 2026 19:45:41 +0300",website,tass.ru
"Патрика Руа уволили с поста главного тренера клуба НХЛ ""Айлендерс""","""Айлендерс"" проиграли четыре матча подряд",https://tass.ru/sport/27008447,"Sun, 05 Apr 2026 19:45:41 +0300",website,tass.ru
"Депутат Рады Цымбалюк: около 1,5 млн украинцев уклоняются от обновления данных в ТЦК","С этим нужно что-то делать, потому что как правило все эти незаконные задержания или конфликты происходят в большинстве случаев с этими лицами, которые на протяжении последних четырех лет не обновляли информацию, отметил депутат Верховной рады от партии ""Батькивщина""",https://tass.ru/mezhdunarodnaya-panorama/27008457,"Sun, 05 Apr 2026 19:48:12 +0300",website,tass.ru
Российские юниорки вышли в полуфинал волейбольного турнира в Италии,Полуфинальные матчи и финал состоятся 6 апреля,https://tass.ru/sport/27008465,"Sun, 05 Apr 2026 19:50:53 +0300",website,tass.ru
ВС Пакистана уничтожили 37 афганских военных при попытке захвата погранпоста,"Боестолкновеновения произошли в районе Гулам-Хан северо-западной провинции Хайбер-Пахтунхва в ночь со 2 на 3 апреля, уточнил пакистанский министр информации и телерадиовещания Аттаулла Тарар",https://tass.ru/mezhdunarodnaya-panorama/27008489,"Sun, 05 Apr 2026 19:58:15 +0300",website,tass.ru
"Психолог оказывает помощь семье девочки, провалившейся под лед в Кузбассе",Свыше 20 человек и 6 единиц техники принимают участие в поисках ребенка,https://tass.ru/obschestvo/27008467,"Sun, 05 Apr 2026 20:01:08 +0300",website,tass.ru
"В Калининграде из-за пожара в ТЦ ""Гиант"" сгорели две машины",На парковку никого не пропускают,https://tass.ru/proisshestviya/27008481,"Sun, 05 Apr 2026 20:01:27 +0300",website,tass.ru
Axios: США продлили на сутки сроки заключения возможной сделки с Ираном,"Дональд Трамп угрожал ударами по энергетической и гражданской инфраструктуре, если исламская республика не откроет Ормузский пролив к 6 апреля",https://tass.ru/mezhdunarodnaya-panorama/27008501,"Sun, 05 Apr 2026 20:01:49 +0300",website,tass.ru
В событиях AtomSkills в 2026 году приняли участие более 8 тыс. человек,"По словам гендиректора Росатома Алексея Лихачева, ключевой задачей чемпионата является повышение производительности труда",https://tass.ru/ekonomika/27008509,"Sun, 05 Apr 2026 20:03:58 +0300",website,tass.ru
В Запорожской области при атаке украинского БПЛА погибли два человека,Еще один пострадал,https://tass.ru/proisshestviya/27008529,"Sun, 05 Apr 2026 20:07:05 +0300",website,tass.ru
Умер художник Алексей Ги Коровин,Внуку живописца Константина Коровина было 97 лет,https://tass.ru/kultura/27008517,"Sun, 05 Apr 2026 20:14:07 +0300",website,tass.ru
"Пушилин: группировка войск ""Запад"" продвигается на краснолиманском направлении","По словам главы ДНР, в самом Красном Лимане боевые действия развернулись в северо-восточной части населенного пункта",https://tass.ru/armiya-i-opk/27008563,"Sun, 05 Apr 2026 20:18:24 +0300",website,tass.ru
"Пушилин: группировка войск ""Запад"" продвигается на краснолиманском направлении",,https://tass.ru/armiya-i-opk/27008563,"Sun, 05 Apr 2026 20:18:24 +0300",website,tass.ru
В Пакистане из-за ливней погибли не менее 45 человек,Еще 105 получили ранения,https://tass.ru/proisshestviya/27008555,"Sun, 05 Apr 2026 20:18:36 +0300",website,tass.ru
Пушилин: ВС РФ заняли новые позиции в районе освобожденной Александровки,Также российские бойцы заняли новые позиции в районе населенного пункта Крынки,https://tass.ru/armiya-i-opk/27008589,"Sun, 05 Apr 2026 20:20:34 +0300",website,tass.ru
Пушилин: ВС РФ заняли новые позиции в районе освобожденной Александровки,,https://tass.ru/armiya-i-opk/27008589,"Sun, 05 Apr 2026 20:20:34 +0300",website,tass.ru
Пушилин: ВСУ пытались перейти в контрнаступление возле Святогорска,"По словам главы ДНР, армия России держит ситуацию под контролем",https://tass.ru/armiya-i-opk/27008595,"Sun, 05 Apr 2026 20:20:56 +0300",website,tass.ru
Пушилин: ВСУ пытались перейти в контрнаступление возле Святогорска,,https://tass.ru/armiya-i-opk/27008595,"Sun, 05 Apr 2026 20:20:56 +0300",website,tass.ru
ТАСС: в Дагестане на дамбе Геджухского водохранилища произошли локальные прорывы,Причиной стало переполнение водой,https://tass.ru/proisshestviya/27008617,"Sun, 05 Apr 2026 20:23:25 +0300",website,tass.ru
Локальные прорывы произошли на дамбе Геджухского водохранилища в Дагестане,,https://tass.ru/proisshestviya/27008617,"Sun, 05 Apr 2026 20:23:25 +0300",website,tass.ru
"ABC: Трамп утверждает, что война с Ираном закончится в течение нескольких дней",При этом президент США отказался отвечать на вопрос о возможности переносов срока заключения соглашения с исламской республикой,https://tass.ru/mezhdunarodnaya-panorama/27008609,"Sun, 05 Apr 2026 20:23:38 +0300",website,tass.ru
Пушилин рассказал о преимуществах возможного освобождения Рай-Александровки,"По словам главы ДНР, это создаст условия для объективного контроля краматорско-славянской агломерации",https://tass.ru/armiya-i-opk/27008631,"Sun, 05 Apr 2026 20:24:49 +0300",website,tass.ru
Освобождение Рай-Александровки поможет контролировать краматорско-славянскую агломерацию,,https://tass.ru/armiya-i-opk/27008631,"Sun, 05 Apr 2026 20:24:49 +0300",website,tass.ru
Пушилин: ВС РФ продвигаются к Константиновке в районе Илиновки и Новодмитровки,"По словам главы ДНР, в самой Константиновке ВСУ пытаются удержаться в промышленной зоне",https://tass.ru/armiya-i-opk/27008659,"Sun, 05 Apr 2026 20:27:17 +0300",website,tass.ru
Лихачев: победители AtomSkills будут драйверами профессионального роста на предприятиях,"На чемпионате, помимо развития технических навыков и профессионального роста специалистов, происходит и решение национальных задач, отметил гендиректор Росатома",https://tass.ru/ekonomika/27008623,"Sun, 05 Apr 2026 20:27:23 +0300",website,tass.ru
"Один погиб, двое пропали без вести. Что известно об атаке ВСУ на сухогруз в Азовском море",Судно находилось в 300 милях к северу от Керчи,https://tass.ru/proisshestviya/27008621,"Sun, 05 Apr 2026 20:27:40 +0300",website,tass.ru
Над регионами России сбили 58 украинских БПЛА,Силы ПВО работали в период с 14:00 до 20:00 мск,https://tass.ru/armiya-i-opk/27008667,"Sun, 05 Apr 2026 20:27:52 +0300",website,tass.ru
Daily Post: в Нигерии из-за атаки боевиков погибли не менее 17 мирных жителей,"По данным газеты, нападение произошло на католическую Пасху в населенном пункте Мбалом",https://tass.ru/proisshestviya/27008651,"Sun, 05 Apr 2026 20:30:04 +0300",website,tass.ru
Daily Post: в Нигерии из-за атаки боевиков погибли не менее 17 мирных жителей,"По данным газеты, нападение произошло на католическую Пасху в населенном пункте Мбалом ",https://tass.ru/proisshestviya/27008651,"Sun, 05 Apr 2026 20:30:04 +0300",website,tass.ru
В Дербентском районе Дагестана несколько человек смыло в реку с дороги,До них пытаются добраться местные жители и спасатели,https://tass.ru/proisshestviya/27008699,"Sun, 05 Apr 2026 20:33:22 +0300",website,tass.ru
Пушилин: ВС РФ ведут ожесточенные бои в районе Гришина,"По словам главы ДНР, российские бойцы продвинулись к Сергеевке, Новоалександровке и Васильевке",https://tass.ru/armiya-i-opk/27008705,"Sun, 05 Apr 2026 20:36:06 +0300",website,tass.ru
Пушилин: ВС РФ ведут ожесточенные бои в районе Гришина,,https://tass.ru/armiya-i-opk/27008705,"Sun, 05 Apr 2026 20:36:06 +0300",website,tass.ru
"В Дагестане из-за обрушения моста закрыли федеральную трассу ""Кавказ""",В республике ввели режим ЧС в более чем 10 муниципалитетах,https://tass.ru/obschestvo/27008637,"Sun, 05 Apr 2026 20:37:59 +0300",website,tass.ru
Трамп пока не видит необходимости в наземной операции в Иране,"При этом президент США отметил, что ничего не исключает",https://tass.ru/mezhdunarodnaya-panorama/27008721,"Sun, 05 Apr 2026 20:41:18 +0300",website,tass.ru
Трамп пока не видит необходимости в наземной операции в Иране,"При этом президент США отметил, что ничего не исключает ",https://tass.ru/mezhdunarodnaya-panorama/27008721,"Sun, 05 Apr 2026 20:41:18 +0300",website,tass.ru
В Израиле при обстреле Хайфы пострадали девять человек,"По данным издания The Times of Israel, одна из ракет попала в жилой дом, спасатели продолжают там разбор завалов, под которыми, предположительно, находятся еще три человека",https://tass.ru/mezhdunarodnaya-panorama/27008729,"Sun, 05 Apr 2026 20:42:55 +0300",website,tass.ru
Пушилин: ДНР и Абхазия начали проработку открытия прямого железнодорожного сообщения,"По словам главы республики, каждая пятая машина, которая пересекает границу из России в Абхазию, это машина из Донбасса",https://tass.ru/ekonomika/27008759,"Sun, 05 Apr 2026 20:44:00 +0300",website,tass.ru
Пушилин: ДНР и Абхазия начали проработку открытия прямого железнодорожного сообщения,,https://tass.ru/ekonomika/27008759,"Sun, 05 Apr 2026 20:44:00 +0300",website,tass.ru
Бодниева назвала игру гандболисток ЦСКА в финале Кубка России лучшей в сезоне,"Армейский клуб одержал победу над командой ""Ростов-Дон"" со счетом 30:25",https://tass.ru/sport/27008755,"Sun, 05 Apr 2026 20:45:15 +0300",website,tass.ru
Армия Израиля заявила об ударах в Ливане по АЗС,"Целями ударов также названы командные центры военного крыла шиитской организации ""Хезболлах"" в районе Бейрута",https://tass.ru/mezhdunarodnaya-panorama/27008765,"Sun, 05 Apr 2026 20:46:07 +0300",website,tass.ru
"Тегеран пригрозил ударить по инфраструктуре США, аналогичной атакованной в Иране","Официальный представитель МИД исламской республики Эсмаил Багаи отметил, что речь идет об инфраструктуре в зоне Персидского залива",https://tass.ru/mezhdunarodnaya-panorama/27008789,"Sun, 05 Apr 2026 20:46:28 +0300",website,tass.ru
"В Калининграде при пожаре в ТЦ ""Гиант"" пострадали два человека",Они доставлены в городскую БСМП,https://tass.ru/proisshestviya/27008581,"Sun, 05 Apr 2026 20:54:25 +0300",website,tass.ru
Горячкина сыграла вничью все партии первого круга турнира претенденток,В седьмом туре российская шахматистка разошлась миром с китаянкой Чжу Цзиньэр,https://tass.ru/sport/27008823,"Sun, 05 Apr 2026 20:58:09 +0300",website,tass.ru
Трамп: война США с Ираном была проверкой для НАТО,"Американский лидер отметил, что альянс представляет из себя ""бумажного тигра""",https://tass.ru/mezhdunarodnaya-panorama/27008831,"Sun, 05 Apr 2026 21:00:57 +0300",website,tass.ru
"Арагчи назвал угрозы США бить по энергетике Ирана ""признанием военных преступлений""","Глава МИД исламской республики также отметил необходимость ""срочных действий"" со стороны международных организаций, в том числе Совета Безопасности ООН и МАГАТЭ, для осуждения американских преступлений и привлечения виновных к ответственности",https://tass.ru/mezhdunarodnaya-panorama/27008851,"Sun, 05 Apr 2026 21:05:10 +0300",website,tass.ru
Al Hadath: аэропорт Ахваза в Иране дважды подвергся бомбардировке,"По данным телеканала, в районе международного аэропорта произошли не менее шести мощных взрывов",https://tass.ru/mezhdunarodnaya-panorama/27008859,"Sun, 05 Apr 2026 21:08:14 +0300",website,tass.ru
В нескольких районах Донецка пропал свет,Из-за проблем со светом возможны перебои со связью и интернетом,https://tass.ru/obschestvo/27008865,"Sun, 05 Apr 2026 21:09:43 +0300",website,tass.ru
В Севастополе отражают очередную атаку ВСУ,Сбиты еще две воздушные цели,https://tass.ru/proisshestviya/27008873,"Sun, 05 Apr 2026 21:12:25 +0300",website,tass.ru
В Дагестане два населенных пункта затапливает из-за прорыва дамбы,На место направлена аэромобильная группа Главного управления МЧС России по республике в составе 40 человек и 5 единиц техники,https://tass.ru/proisshestviya/27008927,"Sun, 05 Apr 2026 21:18:45 +0300",website,tass.ru
Электроэнергия доставляется на все важные объекты Ирана,"У исламской республики ""избыток электроэнергии"", отметил иранский министр энергетики Аббас Алиабади",https://tass.ru/mezhdunarodnaya-panorama/27008979,"Sun, 05 Apr 2026 21:20:22 +0300",website,tass.ru
В Сумах произошел взрыв,В Сумской области объявлена воздушная тревога,https://tass.ru/proisshestviya/27009007,"Sun, 05 Apr 2026 21:23:48 +0300",website,tass.ru
"В Дагестане двух человек, которых унесло течением реки, спасли местные жители",В воде могут оставаться другие люди,https://tass.ru/proisshestviya/27009015,"Sun, 05 Apr 2026 21:25:02 +0300",website,tass.ru
"14-й канал: ""Хезболлах"" по ошибке обстреляла британский корабль","По версии канала, в шиитской организации приняли британский корабль, находившийся примерно в 70 морских милях от берегов Ливана",https://tass.ru/mezhdunarodnaya-panorama/27009037,"Sun, 05 Apr 2026 21:30:15 +0300",website,tass.ru
"""Спартак"" одержал волевую победу над ""Локомотивом"" в матче РПЛ","Победу красно-белым принес Пабло Солари, забивший за 7 минут до конца матча",https://tass.ru/sport/27009059,"Sun, 05 Apr 2026 21:30:32 +0300",website,tass.ru
В ДНР почти 500 тыс. абонентов остались без света из-за атаки ВСУ,Энергетики начали восстанавливать электричество по резервным схемам,https://tass.ru/obschestvo/27009051,"Sun, 05 Apr 2026 21:31:14 +0300",website,tass.ru
В Ингушетии в селе Троицкое из-за дождей обвалилась часть дороги,"Специалисты проводят обследование, оценивают масштаб разрушений и угрозу для прилегающих строений",https://tass.ru/proisshestviya/27008911,"Sun, 05 Apr 2026 21:36:05 +0300",website,tass.ru
"На Урале завели дело из-за видео, где учитель физкультуры бьет подростка по лицу","В СК уточнили, что конфликт начался после словесной перепалки и взаимных претензий",https://tass.ru/proisshestviya/27008905,"Sun, 05 Apr 2026 21:39:28 +0300",website,tass.ru
Людей из зоны подтопления в Дербентском районе Дагестана эвакуировали,Им оказывается вся необходимая помощь и поддержка,https://tass.ru/proisshestviya/27009085,"Sun, 05 Apr 2026 21:39:50 +0300",website,tass.ru
Во Владимирской области подтоплены 262 приусадебных участка,Также подтоплены семь участков дорог и пять низководных мостов,https://tass.ru/proisshestviya/27008973,"Sun, 05 Apr 2026 21:44:47 +0300",website,tass.ru
Al Jadeed: израильский дрон атаковал дом в христианском районе на востоке Бейрута,"Есть убитые и раненые, их численность уточняется",https://tass.ru/mezhdunarodnaya-panorama/27009103,"Sun, 05 Apr 2026 21:45:52 +0300",website,tass.ru
"В акватории Черного моря в 32 км от Анапы произошло землетрясение магнитудой 3,7",Разрушений и жертв нет,https://tass.ru/proisshestviya/27009003,"Sun, 05 Apr 2026 21:46:12 +0300",website,tass.ru
"Нагорных считает, что ""Локомотив"" остается в чемпионской гонке","""Локомотив"" в гостях уступил московскому ""Спартаку""",https://tass.ru/sport/27009109,"Sun, 05 Apr 2026 21:46:30 +0300",website,tass.ru
Главы ДНР и Абхазии договорились о курсе на взаимное снижение тарифов роуминга,"По словам Дениса Пушилина, в этом вопросе ""есть перспективы""",https://tass.ru/ekonomika/27009097,"Sun, 05 Apr 2026 21:48:16 +0300",website,tass.ru
Прокуратура Дагестана взяла на контроль эвакуацию жителей Дербентского района,Сотрудники ведомства оказывают правовую помощь эвакуированным в пунктах временного размещения,https://tass.ru/obschestvo/27009111,"Sun, 05 Apr 2026 21:51:58 +0300",website,tass.ru
"Армия Нигерии освободила 31 заложника, захваченного террористами в церкви",Верующие были взяты в заложники в храме деревни Арико,https://tass.ru/mezhdunarodnaya-panorama/27009123,"Sun, 05 Apr 2026 21:54:00 +0300",website,tass.ru
"МИД Ирана: США лгут, когда говорят, что хотят помочь народу республики","Единственной помощью от Соединенных Штатов в регионе являются ""смерти и разрушения"", отметил официальный представитель иранского дипведомства Эсмаил Багаи",https://tass.ru/mezhdunarodnaya-panorama/27009137,"Sun, 05 Apr 2026 21:54:43 +0300",website,tass.ru
"МИД Ирана: США лгут, когда говорят, что хотят помочь народу республики",,https://tass.ru/mezhdunarodnaya-panorama/27009137,"Sun, 05 Apr 2026 21:54:43 +0300",website,tass.ru
В Дагестане восстановили электричество половине пострадавших потребителей,"Полностью возобновлена подача электроэнергии потребителям в Каякентском, Карабудахкентском, Гергебильском, Гунибском, Унцукульском и Табасаранском районах",https://tass.ru/obschestvo/27008887,"Sun, 05 Apr 2026 21:55:27 +0300",website,tass.ru
В Калининграде при тушении пожара в ТЦ пострадали четыре человека,В их числе двое пожарных,https://tass.ru/proisshestviya/27009155,"Sun, 05 Apr 2026 21:56:22 +0300",website,tass.ru
В Калининграде при тушении пожара в ТЦ пострадали четыре человека,,https://tass.ru/proisshestviya/27009155,"Sun, 05 Apr 2026 21:56:22 +0300",website,tass.ru
Движение транспорта по Крымскому мосту временно перекрыто,Об этом сообщили в 21:52 мск,https://tass.ru/obschestvo/27009149,"Sun, 05 Apr 2026 21:59:10 +0300",website,tass.ru
"В Дербентском районе Дагестана спасли семерых человек, которых смыло в реку",Спасатели и волонтеры оперативно отреагировали на вызов,https://tass.ru/proisshestviya/27009173,"Sun, 05 Apr 2026 22:01:19 +0300",website,tass.ru
Атаки дронов ВСУ не помешали артиллеристам ВС РФ доставить боекомплект расчетам,"Группа подвоза осуществляла доставку боеприпасов на два орудия, отметил артиллерист 29-й гвардейской общевойсковой армии группировки ""Восток"" с позывным Боксер",https://tass.ru/armiya-i-opk/27009171,"Sun, 05 Apr 2026 22:02:57 +0300",website,tass.ru
Энергодар и часть муниципалитетов Запорожской области остались без света,Энергетики устанавливают причины отключения,https://tass.ru/obschestvo/27009179,"Sun, 05 Apr 2026 22:02:59 +0300",website,tass.ru
Энергодар и часть муниципалитетов Запорожской области остались без света,,https://tass.ru/obschestvo/27009179,"Sun, 05 Apr 2026 22:02:59 +0300",website,tass.ru
"Галактионов: ряд необоснованных ошибок решили ход игры против ""Спартака""","""Локомотив"" уступил со счетом 1:2",https://tass.ru/sport/27009193,"Sun, 05 Apr 2026 22:05:39 +0300",website,tass.ru
В Чечне в селе Илсхан-Юрте из-за оползней повреждены восемь частных домов,Никто не пострадал,https://tass.ru/proisshestviya/27009185,"Sun, 05 Apr 2026 22:08:46 +0300",website,tass.ru
Предгорный округ Ставрополья направит в зону СВО более 10 тыс. пасхальных подарков,В подготовке подарков участвует все местное сообщество,https://tass.ru/obschestvo/27008941,"Sun, 05 Apr 2026 22:12:58 +0300",website,tass.ru
Вице-премьер Белоруссии: БелАЭС за пять лет выработала более 58 млрд кВт⋅ч электричества,"Это дало возможность замещения порядка 16 млрд куб. м природного газа, отметил Виктор Каранкевич",https://tass.ru/ekonomika/27009203,"Sun, 05 Apr 2026 22:17:31 +0300",website,tass.ru
Британские ВМС сообщили о критической ситуации в районе Персидского залива,"Всего с 1 марта ВМС получили сообщения о 27 инцидентах, а число судов, ежедневно проходящих через Ормузский пролив, сократилось с 138 до 8",https://tass.ru/mezhdunarodnaya-panorama/27009233,"Sun, 05 Apr 2026 22:19:24 +0300",website,tass.ru
"Карседо выразил надежду на честное судейство в кубковом матче с ""Зенитом""","Встреча второго этапа полуфинала ""пути регионов"" Кубка России пройдет в Санкт-Петербурге 8 апреля",https://tass.ru/sport/27009263,"Sun, 05 Apr 2026 22:22:00 +0300",website,tass.ru
В Херсонской области целиком или частично обесточены все округа,"Специалисты ""Россетей"" ведут аварийно‑восстановительные работы в Херсонской и Запорожской областях, отметил губернатор региона Владимир Сальдо",https://tass.ru/proisshestviya/27009267,"Sun, 05 Apr 2026 22:23:48 +0300",website,tass.ru
Сальдо: все округа Херсонской области полностью или частично обесточены,,https://tass.ru/proisshestviya/27009267,"Sun, 05 Apr 2026 22:23:48 +0300",website,tass.ru
Несколько округов Запорожской области остались без электроснабжения,"Отключения затронули Каменско-Днепровский, Акимовский, Приазовский, Мелитопольский, Токмакский, Пологовский, Васильевский, Черниговский муниципальные округа, Мелитополь и Бердянск",https://tass.ru/proisshestviya/27009287,"Sun, 05 Apr 2026 22:26:48 +0300",website,tass.ru
"Некрасов оценил матч РПЛ ""Спартак"" - ""Локомотив""",Красно-белые одержали победу со счетом 2:1,https://tass.ru/sport/27009303,"Sun, 05 Apr 2026 22:28:41 +0300",website,tass.ru
Пострадавших при ликвидации возгорания в ТЦ Калининграда пожарных отпустили домой,"Они получили незначительные травмы, сообщил губернатор Калининградской области Алексей Беспрозванных",https://tass.ru/proisshestviya/27009281,"Sun, 05 Apr 2026 22:28:48 +0300",website,tass.ru
В ТЦ в Калининграде из-за ветра выросло число очагов возгорания,Все необходимые силы и средства задействованы,https://tass.ru/proisshestviya/27009311,"Sun, 05 Apr 2026 22:30:59 +0300",website,tass.ru
На Кубани на территории двух предприятий упали обломки БПЛА,Пострадавших нет,https://tass.ru/proisshestviya/27009317,"Sun, 05 Apr 2026 22:31:01 +0300",website,tass.ru
МЧС: угрозы обрушения несущих конструкций горящего ТЦ в Калининграде нет,"В Главном управлении МЧС России по Калининградской области отметили, что угрозы перехода пламени на соседние здания нет",https://tass.ru/proisshestviya/27009247,"Sun, 05 Apr 2026 22:33:54 +0300",website,tass.ru
Роспотребнадзор приступил к контролю за состоянием воздуха после пожара в Калининграде,"В ведомстве уточнили, что измерения ведутся с помощью газоанализатора ГАНК-4 и аспиратора ПУ-4Э",https://tass.ru/obschestvo/27009255,"Sun, 05 Apr 2026 22:35:58 +0300",website,tass.ru
Спасенная из реки в Дербентском районе девушка находится без сознания,"Это еще один человек, которого удалось спасти",https://tass.ru/proisshestviya/27009323,"Sun, 05 Apr 2026 22:37:29 +0300",website,tass.ru
Спасенная из реки в Дербентском районе Дагестана девушка находится без сознания,,https://tass.ru/proisshestviya/27009323,"Sun, 05 Apr 2026 22:37:29 +0300",website,tass.ru
Channels: запасы нефти в Нигерии сокращаются из-за растущих темпов добычи,"По данным телеканала, падение запасов нефти связано с растущими темпами добычи, вызванными благоприятной конъюнктурой и ростом мировых цен",https://tass.ru/ekonomika/27009219,"Sun, 05 Apr 2026 22:38:09 +0300",website,tass.ru
"В Иране заявили, что не будут испытывать дефицита ракет, даже если война продлится годы","По убеждению члена комитета по национальной безопасности и внешней политике Меджлиса исламской республики Алаэддина Боруджерди, ""столкнувшись с оборонными возможностями иранской армии, противник потерпел поражение, даже несмотря на свое современное вооружение""",https://tass.ru/mezhdunarodnaya-panorama/27009359,"Sun, 05 Apr 2026 22:38:42 +0300",website,tass.ru
"В Иране заявили, что не будут испытывать дефицита ракет, даже если война продлится годы",,https://tass.ru/mezhdunarodnaya-panorama/27009359,"Sun, 05 Apr 2026 22:38:42 +0300",website,tass.ru
"Карседо не считает матч ""Спартака"" с ""Локомотивом"" в РПЛ лучшим для команды",Красно-белые одержали победу со счетом 2:1,https://tass.ru/sport/27009369,"Sun, 05 Apr 2026 22:38:59 +0300",website,tass.ru
В Белгородской области при ударе дрона ВСУ погиб доброволец народной дружины,"Врачи боролись за его жизнь до последнего, но полученные ранения оказались несовместимыми с жизнью, отметил губернатор региона Вячеслав Гладков",https://tass.ru/proisshestviya/27009365,"Sun, 05 Apr 2026 22:39:00 +0300",website,tass.ru
В Белгородской области из-за удара дрона ВСУ погиб доброволец народной дружины,,https://tass.ru/proisshestviya/27009365,"Sun, 05 Apr 2026 22:39:00 +0300",website,tass.ru
"Паводком смыло подъезд к мосту, ведущему в село Капкайкент Дагестана",Восстановительные работы начнутся после спада уровня воды,https://tass.ru/proisshestviya/27009273,"Sun, 05 Apr 2026 22:40:22 +0300",website,tass.ru
Капризов впервые с 2024 года забросил три шайбы в матче НХЛ,"Хет-трик российского форварда помог ""Миннесоте"" обыграть ""Детройт""",https://tass.ru/sport/27009391,"Sun, 05 Apr 2026 22:47:59 +0300",website,tass.ru
Лавров: Армения продемонстрировала понимание оглашенных Россией озабоченностей,"Глава МИД РФ заявил, что российские власти продолжат смотреть, как будут дальше развиваться отношения на практике",https://tass.ru/politika/27009381,"Sun, 05 Apr 2026 22:49:07 +0300",website,tass.ru
МО Британии опровергло публикации о поражении эсминца у берегов Ливана,"14-й канал израильского телевидения, приведя оценки еврейского государства, сообщал о том, что ракета смогла причинить кораблю ущерб",https://tass.ru/mezhdunarodnaya-panorama/27009399,"Sun, 05 Apr 2026 22:57:08 +0300",website,tass.ru
В Москве прогнозируют кратковременный дождь в Великую субботу накануне Пасхи,"Температура воздуха ожидается до плюс 12 градусов, сообщили в Гидрометцентре РФ",https://tass.ru/obschestvo/27009295,"Sun, 05 Apr 2026 22:57:45 +0300",website,tass.ru
В части Запорожской области восстановили энергоснабжение,Специалисты продолжают работы по поэтапному подключению потребителей,https://tass.ru/proisshestviya/27009407,"Sun, 05 Apr 2026 22:59:44 +0300",website,tass.ru
Умерли спасенные из реки в Дагестане девушка и ребенок,"Их унесло течением после обрушения моста на федеральной автодороге ""Кавказ"" в населенном пункте Кала",https://tass.ru/proisshestviya/27009419,"Sun, 05 Apr 2026 23:06:40 +0300",website,tass.ru
В Дагестане сообщили о смерти спасенных из реки девушки и ребенка,,https://tass.ru/proisshestviya/27009419,"Sun, 05 Apr 2026 23:06:40 +0300",website,tass.ru
"""Аэрофлот"" корректирует расписание рейсов в Сочи, Геленджик и Краснодар",Некоторые рейсы направили на запасные аэродромы,https://tass.ru/ekonomika/27009415,"Sun, 05 Apr 2026 23:06:58 +0300",website,tass.ru
"""Аэрофлот"" корректирует расписание рейсов в Сочи, Геленджик и Краснодар",,https://tass.ru/ekonomika/27009415,"Sun, 05 Apr 2026 23:06:58 +0300",website,tass.ru
"В Малом театре состоялась премьера спектакля ""Проект инженера Гарина""",Над сценической версией текста Алексея Толстого работала драматург Елена Исаева,https://tass.ru/kultura/27008839,"Sun, 05 Apr 2026 23:08:41 +0300",website,tass.ru
"В Малом театре состоялась премьера спектакля ""Проект инженера Гарина""",,https://tass.ru/kultura/27008839,"Sun, 05 Apr 2026 23:08:41 +0300",website,tass.ru
В Москве и Подмосковье объявили желтый уровень погодной опасности,Причиной является возможное образование гололедицы на дорогах,https://tass.ru/obschestvo/27009431,"Sun, 05 Apr 2026 23:11:08 +0300",website,tass.ru
В Севастополе сбили семь воздушных целей,"По предварительным данным, никто не пострадал",https://tass.ru/proisshestviya/27009439,"Sun, 05 Apr 2026 23:11:19 +0300",website,tass.ru
В Севастополе сбили семь воздушных целей,,https://tass.ru/proisshestviya/27009439,"Sun, 05 Apr 2026 23:11:19 +0300",website,tass.ru
"Израиль заявил, что добивается в Ливане разоружения ""Хезболлах""","Начальник Генштаба армии еврейского государства Эяль Замир подчеркнул, что подобная задача существовала еще до начала текущей операции",https://tass.ru/mezhdunarodnaya-panorama/27009425,"Sun, 05 Apr 2026 23:11:59 +0300",website,tass.ru
Головин забил пятый гол в сезоне чемпионата Франции по футболу,"Российский полузащитник ""Монако"" открыл счет в игре с ""Марселем""",https://tass.ru/sport/27009451,"Sun, 05 Apr 2026 23:12:54 +0300",website,tass.ru
В ОАЭ сообщили о четырех пострадавших из-за падения обломков БПЛА,"Одного гражданина Непала доставили в больницу для лечения, трое граждан Пакистана получили травмы легкой и средней степени тяжести, сообщили власти эмирата Шарджа",https://tass.ru/mezhdunarodnaya-panorama/27009443,"Sun, 05 Apr 2026 23:16:08 +0300",website,tass.ru
"Бахрейн заявил, что число проходящих по Ормузу танкеров сократилось на 90%","Глава МИД королевства Абдель Латиф бен Рашед аз-Заяни считает, что нынешняя ситуация в проливе представляет реальную угрозу принципам международного права",https://tass.ru/ekonomika/27009473,"Sun, 05 Apr 2026 23:17:38 +0300",website,tass.ru
В Новороссийске обломки БПЛА попали в многоквартирный дом,Информацию о пострадавших уточняют,https://tass.ru/proisshestviya/27009489,"Sun, 05 Apr 2026 23:18:50 +0300",website,tass.ru
Украина и Сирия намерены возобновить работу посольств,"Глава украинского МИД Андрей Сибига назвал это решение важным шагом в ""укреплении партнерства"" государств ",https://tass.ru/mezhdunarodnaya-panorama/27009481,"Sun, 05 Apr 2026 23:19:42 +0300",website,tass.ru
В Новороссийске развернули ПВР из-за попадания обломков БПЛА в дом,В одном из районов фиксировали возгорания,https://tass.ru/proisshestviya/27009517,"Sun, 05 Apr 2026 23:27:23 +0300",website,tass.ru
В Калининграде открыли Дни армейской культуры реконструкцией штурма форта №5,"По сценарию, части 43-й армии третьего Белорусского фронта под прикрытием орудийного и минометного огня выбили из крепости гарнизон немецких войск и водрузили над ней красное знамя",https://tass.ru/obschestvo/27009527,"Sun, 05 Apr 2026 23:38:22 +0300",website,tass.ru
Энергоснабжение Донецка и Макеевки восстановили,"Председатель правительства ДНР Андрей Чертков сообщил, что возможны скачки напряжения",https://tass.ru/proisshestviya/27009529,"Sun, 05 Apr 2026 23:41:45 +0300",website,tass.ru
Энергоснабжение Донецка и Макеевки восстановили,,https://tass.ru/proisshestviya/27009529,"Sun, 05 Apr 2026 23:41:45 +0300",website,tass.ru
"Движение по федеральной трассе ""Кавказ"" в Дагестане возобновили",Ее перекрывали из-за обрушения моста,https://tass.ru/obschestvo/27009535,"Sun, 05 Apr 2026 23:42:20 +0300",website,tass.ru
"Движение по федеральной трассе ""Кавказ"" в Дагестане возобновили",,https://tass.ru/obschestvo/27009535,"Sun, 05 Apr 2026 23:42:20 +0300",website,tass.ru
Над регионами России уничтожили 148 украинских БПЛА,Силы ПВО работали в период с 20:00 до 23:00 мск,https://tass.ru/armiya-i-opk/27009543,"Sun, 05 Apr 2026 23:43:25 +0300",website,tass.ru
Над регионами России уничтожили 148 украинских БПЛА,,https://tass.ru/armiya-i-opk/27009543,"Sun, 05 Apr 2026 23:43:25 +0300",website,tass.ru
Дмитриев высмеял климатические цели ЕС,"Глава РФПИ считает, что методы целей устойчивого развития ООН приведут граждан Европы к тотальным ограничениям",https://tass.ru/politika/27009547,"Sun, 05 Apr 2026 23:45:14 +0300",website,tass.ru
El Al заявила об отмене регулярных рейсов до 18 апреля,"Решение приняли из-за действующих в Израиле ограничений, отметили в авиакомпании",https://tass.ru/mezhdunarodnaya-panorama/27009561,"Sun, 05 Apr 2026 23:51:56 +0300",website,tass.ru
В аэропорту Сочи отменили девять рейсов,Еще 50 задерживаются,https://tass.ru/ekonomika/27009577,"Sun, 05 Apr 2026 23:52:41 +0300",website,tass.ru
Fars: 15 судов пересекли Ормузский пролив за сутки,"По информации агентства, корабли смогли пройти после соответствующего одобрения со стороны иранских властей",https://tass.ru/mezhdunarodnaya-panorama/27009603,"Sun, 05 Apr 2026 23:55:11 +0300",website,tass.ru
Театр Куклачева выступил в Луганске со спасенными из зон обстрелов кошками,"Как сообщил первый заместитель художественного руководителя Дмитрия Куклачева, задача была не просто их спасти, а показать людям, что животные из зоны боевых действий тоже могут быть хорошо адаптированы в домашних условиях ",https://tass.ru/kultura/27009507,"Sun, 05 Apr 2026 23:56:08 +0300",website,tass.ru
На Ставрополье объявили беспилотную опасность,Об этом сообщил губернатор региона Владимир Владимиров,https://tass.ru/proisshestviya/27009617,"Sun, 05 Apr 2026 23:57:01 +0300",website,tass.ru
"КСИР заявил, что проход через Ормузский пролив никогда не будет прежним","Особенно это касается США и Израиля, сообщили в Военно-морских силах Корпуса стражей исламской революции",https://tass.ru/mezhdunarodnaya-panorama/27009609,"Sun, 05 Apr 2026 23:57:22 +0300",website,tass.ru
В Калининграде ликвидировали открытое горение в ТЦ,Проводят проливку и разбор конструкций,https://tass.ru/proisshestviya/27009625,"Sun, 05 Apr 2026 23:59:08 +0300",website,tass.ru
Военная операция на Украине. Онлайн,"Беспилотники ВС РФ при окружении Константиновки ДНР взяли под контроль логистические цепочки Вооруженных сил Украины вокруг города, сообщил советник главы региона Игорь Кимаковский",https://tass.ru/armiya-i-opk/27011511,"Tue, 07 Apr 2026 00:00:00 +0300",website,tass.ru
Глава Роскосмоса Дмитрий Баканов: взаимодействие в космосе не должно иметь границ,"В России стартует первая в истории страны Неделя космоса — 2026, приуроченная к 65-летию легендарного полета Юрия Гагарина. В ее рамках состоится Российский космический форум, который станет ключевой федеральной площадкой для диалога государства, науки и бизнеса в космической сфере. О будущем российской космонавтики, международном сотрудничестве, планах на Неделю космоса и не только в эксклюзивном интервью генеральному директору ТАСС Андрею Кондрашову рассказал глава Роскосмоса Дмитрий Баканов",https://tass.ru/interviews/27009217,"Tue, 07 Apr 2026 00:00:00 +0300",website,tass.ru
Военная операция США и Израиля в Иране. Онлайн,"Соединенные Штаты могли бы завершить операцию против Ирана ""прямо сейчас"", есть ""много альтернатив"", но Вашингтон хочет убедиться в отсутствии у Тегерана возможностей разработать ядерное оружие, заявил американский президент Дональд Трамп",https://tass.ru/mezhdunarodnaya-panorama/27011513,"Tue, 07 Apr 2026 00:00:01 +0300",website,tass.ru
Один из 12 главных христианских праздников: 7 апреля православные отметят Благовещение,"Дата Благовещения Пресвятой Богородицы — одного из 12 главных (двунадесятых) христианских праздников, связанных с событиями земной жизни Иисуса Христа и Девы Марии, — является неизменной. Благовещение празднуют 7 апреля (25 марта по юлианскому календарю), ровно за девять месяцев до Рождества Христова. Эта дата также лежит в основе александрийской и более поздней византийской хронологических систем, соотносящих ее с Распятием или Пасхой",https://tass.ru/obschestvo/26894301,"Tue, 07 Apr 2026 00:01:00 +0300",website,tass.ru
В Минске открывается IV Белорусско-российский турконгресс,"В рамках мероприятия ожидаются пленарное заседание, профессиональные дискуссии, тренинги, а также работа контактной биржи для представителей компаний двух стран",https://tass.ru/ekonomika/27021229,"Tue, 07 Apr 2026 00:01:47 +0300",website,tass.ru
Путин проведет совещание по чрезвычайной ситуации в Дагестане на фоне осадков,"Президент России будет обсуждать ситуацию в регионе с представителями МЧС, республики и федеральных министерств",https://tass.ru/politika/27021211,"Tue, 07 Apr 2026 00:01:56 +0300",website,tass.ru
Православные отмечают праздник Благовещения,"В церквях, соборах и монастырях РПЦ пройдут торжественные богослужения ",https://tass.ru/obschestvo/27021221,"Tue, 07 Apr 2026 00:02:29 +0300",website,tass.ru
В ГД предложили ограничить движение электросамокатов по тротуарам,"Инициатива предполагает, что на средствах индивидуальной мобильности со скоростью выше 10 км/ч можно будет передвигаться только по велодорожкам, проезжей части или обочинам",https://tass.ru/obschestvo/27021241,"Tue, 07 Apr 2026 00:02:45 +0300",website,tass.ru
Дети погибших героев СВО из Ульяновской области увидят Совет Федерации и Госдуму,Они также побывают в Музее Победы в Москве,https://tass.ru/obschestvo/27021235,"Tue, 07 Apr 2026 00:02:57 +0300",website,tass.ru
НРА ожидает умеренного спроса МСП на кредиты в 2026 году,"Наиболее вероятным сценарием является восстановление темпов роста портфеля кредитования малого и среднего предпринимательства до уровня 5-10%, считают в Национальном рейтинговом агентстве",https://tass.ru/ekonomika/27021257,"Tue, 07 Apr 2026 00:05:05 +0300",website,tass.ru
Российские военнослужащие при обороне опорного пункта сбили 30 FPV-дронов ВСУ,"В ходе выполнения задачи подразделение капитана Эльдара Джамалутдинова отразило две контратаки противника, сообщили в Минобороны РФ",https://tass.ru/armiya-i-opk/27021263,"Tue, 07 Apr 2026 00:05:27 +0300",website,tass.ru
Российский форум по управлению интернетом пройдет с 7 по 8 апреля,На участие в мероприятии подали более 700 заявок,https://tass.ru/ekonomika/27021247,"Tue, 07 Apr 2026 00:05:36 +0300",website,tass.ru
Посол РФ опроверг данные об ограничении контактов Венесуэлы с Россией,"Как напомнил Сергей Мелик-Багдасаров, главы МИД двух государств Сергей Лавров и Иван Хиль Пинто не так давно поздравляли друг друга с 81-й годовщиной установления дипломатических отношений",https://tass.ru/politika/27021293,"Tue, 07 Apr 2026 00:05:54 +0300",website,tass.ru
Иран заявил об атаке США и Израиля на аэропорт в Кашане,"Власти провинции Исфахан сообщили, что несколько построек получили повреждения ",https://tass.ru/mezhdunarodnaya-panorama/27021285,"Tue, 07 Apr 2026 00:07:59 +0300",website,tass.ru
"Игрой ""Крылья Советов"" - ЦСКА стартует решающая стадия Кубка России","На этой неделе пройдут два матча 1/2 финала ""пути регионов"" и первая финальная игра ""пути РПЛ""",https://tass.ru/sport/27021269,"Tue, 07 Apr 2026 00:08:16 +0300",website,tass.ru
СП предложила внедрить сертификаты для расселения аварийного жилья в РФ,"Эта мера должна повысить эффективность расходов на реализацию программ переселения граждан из аварийного жилья, говорится в отчете Счетной палаты",https://tass.ru/obschestvo/27021265,"Tue, 07 Apr 2026 00:10:23 +0300",website,tass.ru
Фицо: политическое руководство Украины наносит ущерб энергобезопасности Европы,"Премьер-министр Словакии отметил, что действия Киева и военный конфликт вокруг Ирана привели к росту цен на энергетическое сырье",https://tass.ru/mezhdunarodnaya-panorama/27021317,"Tue, 07 Apr 2026 00:12:18 +0300",website,tass.ru
В Ивановской области объявили угрозу атаки БПЛА,В МЧС призвали сохранять спокойствие,https://tass.ru/proisshestviya/27021325,"Tue, 07 Apr 2026 00:14:31 +0300",website,tass.ru
На Херсонщине завели дело о мошенничестве при получении субсидий из бюджета,Ущерб составил свыше 650 тыс. рублей,https://tass.ru/ekonomika/27021339,"Tue, 07 Apr 2026 00:18:13 +0300",website,tass.ru
"В Иране заявили, что проблем с товарами первой необходимости в республике нет","Часть потребностей будет удовлетворена за счет соседних и дружественных стран, отметили в министерстве торговли, промышленности и недропользования исламского государства",https://tass.ru/mezhdunarodnaya-panorama/27021341,"Tue, 07 Apr 2026 00:19:56 +0300",website,tass.ru
"Число погибших при пожаре на ""Нижнекамскнефтехиме"" выросло с 11 до 12",,https://tass.ru/proisshestviya/27021357,"Tue, 07 Apr 2026 00:21:28 +0300",website,tass.ru
ВС США опровергли заявление КСИР об ударе по кораблю USS Tripoli,"CENTCOM заявило, что судно продолжает курсировать в Аравийском море в поддержку операции ""Эпическая ярость""",https://tass.ru/mezhdunarodnaya-panorama/27021361,"Tue, 07 Apr 2026 00:23:36 +0300",website,tass.ru
МИД РФ: Россия и Египет обсуждают инициативу зернового хаба,"Замглавы ведомства Георгий Борисенко отметил, что Москва и Каир не планируют подключать к проекту другие страны",https://tass.ru/ekonomika/27021369,"Tue, 07 Apr 2026 00:29:59 +0300",website,tass.ru
В аэропорту Ярославля ввели временные ограничения,,https://tass.ru/ekonomika/27021393,"Tue, 07 Apr 2026 00:31:36 +0300",website,tass.ru
"Средняя пенсия неработающих пенсионеров в феврале составила 25,6 тыс. рублей","За год сумма увеличилась на 1,8 тыс. рублей, следует из анализа ТАСС",https://tass.ru/obschestvo/27021389,"Tue, 07 Apr 2026 00:31:38 +0300",website,tass.ru
Al Hadath: в Исфахане нефтехранилище подверглось бомбардировке,,https://tass.ru/mezhdunarodnaya-panorama/27021397,"Tue, 07 Apr 2026 00:32:52 +0300",website,tass.ru
CTK: в Чехии цена дизельного топлива достигла максимума за четыре года,"По информации агентства, стоимость бензина также достигла максимальной величины за последние 3,5 года",https://tass.ru/ekonomika/27021377,"Tue, 07 Apr 2026 00:33:17 +0300",website,tass.ru
Ивлев: против разделяющих ценности РФ харьковчан могут применять заградотряды,"Нацгвардия Украины может ""стрелять не только в отступающих и сдающихся в плен военнослужащих ВСУ, но и в мирное население"" региона, считает депутат Госдумы от Республики Крым",https://tass.ru/politika/27022447,"Tue, 07 Apr 2026 05:51:20 +0300",website,tass.ru
В Мордовии отменили беспилотную опасность,Об этом сообщили в правительстве республики,https://tass.ru/proisshestviya/27022487,"Tue, 07 Apr 2026 05:52:53 +0300",website,tass.ru
На Ставрополье отменили беспилотную опасность,Об этом сообщил губернатор региона Владимир Владимиров,https://tass.ru/proisshestviya/27022491,"Tue, 07 Apr 2026 05:56:33 +0300",website,tass.ru
"ТАСС: организаторы теракта в ""Крокусе"" планировали еще один в Москве","Как сообщил один из участников судебного процесса, террористический акт планировали в тот же день",https://tass.ru/proisshestviya/27022507,"Tue, 07 Apr 2026 05:59:55 +0300",website,tass.ru
Баканов: РФ за время СВО сильно продвинулась в развитии космических технологий,"Глава Роскосмоса подчеркнул, что Россия конкурентоспособна по всем направлениям космических технологий",https://tass.ru/kosmos/27022527,"Tue, 07 Apr 2026 06:00:44 +0300",website,tass.ru
В Симферополе планируют установить памятник Жириновскому,Монумент появится в сквере его имени,https://tass.ru/obschestvo/27022595,"Tue, 07 Apr 2026 06:01:46 +0300",website,tass.ru
Баканов: орбитальная группировка общей численностью превысила 11 тыс. аппаратов,"Глава Роскосмоса подчеркнул, что количество пусков спутников растет каждый год",https://tass.ru/kosmos/27022541,"Tue, 07 Apr 2026 06:02:15 +0300",website,tass.ru
В Москве ожидается облачная погода и до 11 градусов тепла,Атмосферное давление составит около 735 мм ртутного столба,https://tass.ru/obschestvo/27022567,"Tue, 07 Apr 2026 06:02:36 +0300",website,tass.ru
Операторы FPV-дронов уничтожили ночью гексакоптеры ВСУ в Харьковской области,"В Минобороны РФ отметили, что российские военнослужащие ликвидировали два разведывательных БПЛА самолетного типа, а также пять разведывательных и ударных беспилотников квадро- и гексакоптерного типа ",https://tass.ru/armiya-i-opk/27022629,"Tue, 07 Apr 2026 06:03:07 +0300",website,tass.ru
В Алтайском крае за ночь подтопило еще 31 приусадебный участок и 2 дома,Число эвакуированных в пункты временного размещения увеличилось до шести человек,https://tass.ru/proisshestviya/27022521,"Tue, 07 Apr 2026 06:03:22 +0300",website,tass.ru
Марочко: Киев увеличил транзит натовской техники через Молдавию,"Военный эксперт рассказал, что украинское командование перебрасывает технику в том числе в Одесскую область",https://tass.ru/armiya-i-opk/27022549,"Tue, 07 Apr 2026 06:03:26 +0300",website,tass.ru
Треть опрошенных россиян не доверяют телемедицине,"Пользовались услугами телемедицины 23,6% респондентов, сказано в исследовании Центра цифровой экспертизы Роскачества",https://tass.ru/obschestvo/27022637,"Tue, 07 Apr 2026 06:04:19 +0300",website,tass.ru
Эксперт Бурляева рассказала о рационе космонавтов,"Он состоит из порядка 250 блюд, рассчитывается с учетом потребностей в энергии и пищевых веществах, а также массы тела и возраста конкретного человека, сообщила заведующая Консультативно диагностическим центром ""Здоровое и спортивное питание"" ФИЦ питания и биотехнологий",https://tass.ru/obschestvo/27022591,"Tue, 07 Apr 2026 06:04:45 +0300",website,tass.ru
Баканов: США не прекращали сотрудничество с Россией в сфере космоса,"Глава Роскосмоса напомнил, что взаимодействие Москвы и Вашингтона в этой области началось в 1975 году с программы ""Союз - Аполлон""",https://tass.ru/kosmos/27022583,"Tue, 07 Apr 2026 06:05:29 +0300",website,tass.ru
"Мурашко рассказал, почему важно развивать медицину долголетия в России","По словам главы Минздрава, это положительно влияет как на продолжительность жизни, так и на активность и укрепление когнитивных функций людей старшего возраста",https://tass.ru/obschestvo/27022641,"Tue, 07 Apr 2026 06:06:01 +0300",website,tass.ru
Продажи наклеек для яиц на Ozon выросли перед Пасхой в 33 раза,"Также увеличился спрос на пищевые красители и смеси для приготовления куличей, сообщили в маркетплейсе",https://tass.ru/ekonomika/27022497,"Tue, 07 Apr 2026 06:07:07 +0300",website,tass.ru
"""ИТ-инфраструктура"": финсектор увеличил в 2025 году вложения в IT на 23%","В таких отраслях, как нефтегаз, ретейл и горная металлургия, напротив, наблюдается или стагнация, или снижение инвестиционной активности, указано в обзоре портала",https://tass.ru/ekonomika/27022545,"Tue, 07 Apr 2026 06:07:27 +0300",website,tass.ru
Воронежские инженеры усовершенствовали измельчитель-дезинтегратор,"Разработку запатентовали, сообщили в пресс-службе Воронежского государственного университета инженерных технологий",https://tass.ru/nauka/27022547,"Tue, 07 Apr 2026 06:08:32 +0300",website,tass.ru
Эксперт Башинский: популяция бобров в Москве особенно сосредоточена на западе,"Старший научный сотрудник ИПЭЭ РАН отметил, что бобры проникали в город в основном из верховьев реки ",https://tass.ru/nauka/27022603,"Tue, 07 Apr 2026 06:13:15 +0300",website,tass.ru
"Трамп заявил, что примет в Белом доме астронавтов миссии ""Артемида-2""",Президент США пообещал попросить автографы у участников миссии,https://tass.ru/mezhdunarodnaya-panorama/27022669,"Tue, 07 Apr 2026 06:14:02 +0300",website,tass.ru
"NASA: ""Орион"" направляется к Земле после облета Луны","Национальное управление США по аэронавтике и исследованию космического пространства сообщило, что команда завершила наблюдение и теперь начинает возвращение домой",https://tass.ru/kosmos/27022661,"Tue, 07 Apr 2026 06:14:17 +0300",website,tass.ru
В Красноярском крае из общежития эвакуировали более 100 студентов техникума,Здание подтопило талыми водами,https://tass.ru/proisshestviya/27022645,"Tue, 07 Apr 2026 06:14:18 +0300",website,tass.ru
Миронов предложил заморозить маркировку товаров для малого и среднего бизнеса,"Председатель партии ""Справедливая Россия"" считает, что маркировка приводит к росту цен на товары",https://tass.ru/ekonomika/27022687,"Tue, 07 Apr 2026 06:16:55 +0300",website,tass.ru
В аэропорту Волгограда сняли ограничения,Меры вводили для обеспечения безопасности полетов,https://tass.ru/ekonomika/27022699,"Tue, 07 Apr 2026 06:16:56 +0300",website,tass.ru
В РФ численность завезенных североамериканских бобров достигла 20 тыс.,Еще 780 тыс. особей принадлежат к евразийскому виду,https://tass.ru/nauka/27022607,"Tue, 07 Apr 2026 06:18:15 +0300",website,tass.ru
В Россию из Шри-Ланки въехали 1 800 трудовых мигрантов в 2025 году,"Этот показатель на 609 человек меньше, чем в 2024 году, следует из материалов статистики",https://tass.ru/obschestvo/27022415,"Tue, 07 Apr 2026 06:19:15 +0300",website,tass.ru
Эксперт Степанов: США могут сфабриковать доказательства наличия у Ирана ОМУ,"Для этого Соединенные Штаты попытаются захватить АЭС ""Бушер"", допустил специалист Института права и национальной безопасности РАНХиГС ",https://tass.ru/politika/27022717,"Tue, 07 Apr 2026 06:19:20 +0300",website,tass.ru
ГД: музыка для молодежи должна нести абсолютно понятное содержание,"В текстах музыкальных композиций не должно быть нецензурной лексики и пропаганды чего-либо, запрещенного российским законом, отметила председатель комитета Госдумы по культуре Ольга Казакова",https://tass.ru/obschestvo/27022693,"Tue, 07 Apr 2026 06:20:20 +0300",website,tass.ru
В аэропортах Владикавказа и Грозного сняли ограничения,Меры вводили для обеспечения безопасности полетов,https://tass.ru/ekonomika/27022731,"Tue, 07 Apr 2026 06:20:36 +0300",website,tass.ru
Юрист Жаров предупредил о штрафах за кормление голубей,Его размер может достигать 5 тыс. рублей,https://tass.ru/obschestvo/27022709,"Tue, 07 Apr 2026 06:21:09 +0300",website,tass.ru
Для территорий Приазовья подготовили проект туристического кешбэка,Азовская межрегиональная ассоциация туризма предлагает возврат 30% стоимости услуг при условии покупки не менее трех дней и двух ночей,https://tass.ru/obschestvo/27022737,"Tue, 07 Apr 2026 06:21:48 +0300",website,tass.ru
Число сбитых БПЛА над Ленинградской областью достигло 22,"Как сообщил губернатор региона Александр Дрозденко, боевая работа продолжается",https://tass.ru/proisshestviya/27022765,"Tue, 07 Apr 2026 06:29:18 +0300",website,tass.ru
На территории Северного Кавказа отменили угрозу атаки БПЛА,Опасность объявили в 02:14 мск,https://tass.ru/proisshestviya/27022757,"Tue, 07 Apr 2026 06:30:32 +0300",website,tass.ru
Посол РФ в Венесуэле: Россия готова рассмотреть запрос на убежище для Мадуро,"Сергей Мелик-Багдасаров подчеркнул, что Москва по-прежнему считает похищение венесуэльского лидера нарушением норм международного права",https://tass.ru/politika/27022775,"Tue, 07 Apr 2026 06:31:42 +0300",website,tass.ru
"ТАСС: комполка ВСУ обвиняют в начислениях довольствия ""мертвым душам""","Это косвенно подтверждают материалы допросов пленных, рассказали российские силовики",https://tass.ru/armiya-i-opk/27022791,"Tue, 07 Apr 2026 06:32:09 +0300",website,tass.ru
Почти по всей России отмечают неблагоприятные явления на водных объектах,"В ближайшие трое суток такая ситуация будет наблюдаться в Вологодской, Брянской и Курской областях, сообщила ведущий сотрудник Гидрометцентра Марина Макарова",https://tass.ru/obschestvo/27022677,"Tue, 07 Apr 2026 06:32:25 +0300",website,tass.ru
В Московском регионе в 8 апреля может выпасть мокрый снег,Может выпасть 4-8 мм осадков,https://tass.ru/obschestvo/27022781,"Tue, 07 Apr 2026 06:32:47 +0300",website,tass.ru
ТАСС: штурмовиков ВСУ планируют кормить просроченными консервами,"В российских силовых структурах уточнили, что свежие продукты собираются  реализовать через магазин",https://tass.ru/armiya-i-opk/27022803,"Tue, 07 Apr 2026 06:33:11 +0300",website,tass.ru
Instagram лишился в России трех товарных знаков для одежды и рекламы,"Соответствующая запись появилась в Госреестре только в апреле 2026 года, следует из данных Роспатента",https://tass.ru/ekonomika/27022703,"Tue, 07 Apr 2026 06:34:28 +0300",website,tass.ru
Ozon: 70% студентов хотели бы зарабатывать на стажировке от 15 до 40 тыс. рублей,"Также важными аспектами опрошенные назвали понятную карьерную траекторию, наличие практических кейсов, интересных и креативных задач, свидетельствуют данные исследования компании ",https://tass.ru/ekonomika/27022813,"Tue, 07 Apr 2026 06:35:04 +0300",website,tass.ru
"Баканов рассказал, почему Крикалев на ""Мире"" чуть не стал жертвой неразберихи","Глава Роскосмоса сообщил, что космонавт в свой полет находился на МКС во время развала СССР",https://tass.ru/kosmos/27022785,"Tue, 07 Apr 2026 06:35:40 +0300",website,tass.ru
Axios: Трамп может отложить удары по энергетической инфраструктуре Ирана,"Если президент США поймет, что формируется сделка, он может воздержаться от таких мер, заявил источник портала",https://tass.ru/mezhdunarodnaya-panorama/27022827,"Tue, 07 Apr 2026 06:39:29 +0300",website,tass.ru
Al Hadath: в Ширазе произошли мощные взрывы,"Информации о том, какие объекты подверглись бомбардировке, нет",https://tass.ru/mezhdunarodnaya-panorama/27022835,"Tue, 07 Apr 2026 06:44:51 +0300",website,tass.ru
"В ДНР заявили, что решение о провозглашении республики было народным","Это стало символом надежды на воссоединение с Россией, отметил председатель Народного совета региона Константин Кузьмин",https://tass.ru/obschestvo/27022715,"Tue, 07 Apr 2026 06:49:54 +0300",website,tass.ru
В ГД назвали категории кредитов с повышенными рисками для заемщиков,"Заместитель председателя комитета Госдумы по бюджету и налогам Каплан Панеш отметил, что самый опасный вид займа для обычного гражданина - это валютные кредиты при рублевых доходах",https://tass.ru/ekonomika/27022839,"Tue, 07 Apr 2026 06:52:40 +0300",website,tass.ru
В Омской области число подтопленных приусадебных участков снизилось до 26,Накануне утром МЧС сообщало о подтоплении 7 домов и 32 участков в 7 населенных пунктах,https://tass.ru/proisshestviya/27022861,"Tue, 07 Apr 2026 06:57:42 +0300",website,tass.ru
Rambler&Co: 38% россиян считают контент в Рунете поверхностным и недостоверным,"Около трети переживают за приватность и безопасность данных, говорится в опросе медиахолдинга ",https://tass.ru/ekonomika/27022847,"Tue, 07 Apr 2026 06:58:06 +0300",website,tass.ru
Кучеров забросил 400-ю шайбу в НХЛ,"Форвард ""Тампы"" отличился в матче с ""Баффало""",https://tass.ru/sport/27022865,"Tue, 07 Apr 2026 06:59:15 +0300",website,tass.ru
Баканов: Роскосмос не будет отказываться от сотрудничества с США по РОС,"Глава Роскосмоса отметил, что у госкорпорации нет задачи ""закрываться"" от кого-либо",https://tass.ru/kosmos/27022881,"Tue, 07 Apr 2026 07:00:43 +0300",website,tass.ru
"Баканов: РФ, США и Индия смогут сотрудничать при создании орбитальных станций","Глава Роскосмоса отметил, что взаимодействие стран возможно благодаря размещению их станций на орбите с одним наклонением",https://tass.ru/kosmos/27022905,"Tue, 07 Apr 2026 07:01:19 +0300",website,tass.ru
Марочко: Киев намерен снизить финансирование ВСУ,"Также командование украинских ВС планирует усилить дисциплинарные взыскания, сообщил военный эксперт",https://tass.ru/armiya-i-opk/27022929,"Tue, 07 Apr 2026 07:01:20 +0300",website,tass.ru
"Боец Большой: огонь из БМП-3 ""Севера"" заставил танк ВСУ сбежать с позиции","Работа идет с закрытых огневых линий, располагающихся в нескольких километрах от цели, рассказал механик-водитель группировки войск ""Север"" ",https://tass.ru/armiya-i-opk/27022943,"Tue, 07 Apr 2026 07:02:11 +0300",website,tass.ru
Мирошник: Киев на прошедшей неделе усилил атаки на Запорожскую область,"За 31 марта в регионе пострадали 14 человек, сообщил посол по особым поручениям МИД России",https://tass.ru/politika/27022981,"Tue, 07 Apr 2026 07:04:17 +0300",website,tass.ru
Министра тарифной политики Красноярского края обвиняют в получении взятки,Александра Ананьева задержали,https://tass.ru/proisshestviya/27022873,"Tue, 07 Apr 2026 07:04:29 +0300",website,tass.ru
"Прилепин: США и ЕС знают о неонацизме на Украине, но их это устраивает","У Соединенных Штатов и Евросоюза было это понимание ""с первого дня"", отметил писатель и военнослужащий",https://tass.ru/politika/27022895,"Tue, 07 Apr 2026 07:04:40 +0300",website,tass.ru
Мирошник: в России от ударов ВСУ за неделю погибли 25 человек,"Еще 150 получили ранения, сообщил посол по особым поручениям МИД РФ",https://tass.ru/politika/27022945,"Tue, 07 Apr 2026 07:04:46 +0300",website,tass.ru
В Москве 9 апреля прогнозируется снижение температуры до 2 градусов тепла,"Ведущий сотрудник Гидрометцентра Марина Макарова отметила, что в течение практически всей недели будет сохраняться прохладная и ветренная погода с умеренными осадками в виде дождя, мокрого снега и снега",https://tass.ru/obschestvo/27022889,"Tue, 07 Apr 2026 07:05:05 +0300",website,tass.ru
Мирошник: более 700 тыс. абонентов ЛНР и ДНР оставались без света после атак ВСУ,"Киев на минувшей неделе стремился создать невыносимые условия для жизни мирного населения, подчеркнул посол по особым поручениям МИД России",https://tass.ru/politika/27022971,"Tue, 07 Apr 2026 07:05:22 +0300",website,tass.ru
"Боец Карта: группировка ""Север"" за март уничтожила более 95 блиндажей ВСУ","Начальник огневого поражения 11-го корпуса группировки отметил, что благодаря этому ВС РФ удалось дезорганизовать украинскую оборону на определенных стратегических участках",https://tass.ru/armiya-i-opk/27022921,"Tue, 07 Apr 2026 07:07:31 +0300",website,tass.ru
Пропавшая три дня назад в Хакасии девочка сама вернулась домой,Ее жизни и здоровью ничего не угрожает,https://tass.ru/obschestvo/27023025,"Tue, 07 Apr 2026 07:08:32 +0300",website,tass.ru
В Югре информацию об электроудочках запретили к распространению в интернете,Суд обязал заблокировать некоторые сайты с инструкциями и схемами по самостоятельному изготовлению электроудочек и ловлей рыбы на них,https://tass.ru/obschestvo/27023039,"Tue, 07 Apr 2026 07:13:52 +0300",website,tass.ru
В Северной Осетии отменили беспилотную опасность,Об этом сообщил глава республики Сергей Меняйло,https://tass.ru/proisshestviya/27023063,"Tue, 07 Apr 2026 07:15:14 +0300",website,tass.ru
В Волгограде разработали систему автоматического контроля при 3D печати,Она позволит снизить на 15% количество брака,https://tass.ru/nauka/27023045,"Tue, 07 Apr 2026 07:16:09 +0300",website,tass.ru
"Индекс Мосбиржи на открытии утренней торговой сессии рос на 0,14%","К 07:10 мск показатель ускорил рост и находился на отметке 2 791,8 пункта",https://tass.ru/ekonomika/27023091,"Tue, 07 Apr 2026 07:16:33 +0300",website,tass.ru
Над регионами России за ночь сбили 45 украинских БПЛА,Беспилотники были самолетного типа,https://tass.ru/armiya-i-opk/27023103,"Tue, 07 Apr 2026 07:17:24 +0300",website,tass.ru
Володин запустил опрос о сокращении англицизмов в общественных местах,"Председатель Госдумы спросил, заметили ли граждане сокращение количества надписей на иностранных языках после вступления в силу с 1 марта закона, обязывающего использовать русский язык на всех вывесках",https://tass.ru/obschestvo/27023097,"Tue, 07 Apr 2026 07:19:24 +0300",website,tass.ru
Волошин: уникальный опыт России с Запорожской АЭС стал востребован в мире,"Это важно для всех стран, у которых есть атомные электростанции, включая Иран и станцию в Бушере, отметил сенатор РФ от ДНР",https://tass.ru/obschestvo/27023081,"Tue, 07 Apr 2026 07:20:18 +0300",website,tass.ru
Эксперты рассказали про альтернативу странам Ближнего Востока для покупки жилья,"Крупные застройщики выходят на рынки Таиланда, Бали, других локаций, отметили эксперты",https://tass.ru/ekonomika/27022963,"Tue, 07 Apr 2026 07:20:21 +0300",website,tass.ru
Лукашенко отметил вклад Матвиенко в углубление партнерства Белоруссии и РФ,"Белорусский лидер отметил, что работа председателя Совфеда является примером ""подлинного служения интересам Российской Федерации и ее граждан""",https://tass.ru/mezhdunarodnaya-panorama/27023137,"Tue, 07 Apr 2026 07:24:39 +0300",website,tass.ru
В аэропортах Пулково и Пскова сняли временные ограничения,Меры вводили для обеспечения безопасности полетов,https://tass.ru/ekonomika/27023151,"Tue, 07 Apr 2026 07:25:17 +0300",website,tass.ru
Гонщик Карякин рассказал об условиях участия россиян в международных стартах,"Он отметил, что требований стало еще больше",https://tass.ru/sport/27023155,"Tue, 07 Apr 2026 07:25:40 +0300",website,tass.ru
В Пермском крае подросток ранил ножом учителя,Состояние педагога оценивается как крайне тяжелое,https://tass.ru/proisshestviya/27023173,"Tue, 07 Apr 2026 07:28:16 +0300",website,tass.ru
Прилепин: уехавшие из РФ иноагенты судьбу Украины ставят выше других трагедий,"Писатель отметил, что не представляет, на каких основаниях они могут вернуться в Россию ",https://tass.ru/obschestvo/27023145,"Tue, 07 Apr 2026 07:28:17 +0300",website,tass.ru
В аэропортах Тамбова и Ярославля сняли временные ограничения,Меры вводили для обеспечения безопасности полетов,https://tass.ru/ekonomika/27023177,"Tue, 07 Apr 2026 07:29:38 +0300",website,tass.ru
Во Владимирской области из-за атаки БПЛА на жилой дом погибли три человека,"Пострадал ребенок, сообщил губернатор Александр Авдеев",https://tass.ru/proisshestviya/27023181,"Tue, 07 Apr 2026 07:30:27 +0300",website,tass.ru
Бойцы ФСБ уничтожили бьющих по Горловке диверсантов ВСУ и опепаторов БПЛА,"Цели поразило подразделение ""Горыныч"", отметили в управлении ведомства по ДНР",https://tass.ru/armiya-i-opk/27023187,"Tue, 07 Apr 2026 07:30:35 +0300",website,tass.ru
Бойцы ФСБ уничтожили бьющих по Горловке диверсантов ВСУ и опепаторов БПЛА,,https://tass.ru/armiya-i-opk/27023187,"Tue, 07 Apr 2026 07:30:35 +0300",website,tass.ru
Баканов: взаимодействие в космосе не должно иметь границ ради спасения людей,"Глава Роскосмоса привел в пример проект БРИКС, в рамках которого страны - участницы объединения обмениваются космическими снимками в случае серьезных происшествий",https://tass.ru/kosmos/27023189,"Tue, 07 Apr 2026 07:32:03 +0300",website,tass.ru
"Командир Брат: ВС РФ сбили более 1,5 тыс. БПЛА в Харьковской области за неделю","Командир мобильной огневой группы отметил, что цели поразили бойцы группировки ""Север"" ",https://tass.ru/armiya-i-opk/27023197,"Tue, 07 Apr 2026 07:33:45 +0300",website,tass.ru
Юрист Русяев: порог ответственности за превышение скорости остается прежним,"Основатель бизнес-сообщества ""Русяев Клуб"" отметил, что наказание предусмотрено, если скорость превышена более чем на 20 км/ч",https://tass.ru/obschestvo/27023119,"Tue, 07 Apr 2026 07:33:53 +0300",website,tass.ru
"Опрошенные россияне рассказали, где проведут майские праздники","По данным совместного исследования сервисов ""Авито реклама"" и ""Авито путешествия"", 26% респондентов собираются отправиться на дачу или за город",https://tass.ru/ekonomika/27023219,"Tue, 07 Apr 2026 07:46:39 +0300",website,tass.ru
"Суд признал ""Чеченскую Республику Ичкерия"" террористической организацией","С начала специальной военной операции члены ЧРИ участвуют в боевых действиях против Вооруженных сил России в составе украинских вооруженных формирований, а также в убийствах российских военнослужащих и мирных жителей, сообщили в Центре общественных связей ФСБ России",https://tass.ru/proisshestviya/27023307,"Tue, 07 Apr 2026 07:46:59 +0300",website,tass.ru
Баканов назвал направления развития космической отрасли,"Глава Роскосмоса отметил, что передовые космические технологии будут связаны с микроэлектроникой, материаловедением и химией",https://tass.ru/kosmos/27023285,"Tue, 07 Apr 2026 07:47:05 +0300",website,tass.ru
В ЛНР стабилизировали состояние раненого после удара ВСУ мужчины,Состояние второй пострадавшей девушки не вызывает опасения у врачей,https://tass.ru/proisshestviya/27023269,"Tue, 07 Apr 2026 07:47:45 +0300",website,tass.ru
Эксперт Чегодаева: в новостройках Сочи снизилась средняя цена на жилье,"Она составляет 30,5 млн рублей, сообщила руководитель департамента аналитики и консалтинга ""НДВ супермаркет недвижимости""",https://tass.ru/nedvizhimost/27023267,"Tue, 07 Apr 2026 07:48:53 +0300",website,tass.ru
"Средняя цена жилья в новостройках Сочи за год снизилась до 30,5 млн рублей",,https://tass.ru/nedvizhimost/27023267,"Tue, 07 Apr 2026 07:48:53 +0300",website,tass.ru
"Исследование показало, что треть российских компаний используют ИИ ситуативно","В совместном мониторинге оператора ""Билайн"" и Ассоциации менеджеров также говорится, что лидерами по системной интеграции нейросетей в процессы стали промышленный и финансовый секторы",https://tass.ru/ekonomika/27023263,"Tue, 07 Apr 2026 07:50:17 +0300",website,tass.ru
Освобожденную в Мьянме россиянку передали дипломатам РФ в Таиланде,Российская гражданка вылетит из Бангкока в Россию,https://tass.ru/obschestvo/27023337,"Tue, 07 Apr 2026 07:53:02 +0300",website,tass.ru
"Пленный ВСУ попросил его не обменивать, чтобы снова не воевать за Зеленского","Руслан Левчук также рассказал, что его мобилизовали насильно, несмотря на наличие у него проблем со здоровьем",https://tass.ru/armiya-i-opk/27023319,"Tue, 07 Apr 2026 07:54:39 +0300",website,tass.ru
"Пленный ВСУ попросил его не обменивать, чтобы снова не воевать за Зеленского",,https://tass.ru/armiya-i-opk/27023319,"Tue, 07 Apr 2026 07:54:39 +0300",website,tass.ru
В Сеуле заявили о прогрессе в отношениях с Пхеньяном,Таким образом Министерство объединения Республики Корея прокомментировало быструю реакцию КНДР на извинения президента республики Ли Чжэ Мёна за запуск дронов,https://tass.ru/mezhdunarodnaya-panorama/27023331,"Tue, 07 Apr 2026 07:56:23 +0300",website,tass.ru
В Пермском крае после нападения школьника на педагога организовали проверку,Прокуратура даст оценку исполнения законодательства о профилактике безнадзорности и правонарушений несовершеннолетних,https://tass.ru/proisshestviya/27023345,"Tue, 07 Apr 2026 07:56:45 +0300",website,tass.ru
В Пермском крае после нападения школьника на педагога организовали проверку,,https://tass.ru/proisshestviya/27023345,"Tue, 07 Apr 2026 07:56:45 +0300",website,tass.ru
Анохин: за три года в Смоленской области обновлено более 270 км инженерных сетей,Губернатор рассказал о модернизации и обновлении систем водоснабжения и водоотведения в регионе,https://tass.ru/novosti-regionov/27023363,"Tue, 07 Apr 2026 07:59:53 +0300",website,tass.ru
"Захар Прилепин: народ с лозунгом ""Родина или смерть"" непобедим","О служении Отечеству, аналоге Нобелевской премии, ситуации в зоне СВО и конфликте на Ближнем Востоке в эксклюзивном интервью ТАСС рассказал писатель и военнослужащий Захар Прилепин",https://tass.ru/interviews/27002275,"Tue, 07 Apr 2026 08:00:00 +0300",website,tass.ru
Посол РФ: США используют венесуэльский сюжет для снижения колебания цен на нефть,"Сергей Мелик-Багдасаров заявил, что основным мотивом агрессии против Венесуэлы 3 января было получение контроля над поставками нефти из этой страны",https://tass.ru/politika/27023377,"Tue, 07 Apr 2026 08:00:48 +0300",website,tass.ru
Посол РФ: США используют венесуэльский сюжет для снижения колебания цен на энергоресурсы,,https://tass.ru/politika/27023377,"Tue, 07 Apr 2026 08:00:48 +0300",website,tass.ru
В Прикамье раненная при нападении школьника является его классным руководителем,Пострадавшую госпитализировали,https://tass.ru/proisshestviya/27023369,"Tue, 07 Apr 2026 08:01:07 +0300",website,tass.ru
"Баканов рассказал о направлениях нацпроекта ""Космос""","Глава Роскосмоса уточнил, что в нем содержится восемь федеральных проектов",https://tass.ru/kosmos/27023391,"Tue, 07 Apr 2026 08:03:44 +0300",website,tass.ru
Во Владимирской области подтоплены почти 280 приусадебных участков,"Кроме того, подтопило восемь участков дорог и пять низководных мостов",https://tass.ru/proisshestviya/27023365,"Tue, 07 Apr 2026 08:04:13 +0300",website,tass.ru
Эксперт Глушков: ближневосточный конфликт не влияет на стройотрасль в России,"Влияние конфликта носит общий макроэкономический характер, отметил президент ассоциации ""Национальное объединение строителей"" ",https://tass.ru/ekonomika/27023471,"Tue, 07 Apr 2026 08:06:39 +0300",website,tass.ru
В Воронежской области после атаки БПЛА  повреждены четыре дома и предприятие,За ночь силы ПВО уничтожили 16 беспилотников на юге региона,https://tass.ru/proisshestviya/27023467,"Tue, 07 Apr 2026 08:06:46 +0300",website,tass.ru
Mehr: при авиаударах по пригороду Тегерана погибли минимум шесть человек,Трое из них дети,https://tass.ru/mezhdunarodnaya-panorama/27023487,"Tue, 07 Apr 2026 08:07:12 +0300",website,tass.ru
Mehr: шесть человек погибли при авиаударах по восточному пригороду Тегерана,Трое из них дети,https://tass.ru/mezhdunarodnaya-panorama/27023487,"Tue, 07 Apr 2026 08:07:12 +0300",website,tass.ru
Напавший на учителя в Прикамье школьник состоит на учете в полиции,Он неоднократно оставался на повторное обучение в школе,https://tass.ru/proisshestviya/27023495,"Tue, 07 Apr 2026 08:07:30 +0300",website,tass.ru
Напавший на учителя в Прикамье школьник состоит на учете в полиции,,https://tass.ru/proisshestviya/27023495,"Tue, 07 Apr 2026 08:07:30 +0300",website,tass.ru
Баканов: России суждено быть лидером в космосе,"Это заложено в культурном коде россиян, заявил глава Роскосмоса",https://tass.ru/kosmos/27023409,"Tue, 07 Apr 2026 08:10:51 +0300",website,tass.ru
"Отец Илона Маска предложил перевести песню ""Катюша"" на другие языки","Эррол Маск назвал песню замечательной, с глубоким смыслом",https://tass.ru/obschestvo/27023501,"Tue, 07 Apr 2026 08:11:07 +0300",website,tass.ru
Марочко: ВСУ заняли одно из учебных учреждений Дружковки ДНР,"На территории Дружковского машиностроительного завода украинские войска разместили технику и склады, сообщил военный эксперт",https://tass.ru/armiya-i-opk/27023415,"Tue, 07 Apr 2026 08:13:15 +0300",website,tass.ru
"Школа в Прикамье, где подросток напал на учителя, работает штатно",Учебный процесс не приостановили,https://tass.ru/obschestvo/27023533,"Tue, 07 Apr 2026 08:15:31 +0300",website,tass.ru
В МВД предупредили о мошеннических ссылках со всплывающим окном,Это делается с целью распространения вредоносного ПО,https://tass.ru/obschestvo/27023527,"Tue, 07 Apr 2026 08:16:27 +0300",website,tass.ru
В ТАСС расскажут об открытии дачных маршрутов в Новосибирской области,"Спикерами выступят заместитель министра транспорта и дорожного хозяйства Новосибирской области Евгений Тюрин и руководитель АО ""Экспресс-пригород"" Вячеслав Невежин",https://tass.ru/novosti-regionov/27023539,"Tue, 07 Apr 2026 08:16:49 +0300",website,tass.ru
"Слуцкий уверен, что евроатлантическая солидарность ""пошла трещинами""","Президент США Дональд Трамп всегда был сторонником эпатажа в политике, отметил глава комитета Госдумы по международным делам",https://tass.ru/politika/27023543,"Tue, 07 Apr 2026 08:17:49 +0300",website,tass.ru
Президент Аргентины опубликовал почти 1 тыс. постов с критикой журналистов,"Хавьер Милей обвиняет аргентинские СМИ в продажности и несколько раз повторяет аббревиатуру NONSALP, означающую ""Мы недостаточно ненавидим журналистов""",https://tass.ru/obschestvo/27023555,"Tue, 07 Apr 2026 08:19:38 +0300",website,tass.ru
Для создания автомобильных катализаторов предложили новые соединения платины,Ученые Томского политехнического университета и Института неорганической химии имени А. В. Николаева СО РАН также опровергли ранее существовавшие представления о состоянии этого металла,https://tass.ru/nauka/27023405,"Tue, 07 Apr 2026 08:20:26 +0300",website,tass.ru
Cпасшаяся после удара БПЛА во Владимирской области девочка находится с семьей,При атаке погибли двое взрослых и ребенок,https://tass.ru/obschestvo/27023563,"Tue, 07 Apr 2026 08:22:13 +0300",website,tass.ru
Жительницу Камчатки осудили за попытку продажи подаренной тротиловой шашки,Ее приговорили к двум годам колонии,https://tass.ru/proisshestviya/27023515,"Tue, 07 Apr 2026 08:23:49 +0300",website,tass.ru
"Посольство РФ: эвакуированные российские сотрудники АЭС ""Бушер"" вылетели в Москву",На спецрейсе из Еревана находятся 175 человек,https://tass.ru/obschestvo/27023591,"Tue, 07 Apr 2026 08:30:48 +0300",website,tass.ru
"Из Еревана в Москву вылетели 175 сотрудников АЭС ""Бушер""","Они летят спецрейсом, сообщили в посольстве РФ в Армении",https://tass.ru/obschestvo/27023591,"Tue, 07 Apr 2026 08:30:48 +0300",website,tass.ru
"Из Еревана в Москву вылетели 175 сотрудников Росатома с АЭС ""Бушер""","Они летят спецрейсом, сообщили в посольстве РФ в Армении",https://tass.ru/obschestvo/27023591,"Tue, 07 Apr 2026 08:30:48 +0300",website,tass.ru
С начала агрессии против Ирана в РФ через Армению вернулись 509 россиян,"Диппредставительство России в Ереване отметило, что это удалось осуществить благодаря слаженным действиям российских дипломатов и представителей армянской стороны",https://tass.ru/obschestvo/27023619,"Tue, 07 Apr 2026 08:32:35 +0300",website,tass.ru
Посольство РФ: с начала агрессии против Ирана в РФ через Армению вернулись 509 сограждан,,https://tass.ru/obschestvo/27023619,"Tue, 07 Apr 2026 08:32:35 +0300",website,tass.ru
В Москве 28 сотрудников Красноярского театра госпитализировали с отравлением,"Из-за инцидента отменили запланированный 6 апреля спектакль ""Бой с тенью"" на сцене Театра Моссовета",https://tass.ru/proisshestviya/27023385,"Tue, 07 Apr 2026 08:32:51 +0300",website,tass.ru
В Москве 28 сотрудников Красноярского театра госпитализировали с отравлением,"Из-за инцидента отменили запланированный на 6 апреля спектакль ""Бой с тенью"" на сцене Театра Моссовета",https://tass.ru/proisshestviya/27023385,"Tue, 07 Apr 2026 08:32:51 +0300",website,tass.ru
После нападения подростка на учителя в Пермском крае завели дело,Школьника подозревают в покушении на убийство,https://tass.ru/proisshestviya/27023639,"Tue, 07 Apr 2026 08:33:55 +0300",website,tass.ru
После нападения подростка на учителя в Пермском крае завели дело,,https://tass.ru/proisshestviya/27023639,"Tue, 07 Apr 2026 08:33:55 +0300",website,tass.ru
Роспотребнадзор отметил снижение числа заболеваний гриппом,Показатели соответствуют уровню заболеваемости конца октября 2025 года,https://tass.ru/obschestvo/27023609,"Tue, 07 Apr 2026 08:35:39 +0300",website,tass.ru
ТАСС: один из полков ВСУ на Запорожье практически потерял боеспособность,"В российских силовых структурах сообщили, что доукомплектование 210-го отдельного штурмового полка Вооруженных сил Украины идет непрерывно",https://tass.ru/armiya-i-opk/27023567,"Tue, 07 Apr 2026 08:35:52 +0300",website,tass.ru
Лыжник Коростелев рассказал об общении с Клебо,Спортсмен назвал норвежца открытым и уверенным в себе человеком,https://tass.ru/sport/27023653,"Tue, 07 Apr 2026 08:36:24 +0300",website,tass.ru
"ТАСС: ВСУ перебросили к Рай-Александровке элитное подразделение ""Птицы Мадьяра""","Украинские военные активно используют как FPV-дроны, так и тяжелые гексокоптеры различной модификации, отметили в российских силовых структурах",https://tass.ru/armiya-i-opk/27023655,"Tue, 07 Apr 2026 08:38:57 +0300",website,tass.ru
В Саудовской Аравии сообщили о перехвате 18 БПЛА за несколько часов,"В Минобороны королевства уточнили, что все дроны были уничтожены",https://tass.ru/mezhdunarodnaya-panorama/27023627,"Tue, 07 Apr 2026 08:39:18 +0300",website,tass.ru
В Москве ликвидировали узел связи телефонных мошенников,"В ГУ МВД  отметили, что задержанные устроились на ""высокооплачиваемую работу"" из мессенджера и даже не поняли, что стали преступниками",https://tass.ru/proisshestviya/27023669,"Tue, 07 Apr 2026 08:41:09 +0300",website,tass.ru
Вопрос опеки над выжившей после атаки БПЛА во Владимирской области решится скоро,Ребенок находится у родственников,https://tass.ru/obschestvo/27023685,"Tue, 07 Apr 2026 08:43:42 +0300",website,tass.ru
В Белгородской области от удара ВСУ погиб человек,Вооруженные силы Украины атаковали Грайворонский округ региона,https://tass.ru/proisshestviya/27023715,"Tue, 07 Apr 2026 08:45:55 +0300",website,tass.ru
Посол Ирана отметил усилия Пакистана для решения иранского конфликта,"Реза Амири Могадам заявил, что они ""приближаются к критической стадии""",https://tass.ru/mezhdunarodnaya-panorama/27023723,"Tue, 07 Apr 2026 08:46:46 +0300",website,tass.ru
ТАСС: запрет на полеты над Бахрейном и Кувейтом продлили 39-е сутки подряд,Ограничения будут действовать до 19:00 мск,https://tass.ru/mezhdunarodnaya-panorama/27023677,"Tue, 07 Apr 2026 08:47:47 +0300",website,tass.ru
Эксперт Проценко: независимость позволила ДНР сохранить русский язык и ценности,"По словам председателя отделения Российского общества политологов ЛНР Александра Проценко, чиновники, незаконно пришедшие к власти на Украине в 2014 году, ""выдавили Донбасс из состава Украины""",https://tass.ru/obschestvo/27023599,"Tue, 07 Apr 2026 08:52:19 +0300",website,tass.ru
Politico: атаки США на электростанции Ирана подорвут трансатлантические связи,"Новые ответные удары Ирана по нефтедобывающей инфраструктуре в странах Персидского залива могут усугубить энергетический кризис, отмечает издание ",https://tass.ru/mezhdunarodnaya-panorama/27023727,"Tue, 07 Apr 2026 08:52:25 +0300",website,tass.ru
Раненная школьником учительница в Пермском крае умерла,Медикам не удалось ее спасти,https://tass.ru/proisshestviya/27023801,"Tue, 07 Apr 2026 08:53:54 +0300",website,tass.ru
"""Орион"" назвал лунный кратер в честь умершей от рака жены командира корабля","Астронавты направили отдельный запрос в центр управления космическими полетами с тем, чтобы там разрешили присвоить имя Кэрролл Вайсман одному из безымянных лунных кратеров",https://tass.ru/kosmos/27023689,"Tue, 07 Apr 2026 08:54:23 +0300",website,tass.ru
AFP: в Саудовской Аравии подвергся атаке нефтехимический комплекс,В Эль-Джубайле  произошел пожар на заводах SABIC,https://tass.ru/mezhdunarodnaya-panorama/27023711,"Tue, 07 Apr 2026 08:54:59 +0300",website,tass.ru
Обвиняемого во взятке министра тарифной политики Красноярского края уволили,Руководить ведомством поручили заместителю министра Роману Дубровскому,https://tass.ru/politika/27023793,"Tue, 07 Apr 2026 08:55:06 +0300",website,tass.ru
"Очные занятия второй смены отменили в школе в Прикамье, где ученик напал на учителя",Их проведут в дистанционном формате,https://tass.ru/obschestvo/27023807,"Tue, 07 Apr 2026 08:56:42 +0300",website,tass.ru
Основной причиной обрушения дома в Махачкале стало несоблюдение норм строительства,"Дополнительным фактором послужило подтопление территории из-за непроходимости водопропускного канала, сообщили в министерстве строительства, архитектуры и жилищно-коммунального хозяйства Дагестана",https://tass.ru/obschestvo/27023645,"Tue, 07 Apr 2026 08:58:02 +0300",website,tass.ru
"Посол США: ""Моссад"" принял участие в спасении американских летчиков в Иране",Двух американских летчиков истребителя F-15E сбили над исламской республикой,https://tass.ru/mezhdunarodnaya-panorama/27023783,"Tue, 07 Apr 2026 08:59:47 +0300",website,tass.ru
Елена Вяльбе: сезон в российских лыжных гонках прошел очень хорошо,"Сезон российских соревнований по лыжным гонкам завершился 5 апреля в Кировске. Президент Федерации лыжных гонок России, трехкратная олимпийская чемпионка Елена Вяльбе в интервью ТАСС подвела его итоги, а также оценила форму лидеров сборной страны в финальной его части",https://tass.ru/interviews/27014513,"Tue, 07 Apr 2026 09:00:01 +0300",website,tass.ru
В Госдуме опровергли миф о трех днях для заявления о пропаже человека,"Нужно подавать заявление сразу, отметил зампред комитета Госдумы по развитию гражданского общества Олег Леонов",https://tass.ru/obschestvo/27023819,"Tue, 07 Apr 2026 09:01:14 +0300",website,tass.ru
Российские борцы получают визы на чемпионат Европы в Албании в штатном режиме,Турнир пройдет в Тиране с 20 по 26 апреля,https://tass.ru/sport/27023911,"Tue, 07 Apr 2026 09:02:12 +0300",website,tass.ru
Wildberries запускает два новых отеля в Турции,Они расположены в Кемере и недалеко от Сиде,https://tass.ru/ekonomika/27023839,"Tue, 07 Apr 2026 09:03:45 +0300",website,tass.ru
"""Кион музыка"": прослушивания шансона выросли на 21% за три месяца",Самая высокая плотность прослушиваний на одного пользователя отмечена в Республике Саха,https://tass.ru/obschestvo/27023885,"Tue, 07 Apr 2026 09:03:51 +0300",website,tass.ru
На Урале двух работников завода приговорили к условному сроку за кражу,Они забрали имущество на более чем 39 млн рублей,https://tass.ru/proisshestviya/27023825,"Tue, 07 Apr 2026 09:03:56 +0300",website,tass.ru
"Эксперт Проценко: признание независимости Донбасса разрушило бы проект ""Антироссия""","Запад не признает выбор Донбасса, потому что это рушит его геополитическую конструкцию ""украинского проекта"", отметил кандидат политических наук, доцент кафедры государственного управления Луганского государственного университета имени Владимира Даля, председатель отделения Российского общества политологов в ЛНР",https://tass.ru/politika/27023871,"Tue, 07 Apr 2026 09:05:39 +0300",website,tass.ru
Россиянам рассказали об отечественных альтернативах Средиземноморской диете,"Принципы рационального питания можно адаптировать к любым климатическим условиям, используя локальные продукты, отметила врач-эндокринолог и диетолог, заместитель директора по научной работе Института медицины и медицинских технологий НГУ Дарья Подчиненова",https://tass.ru/obschestvo/27023915,"Tue, 07 Apr 2026 09:07:17 +0300",website,tass.ru
FT: новые банковские правила ЕС могут осложнить отношения с Великобританией,"Эксперты предупреждают, что новые меры способны подорвать финансовое сотрудничество и осложнить усилия премьера Кира Стармера по сближению с ЕС",https://tass.ru/ekonomika/27023939,"Tue, 07 Apr 2026 09:08:10 +0300",website,tass.ru
Сконструирован детектор рентгеновского излучения для российского приборостроения,"Специалисты отметили, что разработка также найдет применение в синхротронных центрах мирового уровня",https://tass.ru/nauka/27023919,"Tue, 07 Apr 2026 09:09:01 +0300",website,tass.ru
В Казани возившего подростков на дверях машины привлекли к ответственности,На него составили шесть административных протоколов,https://tass.ru/proisshestviya/27023813,"Tue, 07 Apr 2026 09:09:55 +0300",website,tass.ru
Волошин назвал Киев заказчиком предотвращенной атаки на газопровод в Сербии,"Это доказывают многократные инциденты на нефтегазовой инфраструктуре России и третьих стран, отметил сенатор РФ от ДНР",https://tass.ru/politika/27023847,"Tue, 07 Apr 2026 09:10:10 +0300",website,tass.ru
В Кузбассе проводят проверку после пропажи Героя России Асылханова,Его поиски продолжают четвертые сутки,https://tass.ru/proisshestviya/27023953,"Tue, 07 Apr 2026 09:11:34 +0300",website,tass.ru
Глава тайваньской партии Гоминьдан впервые за 10 лет прибыла в КНР,"Чжэн Ливэнь с делегацией приехала в Шанхай, после чего они посетят Нанкин и Пекин",https://tass.ru/mezhdunarodnaya-panorama/27023759,"Tue, 07 Apr 2026 09:12:51 +0300",website,tass.ru
Умерла учительница. Что известно о нападении школьника в Пермском крае,Ученик 9-го класса нанес ножевые ранения своему классному руководителю,https://tass.ru/proisshestviya/27023913,"Tue, 07 Apr 2026 09:12:56 +0300",website,tass.ru
В аэропорту Калининграда на прилет и вылет задерживается 21 рейс,Подавляющее большинство из них направляются в Москву и Санкт-Петербург и обратно,https://tass.ru/obschestvo/27023961,"Tue, 07 Apr 2026 09:13:15 +0300",website,tass.ru
Посол РФ: контактов у России с Венесуэлой не стало меньше,"Посол России в Венесуэле Сергей Мелик-Багдасаров рассказал в интервью ТАСС о продолжающемся диалоге РФ с Венесуэлой в различных сферах, оценил действия США в отношении Каракаса и ответил на вопрос о перспективах убежища для Николаса Мадуро",https://tass.ru/interviews/27014755,"Tue, 07 Apr 2026 09:15:01 +0300",website,tass.ru
В Йошкар-Оле открыли ПВР для жителей попадающих в зону паводка домов,Власти также готовы предоставить гражданам сухие склады для сохранности ценных вещей и транспорт для перевозки имущества,https://tass.ru/obschestvo/27023775,"Tue, 07 Apr 2026 09:15:06 +0300",website,tass.ru
Еврокомиссар Бруннер: война в Иране создает риски для безопасности внутри ЕС,Представитель ЕК по внутренним делам и миграции призвал готовится ко всем возможным сценариям,https://tass.ru/mezhdunarodnaya-panorama/27023989,"Tue, 07 Apr 2026 09:16:58 +0300",website,tass.ru
Politico: Евросоюз поражен системным параличом,"Об этом говорит неспособность ЕС принимать единые решения по разным вопросам, включая финансирование Украины и реакцию на военные действия в Иране, утверждает издание после разговора с некоторыми дипломатами, чиновниками и экспертами",https://tass.ru/mezhdunarodnaya-panorama/27023997,"Tue, 07 Apr 2026 09:17:57 +0300",website,tass.ru
Трое погибших во Владимирской области и 45 БПЛА. Ночная атака на регионы,Украинский беспилотник попал в двухквартирный жилой дом в Александровском районе региона,https://tass.ru/proisshestviya/27023987,"Tue, 07 Apr 2026 09:18:21 +0300",website,tass.ru
"Бойцы ""Севера"" уничтожили ""Ланцетом"" бронеавтомобиль Humvee в Сумской области","Основными целями поражения являются транспортные средства, ствольная артиллерия, пункты укрепления ВСУ, отметил оператор БПЛА 34-й отдельной гвардейской мотострелковой бригады группировки войск ""Север"" с позывным Монгол ",https://tass.ru/armiya-i-opk/27024027,"Tue, 07 Apr 2026 09:18:36 +0300",website,tass.ru
Посол РФ: санкции не способствуют заявленному США процветанию Венесуэлы,"Односторонние ограничительные меры, введенные Соединенными Штатами, долгое время душили экономику страны и имели тяжелые последствия для ее населения, заявил Сергей Мелик-Багдасаров",https://tass.ru/ekonomika/27024029,"Tue, 07 Apr 2026 09:18:45 +0300",website,tass.ru
Посол РФ: санкции не способствуют заявленному США процветанию Венесуэлы,,https://tass.ru/ekonomika/27024029,"Tue, 07 Apr 2026 09:18:45 +0300",website,tass.ru
Эксперт Тлисов: карьерное развитие перестает быть линейным маршрутом,"Директор Северо-Кавказского института - филиала РАНХиГС отметил, что оно становится, в частности, динамичной системой непрерывного обучения",https://tass.ru/ekonomika/27023835,"Tue, 07 Apr 2026 09:21:15 +0300",website,tass.ru
В образовательных организациях Прикамья усилили безопасность после ЧП в Добрянке,Школьник напал на учителя с ножом,https://tass.ru/proisshestviya/27024067,"Tue, 07 Apr 2026 09:21:35 +0300",website,tass.ru
Во всех образовательных организациях Прикамья усилили безопасность после ЧП в Добрянке,,https://tass.ru/proisshestviya/27024067,"Tue, 07 Apr 2026 09:21:35 +0300",website,tass.ru
ВСУ 17 раз за сутки обстреляли из артиллерии курское приграничье,В регионе сбили 13 беспилотников,https://tass.ru/proisshestviya/27024015,"Tue, 07 Apr 2026 09:22:36 +0300",website,tass.ru
Депутат Рады Разумков: лишь 10% украинских беженцев готовы вернуться,Родители продолжают отправлять детей старше 14 лет за границу из-за страха снижения мобилизационного возраста до 18 лет,https://tass.ru/obschestvo/27024037,"Tue, 07 Apr 2026 09:22:40 +0300",website,tass.ru
Депутат Рады Разумков: лишь 10% украинских беженцев готовы вернуться на Украину,Родители продолжают отправлять детей старше 14 лет за границу из-за страха снижения мобилизационного возраста до 18 лет,https://tass.ru/obschestvo/27024037,"Tue, 07 Apr 2026 09:22:40 +0300",website,tass.ru
В Псковской области нашли и ликвидировали БПЛА с неразорвавшейся боевой частью,"Жителям напомнили, что при обнаружении беспилотника нельзя подходить к сбитому БПЛА и его фрагментам",https://tass.ru/proisshestviya/27024075,"Tue, 07 Apr 2026 09:24:46 +0300",website,tass.ru
Минэнерго Казахстана заявило о стабильном экспорте нефти по системе КТК,Работа продолжается после атаки ВСУ на Новороссийск,https://tass.ru/ekonomika/27024051,"Tue, 07 Apr 2026 09:26:38 +0300",website,tass.ru
Минэнерго Казахстана: экспорт нефти по системе КТК ведется стабильно,,https://tass.ru/ekonomika/27024051,"Tue, 07 Apr 2026 09:26:38 +0300",website,tass.ru
Протестирована удаляющая 99% бактерий с продуктов ферментная добавка,Лучшие результаты получили при очистке свежих продуктов,https://tass.ru/nauka/27023635,"Tue, 07 Apr 2026 09:27:41 +0300",website,tass.ru
Московский зоопарк передал мягкую игрушку для японской макаки Панча,Помимо игрушки для Панча передали письмо от морского зайца Макса,https://tass.ru/obschestvo/27024085,"Tue, 07 Apr 2026 09:29:29 +0300",website,tass.ru
Московский зоопарк передал мягкую игрушку для японской макаки по кличке Панч,Помимо игрушки для Панчи передали письмо от морского зайца Макса,https://tass.ru/obschestvo/27024085,"Tue, 07 Apr 2026 09:29:29 +0300",website,tass.ru
"""Автостат"": продажи новых Toyota в России в I квартале выросли до 6,9 тыс.","Самыми популярными моделями стали RAV4, Highlander, Camry, Land Cruiser Prado 150 и Corolla",https://tass.ru/ekonomika/27024083,"Tue, 07 Apr 2026 09:29:52 +0300",website,tass.ru
"Тренер рассказала, от чего будет зависеть вызов Вяхиревой в сборную",В последний раз Анна Вяхирева и Дарья Дмитриева приезжали на сбор команды России в начале марта,https://tass.ru/sport/27024125,"Tue, 07 Apr 2026 09:32:16 +0300",website,tass.ru
На западе Панамы после взрыва у моста нарушено транспортное сообщение,"Президент республики Хосе Рауль Молино заявил, что день будет трудным",https://tass.ru/mezhdunarodnaya-panorama/27024099,"Tue, 07 Apr 2026 09:33:16 +0300",website,tass.ru
В аэропорту Краснодара задерживаются девять рейсов,На вылет задерживаются два рейса в Москву и один в Шарм-эш-Шейх,https://tass.ru/obschestvo/27024105,"Tue, 07 Apr 2026 09:33:42 +0300",website,tass.ru
Politico: все больше государств ЕС выступают за отмену права вето,Эту группу возглавили Германия и Швеция,https://tass.ru/mezhdunarodnaya-panorama/27024127,"Tue, 07 Apr 2026 09:33:46 +0300",website,tass.ru
Пушилин: украинский госпереворот стал катализатором объединения жителей Донбасса,"Стихийные протесты в ДНР переросли в ""создание устойчивых государственных институтов"", отметил глава региона",https://tass.ru/politika/27024091,"Tue, 07 Apr 2026 09:34:18 +0300",website,tass.ru
ТАСС: ОАЭ продлили частичное закрытие воздушного пространства до 13 апреля,Для полетов в местные аэропорты и обратно гражданской авиации выделили шесть коридоров в сторону воздушного пространства Саудовской Аравии и Омана,https://tass.ru/mezhdunarodnaya-panorama/27024153,"Tue, 07 Apr 2026 09:36:39 +0300",website,tass.ru
Центральные районы Израиля подверглись обстрелу из Ирана,В Тель-Авиве слышны взрывы,https://tass.ru/mezhdunarodnaya-panorama/27024139,"Tue, 07 Apr 2026 09:37:22 +0300",website,tass.ru
В Прикамье после ЧП в школе в Добрянке начала работу межведомственная комиссия,На место выехали кризисный психолог и начальник отдела профилактики детского и семейного неблагополучия,https://tass.ru/obschestvo/27024145,"Tue, 07 Apr 2026 09:39:10 +0300",website,tass.ru
Fars: США в рамках урегулирования по Ирану могут заменить Уиткоффа на Вэнса,"Соответствующее предложение иранская сторона получила от Соединенных Штатов, сообщил источник агентства в Тегеране",https://tass.ru/mezhdunarodnaya-panorama/27024161,"Tue, 07 Apr 2026 09:39:24 +0300",website,tass.ru
Шипов: шахматист Есипенко психологически не готов к турниру претендентов,Спортсмен занимает последнее место,https://tass.ru/sport/27024173,"Tue, 07 Apr 2026 09:41:24 +0300",website,tass.ru
В Оренбуржье количество закрытых из-за паводка мостов и дорог сократилось до 14,За сутки на реках региона преимущественно наблюдались понижения уровней воды на 1-86 см,https://tass.ru/obschestvo/27024169,"Tue, 07 Apr 2026 09:42:45 +0300",website,tass.ru
"Министр обороны Италии не верит, что США выйдут из НАТО","Американскому лидеру Дональду Трампу понадобилось бы согласие Конгресса, что он вряд ли получит, отметил Гуидо Крозетто",https://tass.ru/mezhdunarodnaya-panorama/27024175,"Tue, 07 Apr 2026 09:43:56 +0300",website,tass.ru
NHK: Mazda прекратила выпуск авто для Ближнего Востока из-за проблем с доставкой,Японская компания остановила производство таких машин на апрель и май,https://tass.ru/ekonomika/27024191,"Tue, 07 Apr 2026 09:48:38 +0300",website,tass.ru
В Пермском крае окажут помощь семье погибшей учительницы,Медики не смогли спасти педагога,https://tass.ru/obschestvo/27024211,"Tue, 07 Apr 2026 09:51:25 +0300",website,tass.ru
Swarovski зарегистрировала в РФ одноименный товарный знак,"В июне 2023 года компания сообщила, что полностью ушла с российского рынка",https://tass.ru/ekonomika/27024229,"Tue, 07 Apr 2026 09:53:52 +0300",website,tass.ru
В Прикамье дело о покушении на учительницу переквалифицировали на убийство,Женщина умерла от полученных травм,https://tass.ru/proisshestviya/27024235,"Tue, 07 Apr 2026 09:54:20 +0300",website,tass.ru
КНР установила мировой рекорд по глубине подводного тоннеля,"Показатель составил 113 м, а в будущем он может достичь 116 м",https://tass.ru/mezhdunarodnaya-panorama/27024185,"Tue, 07 Apr 2026 09:55:42 +0300",website,tass.ru
В Херсоне произошли взрывы,Воздушная тревога в контролируемых властями Украины районах Херсонской области не объявлялась,https://tass.ru/proisshestviya/27024247,"Tue, 07 Apr 2026 09:59:54 +0300",website,tass.ru
Жизнь не по средствам: когда разорится Киев,"Владимир Костырев — о том, сможет ли украинский режим выпросить у Запада очередной кредит и поможет ли это Украине  ",https://tass.ru/opinions/27018631,"Tue, 07 Apr 2026 10:00:00 +0300",website,tass.ru
Сбившие пенсионера на электросамокате в Москве подростки заплатят штраф 100 тыс. рублей,Пожилой мужчина получил серьезные травмы,https://tass.ru/proisshestviya/27024253,"Tue, 07 Apr 2026 10:01:01 +0300",website,tass.ru
"Вяльбе считает, что Терентьева остается лидером женских лыжных гонок в России",Спортсменка является олимпийской чемпионкой,https://tass.ru/sport/27024275,"Tue, 07 Apr 2026 10:01:23 +0300",website,tass.ru
Российский рынок акций в начале основной торговой сессии снижается,"Курс юаня вырос до 11,502 рубля",https://tass.ru/ekonomika/27024315,"Tue, 07 Apr 2026 10:02:02 +0300",website,tass.ru
ФАС снизила цены на семь жизненно необходимых лекарств,На основании обновления списка жизненно необходимых и важнейших медикаментов было принято решение о снижении цен,https://tass.ru/ekonomika/27024277,"Tue, 07 Apr 2026 10:02:07 +0300",website,tass.ru
В аэропорту Сочи задерживаются 14 рейсов,"На вылет задерживаются два в Москву, один в Омск и один в Новосибирск",https://tass.ru/obschestvo/27024259,"Tue, 07 Apr 2026 10:02:09 +0300",website,tass.ru
В Монголии создали запасы разных видов топлива из РФ на срок от 27 до 73 дней,"Первый зампредседателя правительства республики Жадамбын Энхбаяр отметил, что из-за кризиса на Ближнем Востоке предложение нефти и природного газа резко сократилось",https://tass.ru/ekonomika/27024267,"Tue, 07 Apr 2026 10:02:57 +0300",website,tass.ru
Россия и Мьянма работают над пресечением вовлечения россиян в преступность,"Посольство РФ в Янгоне рассказало о прошедшей рабочей встрече российских дипломатов, Министерства внутренних дел Российской Федерации и Сил полиции республики",https://tass.ru/politika/27024117,"Tue, 07 Apr 2026 10:03:46 +0300",website,tass.ru
"ТАСС: подросток и учительница, на которую он напал в Прикамье, конфликтовали",,https://tass.ru/proisshestviya/27024337,"Tue, 07 Apr 2026 10:03:54 +0300",website,tass.ru
"""Хрустальная Турандот"" планирует новые спецноминации в честь юбилея","Режиссер и продюсер Борис Беленький отметил, что хотел бы, чтобы премией был отмечен Владимир Панков",https://tass.ru/kultura/27024285,"Tue, 07 Apr 2026 10:04:27 +0300",website,tass.ru
WSJ: поместье Оззи Осборна в США продается за $17 млн,Общая территория имения составляет порядка 2 тыс. кв. м,https://tass.ru/obschestvo/27024373,"Tue, 07 Apr 2026 10:05:50 +0300",website,tass.ru
В Белгородской области при атаке ВСУ погиб мирный житель,Удар нанесли по автомобилю на участке дороги Рождественка - Мокрая Орловка,https://tass.ru/proisshestviya/27024393,"Tue, 07 Apr 2026 10:07:13 +0300",website,tass.ru
В Херсонской области при атаке БПЛА погиб человек,,https://tass.ru/proisshestviya/27024397,"Tue, 07 Apr 2026 10:08:22 +0300",website,tass.ru
Володин поздравил Матвиенко с днем рождения,"Спикер Госдумы отметил, что председатель СФ эффективно отстаивает интересы граждан",https://tass.ru/obschestvo/27024387,"Tue, 07 Apr 2026 10:09:03 +0300",website,tass.ru
"Погибшая учительница в Добрянке была победителем конкурса ""Учитель года""",Олеся Багута работала педагогом 29 лет,https://tass.ru/obschestvo/27024307,"Tue, 07 Apr 2026 10:09:06 +0300",website,tass.ru
Ведущую Аллеман заочно арестовали за нарушение правил деятельности иноагента,Против журналистки завели дело,https://tass.ru/proisshestviya/27024343,"Tue, 07 Apr 2026 10:09:47 +0300",website,tass.ru
В Польше арестовали еще одного активиста по делу о поджоге фабрики в Чехии,Его обвиняют в снабжении участников поджога горючими веществами,https://tass.ru/proisshestviya/27024349,"Tue, 07 Apr 2026 10:10:03 +0300",website,tass.ru
Отопительный сезон в Европе стал вторым по продолжительности за всю историю,Сезон отбора 2025-2026 годов из подземных хранилищ в ЕС продлился 173 дня,https://tass.ru/ekonomika/27024427,"Tue, 07 Apr 2026 10:10:47 +0300",website,tass.ru
"Задержаны подозреваемые в налоговых преступлениях, действовавшие в 25 регионах",,https://tass.ru/proisshestviya/27024437,"Tue, 07 Apr 2026 10:11:36 +0300",website,tass.ru
Работа над новой моделью развития аэропорта Домодедово уже начата,,https://tass.ru/ekonomika/27024489,"Tue, 07 Apr 2026 10:13:42 +0300",website,tass.ru
Компания-лидер ЭКГ-рейтинга провела вторую Уральскую олимпиаду по робототехнике,Мероприятие собрало более 400 школьников и 46 студентов из 18 регионов,https://tass.ru/obschestvo/27024469,"Tue, 07 Apr 2026 10:15:41 +0300",website,tass.ru
АКОРТ: в Петербурге нет резкого роста цен на яйца и продукты перед Пасхой,"По словам председателя Ассоциации компаний омниканальной розничной торговли Станислава Богданова, ретейлеры заранее готовятся к спросу в праздничную неделю и формируют запасы",https://tass.ru/ekonomika/27024383,"Tue, 07 Apr 2026 10:15:43 +0300",website,tass.ru
Коростелев назвал участие россиян в закрытии ОИ шагом к полному восстановлению,На Олимпиаде выступили 13 российских спортсменов,https://tass.ru/sport/27024503,"Tue, 07 Apr 2026 10:18:43 +0300",website,tass.ru
МИД КНР: Китай приветствует двусторонние гуманитарные обмены с Россией,,https://tass.ru/mezhdunarodnaya-panorama/27024507,"Tue, 07 Apr 2026 10:18:57 +0300",website,tass.ru
В ЕС пока не ответили на предложение Киргизии о проведении аудита,"Киргизская сторона предложила совместный аудит банков и фирм, подпавших под санкции за якобы оказываемую республикой помощь РФ",https://tass.ru/ekonomika/27024293,"Tue, 07 Apr 2026 10:20:59 +0300",website,tass.ru
Меликов: жителям незаконно построенных домов в Дагестане помогут фонды,"Проживавшие в незаконно построенных в природоохранных зонах региона домах не могут рассчитывать на полный объем господдержки, отметил глава республики",https://tass.ru/obschestvo/27031677,"Tue, 07 Apr 2026 17:28:43 +0300",website,tass.ru
Минтранс планирует скоро восстановить транспортную инфраструктуру Дагестана,"Глава ведомства Андрей Никитин отметил, что объекты гражданской авиации, водного транспорта и федеральные трассы в республике не повреждены",https://tass.ru/ekonomika/27031709,"Tue, 07 Apr 2026 17:29:06 +0300",website,tass.ru
В ТАСС рассказали о тестировании ИИ для написания новостей,"Директор по цифровому развитию агентства Кирилл Сидоров считает, что до внедрения его в работу еще далеко",https://tass.ru/ekonomika/27031627,"Tue, 07 Apr 2026 17:29:49 +0300",website,tass.ru
Сели и оползни нарушили транспортное сообщение с 97 населенными пунктами Дагестана,"Было затруднено или ограничено движение на 27 участках автодорог, сообщил глава республики Сергей Меликов",https://tass.ru/obschestvo/27031745,"Tue, 07 Apr 2026 17:30:49 +0300",website,tass.ru
Генпрокурор РФ пообещал оптимизировать передачу осужденных казахстанцев на родину,"Александр Гуцан заверил в готовности тщательным образом прорабатывать все вопросы, представляющие взаимный интерес",https://tass.ru/obschestvo/27031531,"Tue, 07 Apr 2026 17:32:02 +0300",website,tass.ru
В белгородском приграничье при атаке БПЛА пострадали два человека,Пострадавших доставили в Шебекинскую ЦРБ,https://tass.ru/proisshestviya/27031717,"Tue, 07 Apr 2026 17:32:19 +0300",website,tass.ru
Минздрав Израиля сообщил о госпитализации более 7 тыс. человек с 28 февраля,"В ведомстве отметили, что состояние двух пострадавших оценивается как критическое",https://tass.ru/mezhdunarodnaya-panorama/27031757,"Tue, 07 Apr 2026 17:33:02 +0300",website,tass.ru
Армия Израиля заявила об атаках на восемь мостов в Иране,"Эти объекты ""использовались иранскими вооруженными силами для транспортировки оружия и военной техники"", сообщили в ЦАХАЛ ",https://tass.ru/mezhdunarodnaya-panorama/27031803,"Tue, 07 Apr 2026 17:34:00 +0300",website,tass.ru
В Раду повторно вызвали главу Антимонопольного комитета из-за роста цен на топливо,"Украинский депутат Дмитрий Разумков отметил, что прошло полтора месяца с предыдущего вызова Павла Кириленко",https://tass.ru/ekonomika/27031433,"Tue, 07 Apr 2026 17:34:08 +0300",website,tass.ru
Путин поручил чиновникам Дагестана обращаться за помощью при необходимости,Глава государства заслушал доклады главы Махачкалы Джамбулата Салавова и главы Дербентского района региона Эльмана Аллахвердиева,https://tass.ru/politika/27031779,"Tue, 07 Apr 2026 17:34:32 +0300",website,tass.ru
Путин поручил создать комиссию по ликвидации последствий паводков в Дагестане,"В ее состав должны войти представители федеральных органов власти, руководители регионов, а также один из заместителей полномочного представителя президента в СКФО",https://tass.ru/obschestvo/27031833,"Tue, 07 Apr 2026 17:35:44 +0300",website,tass.ru
Минфин окажет финподдержку Дагестану для ликвидации последствий паводков,"Глава ведомства Антон Силуанов указал, что находится на связи с коллегами из МЧС и Минстроя",https://tass.ru/obschestvo/27031815,"Tue, 07 Apr 2026 17:36:01 +0300",website,tass.ru
Минстрой организует обследование поврежденной инфраструктуры в Дагестане,"Одновременно прорабатывается вопрос предоставления соцподдержки гражданам, чье жилье было повреждено во время паводка, сообщил глава министерства Ирек Файзуллин",https://tass.ru/ekonomika/27031751,"Tue, 07 Apr 2026 17:37:06 +0300",website,tass.ru
Куренков возглавит правкомиссию по ЧС в Дагестане,Президент России Владимир Путин провел совещание по ликвидации последствий наводнения в регионе,https://tass.ru/politika/27031865,"Tue, 07 Apr 2026 17:37:07 +0300",website,tass.ru
"В ДНР заявили, что ударившие по школе на Запорожье заслуживают высшей меры наказания",Вице-премьер республики Кирилл Макаров подчеркнул целенаправленный характер удара,https://tass.ru/proisshestviya/27031733,"Tue, 07 Apr 2026 17:37:37 +0300",website,tass.ru
"Меликов: 75 детей из Дагестана отправят на отдых в центры ""Артек"" и ""Орленок""","В дальнейшем будут наращивать усилия по размещению детей в оздоровительных лагерях, заявил глава региона",https://tass.ru/obschestvo/27031875,"Tue, 07 Apr 2026 17:37:56 +0300",website,tass.ru
В Румынии закрыли оппозиционный телеканал,Realitatea Plus известен поддержкой бывших кандидатов в президенты от националистической оппозиции Кэлина Джорджеску и лидера Альянса за объединение румын Джордже Симиона на выборах в Румынии 2024-2025 годов,https://tass.ru/mezhdunarodnaya-panorama/27031739,"Tue, 07 Apr 2026 17:38:39 +0300",website,tass.ru
За трое суток в Москве может выпасть до 10 мм осадков в виде снега и дождя,Ухудшения погоды связаны с малоподвижным высоким циклоном,https://tass.ru/obschestvo/27031841,"Tue, 07 Apr 2026 17:39:05 +0300",website,tass.ru
В ГД призвали дать жесткий ответ после атаки ВСУ на школу в Запорожской области,Член комитета по безопасности и противодействию коррупции Михаил Шеремет также указал на молчание международных институтов по этой ситуации,https://tass.ru/politika/27031633,"Tue, 07 Apr 2026 17:39:45 +0300",website,tass.ru
Путин поручил решить накопленные хронические проблемы электроснабжения Дагестана,Министр строительства и ЖКХ Ирек Файзуллин пообещал подготовить соответствующий доклад,https://tass.ru/obschestvo/27031609,"Tue, 07 Apr 2026 17:39:48 +0300",website,tass.ru
ТАСС: замглавы Челябинска Астахов стал фигурантом уголовного дела,Бюджету был причинен ущерб на сумму свыше 20 млн рублей,https://tass.ru/proisshestviya/27031771,"Tue, 07 Apr 2026 17:40:04 +0300",website,tass.ru
Меликов: паводок в Дагестане нанес ущерб агропромышленному комплексу региона,"Погибло 700 голов крупного рогатого скота, сообщил глава республики",https://tass.ru/ekonomika/27031503,"Tue, 07 Apr 2026 17:40:27 +0300",website,tass.ru
Минстрой примет меры для улучшения ситуации с электроснабжением в Дагестане,"На территории региона всегда было недостаточно электроснабжения, сообщил глава ведомства Ирек Файзуллин",https://tass.ru/ekonomika/27031683,"Tue, 07 Apr 2026 17:40:44 +0300",website,tass.ru
Путин поручил помочь Дагестану с восстановлением транспортной инфраструктуры,"Президент РФ отметил, что региону сложно будет справиться с ликвидацией последствий наводнений самостоятельно",https://tass.ru/ekonomika/27031897,"Tue, 07 Apr 2026 17:41:20 +0300",website,tass.ru
Полицейские Дагестана в условиях ЧС работают в усиленном режиме,"В дни паводка они эвакуировали из домов граждан, оказавшихся в зоне затопления, помогали с организацией пунктов временного размещения пострадавших, отметила официальный представитель МВД РФ Ирина Волк",https://tass.ru/obschestvo/27031851,"Tue, 07 Apr 2026 17:41:42 +0300",website,tass.ru
"В Дагестане пострадавшие при ЧС могут подать заявку на выплату на ""Госуслугах""","Помощь оказывается и в очном порядке, добавил глава республики Сергей Меликов",https://tass.ru/obschestvo/27031809,"Tue, 07 Apr 2026 17:42:26 +0300",website,tass.ru
Генпрокуроры РФ и Казахстана подписали документы в развитие договора о сотрудничестве,"Александр Гуцан отметил эффективное взаимодействие в правоохранительной сфере, которое строится в русле добрососедских отношений",https://tass.ru/obschestvo/27031411,"Tue, 07 Apr 2026 17:42:33 +0300",website,tass.ru
Мурашко: в Дагестане оказывают помощь 110 беременным,"На поздних сроках беременности находятся 11 из них, сообщил министр здравоохранения России",https://tass.ru/obschestvo/27031975,"Tue, 07 Apr 2026 17:46:05 +0300",website,tass.ru
RTL: Нидерланды срочно закупают дополнительную систему ПВО Patriot у США,Cоответствующий договор с американской стороной подписал статс-секретарь Минобороны королевства Дерк Босвейк,https://tass.ru/mezhdunarodnaya-panorama/27031279,"Tue, 07 Apr 2026 17:46:51 +0300",website,tass.ru
Пострадавшим от атаки БПЛА во Владимирской области помогают жители и бизнес,"Никто не остался равнодушным к трагедии в Александровском округе, отметил губернатор Александр Авдеев",https://tass.ru/obschestvo/27031605,"Tue, 07 Apr 2026 17:47:02 +0300",website,tass.ru
"В МИФИ создали безопасный двигатель для спутников на ""сухой воде""","Первым спутником, который получит новую двигательную установку, станет создаваемый аппарат ""Сварог-1""",https://tass.ru/nauka/27031963,"Tue, 07 Apr 2026 17:47:02 +0300",website,tass.ru
Руководителя подразделения СКЖД осудили за злоупотребление полномочиями,Андрея Касимова приговорили к трем годам лишения свободы,https://tass.ru/proisshestviya/27031233,"Tue, 07 Apr 2026 17:48:02 +0300",website,tass.ru
Путин поручил Минфину оперативно реагировать для решения проблем в Дагестане,"В регионе продолжаются работы по устранению последствий ливней, которые привели к масштабным наводнениям ",https://tass.ru/ekonomika/27031927,"Tue, 07 Apr 2026 17:48:35 +0300",website,tass.ru
Историк Малышева: в странах СНГ обсуждаются единые маршруты патриотического туризма,"Руководитель Национального центра исторической памяти при президенте Российской Федерации отметила, что это очень правильный и закономерный подход, когда ощущаются единые ключевые точки исторической памяти народов содружества",https://tass.ru/obschestvo/27032013,"Tue, 07 Apr 2026 17:48:38 +0300",website,tass.ru
Путин поручил организовать отправку пострадавших от паводков детей в лагеря,"Глава Дагестана Сергей Меликов рассказал, что министерство просвещения выделило путевки в детские центры ""Орленок"" и ""Артек"" для 75 детей",https://tass.ru/obschestvo/27032067,"Tue, 07 Apr 2026 17:49:03 +0300",website,tass.ru
В Забайкалье назвали бессмысленностью действия Латвии по блокировке сайтов РФ,"Губернатор Забайкальского края Александр Осипов отметил, что переживает за латвийцев, чьи права и свобода попираются уже не одно десятилетие",https://tass.ru/politika/27031391,"Tue, 07 Apr 2026 17:50:55 +0300",website,tass.ru
Press TV: мост в Мияне вышел из строя из-за атаки США и Израиля,Информации о пострадавших не поступало,https://tass.ru/mezhdunarodnaya-panorama/27031919,"Tue, 07 Apr 2026 17:50:58 +0300",website,tass.ru
Напавший на учителя в Прикамье не пропускал тренировки по боксу,"Тренер рассказал, что молодой человек занимался на протяжении двух лет и несколько раз участвовал в соревнованиях среди любителей",https://tass.ru/proisshestviya/27031353,"Tue, 07 Apr 2026 17:52:26 +0300",website,tass.ru
Bloomberg: США рассматривают контроль над иранской нефтью как давление на КНР,"Вашингтонская администрация обсуждает ослабление позиций Китая в результате американских операций в Венесуэле и на Ближнем Востоке, пишет агентство ",https://tass.ru/mezhdunarodnaya-panorama/27032117,"Tue, 07 Apr 2026 17:52:44 +0300",website,tass.ru
"Экс-глава ГУ МЧС Самарской области не считает взяткой полученные 21,9 млн рублей","По данным следствия, Олег Бойко получал взятки за покровительство при выполнении работ в сфере организации пожарной безопасности группе компаний ""Витязь""",https://tass.ru/proisshestviya/27032033,"Tue, 07 Apr 2026 17:53:34 +0300",website,tass.ru
В Ингушетии около 1 тыс. человек примут участие в экологической акции,Мероприятие пройдет 18 апреля в городе Магас,https://tass.ru/obschestvo/27031595,"Tue, 07 Apr 2026 17:55:04 +0300",website,tass.ru
В Ингушетии планируют построить завод по производству септиков,"Идет подписание документов, инвестор прошел конкурс, сообщил министр природных ресурсов и экологии Республики Микаил Мизиев",https://tass.ru/ekonomika/27031383,"Tue, 07 Apr 2026 17:55:50 +0300",website,tass.ru
"На Северном Кавказе стартует проект ""Ломоносовский обоз. Сила в смысле""",Проект охватит все республики региона,https://tass.ru/obschestvo/27032127,"Tue, 07 Apr 2026 17:56:54 +0300",website,tass.ru
Абхазия отправила в Дагестан 80 тонн бутилированной воды,Груз сопровождает министр по чрезвычайным ситуациям Абхазии Лев Квициния,https://tass.ru/obschestvo/27032145,"Tue, 07 Apr 2026 17:58:24 +0300",website,tass.ru
В Дмитрове строительная готовность Рогачевского моста превысила 50%,В рамках реконструкции предусмотрено строительство нового мостового перехода и демонтаж старого сооружения,https://tass.ru/obschestvo/27032153,"Tue, 07 Apr 2026 17:58:41 +0300",website,tass.ru
Якушев призвал оперативно оценить ущерб жилью после наводнения в Дагестане,"Секретарь генсовета ""Единой России"" отметил, что для проведения этой работы необходимо создать группы из представителей местной администрации с привлечением специалистов регионального Минстроя",https://tass.ru/ekonomika/27031273,"Tue, 07 Apr 2026 17:59:08 +0300",website,tass.ru
Попова: условия в ПВР в Дагестане соответствуют нормам,"В частности, в пунктах предусмотрено трехразовое питание и постельные принадлежности, отметила глава Роспотребнадзора",https://tass.ru/obschestvo/27032147,"Tue, 07 Apr 2026 18:00:25 +0300",website,tass.ru
В Уфе оштрафовали восемь человек за перекрытие проспекта из-за предложения девушке,"Помимо нарушения правил остановки или стоянки, некоторые участники также привлечены за управление транспортным средством, не зарегистрированным в установленном порядке",https://tass.ru/proisshestviya/27032169,"Tue, 07 Apr 2026 18:01:17 +0300",website,tass.ru
В ЮФУ количество бюджетных мест увеличится на 8%,"В 2026 году их число достигнет 6,5 тыс.",https://tass.ru/obschestvo/27031143,"Tue, 07 Apr 2026 18:02:46 +0300",website,tass.ru
Ущерб АПК Дагестана от паводков оценили примерно в 640 млн рублей,"Министр сельского хозяйства Оксана Лут отметила, что в том числе пострадали сельхозугодия и виноградники",https://tass.ru/ekonomika/27032189,"Tue, 07 Apr 2026 18:04:05 +0300",website,tass.ru
Путин поручил индивидуально подходить к решению проблем каждой семьи в Дагестане,"Президент РФ подчеркнул, что понимает возникающие в таких обстоятельствах проблемы, когда что-то оказывается недооформлено или неправильно оформлено",https://tass.ru/obschestvo/27032253,"Tue, 07 Apr 2026 18:05:00 +0300",website,tass.ru
"Суд арестовал мужчину, пытавшегося унести девушку как герой ""Кавказской пленницы""",Ему назначено 15 суток,https://tass.ru/proisshestviya/27032277,"Tue, 07 Apr 2026 18:05:54 +0300",website,tass.ru
Роспотребнадзор контролирует вакцинацию в Дагестане,"Глава ведомства Анна Попова рассказала, что правительством дано поручение по выпуску из резерва дополнительных объемов вакцин и бактериофагов",https://tass.ru/obschestvo/27032271,"Tue, 07 Apr 2026 18:06:47 +0300",website,tass.ru
Национальный центр исторической памяти будет сотрудничать с музеями Белоруссии,Церемония подписания соглашений прошла в Белорусском государственном музее истории Великой Отечественной войны,https://tass.ru/obschestvo/27032309,"Tue, 07 Apr 2026 18:08:23 +0300",website,tass.ru
Экс-начальника иммиграционного контроля МВД по КЧР осудили за взятки,Суд назначил ему наказание в виде штрафа в 3 млн рублей,https://tass.ru/proisshestviya/27032199,"Tue, 07 Apr 2026 18:08:46 +0300",website,tass.ru
В Петербурге осудили экс-помощника главы МЧС по делу о хищении,Станислава Орлова приговорили к шести годам в ИК общего режима,https://tass.ru/proisshestviya/27032289,"Tue, 07 Apr 2026 18:10:18 +0300",website,tass.ru
"Трамп назвал Такера Карлсона ""человеком с низким IQ""","Президент США заявил, что избегает общения с журналистом",https://tass.ru/obschestvo/27032317,"Tue, 07 Apr 2026 18:11:02 +0300",website,tass.ru
"Овечкин пропустил тренировку после разгромного поражения от ""Рейнджерс""","Капитану ""Вашингтона"" предоставили день отдыха",https://tass.ru/sport/27032359,"Tue, 07 Apr 2026 18:12:18 +0300",website,tass.ru
Минтранс определил план восстановительных работ в Дагестане,"Министерство в том числе организовало комплекс мер по вывозу пассажиров железнодорожных станций Махачкала, Хасавюрт и Дербент",https://tass.ru/ekonomika/27032343,"Tue, 07 Apr 2026 18:12:31 +0300",website,tass.ru
В Марий Эл оперативные службы привели в повышенную готовность из-за паводка,"В связи с обильными снегопадами, прошедшими зимой, паводок превысил средние многолетние значения",https://tass.ru/obschestvo/27032339,"Tue, 07 Apr 2026 18:13:02 +0300",website,tass.ru
В Махачкале восстановили энергоснабжение более 30 тыс. человек,"Завершены восстановительные работы на подстанции ""Приморская""",https://tass.ru/obschestvo/27032325,"Tue, 07 Apr 2026 18:13:13 +0300",website,tass.ru
СК завел дело о теракте после атаки на школу в Запорожской области,"Пострадали семь человек, в том числе четыре ребенка",https://tass.ru/proisshestviya/27032385,"Tue, 07 Apr 2026 18:14:10 +0300",website,tass.ru
Под видом участников благотворительных концертов с Украины сбежали 28 уклонистов,"Была задержана женщина, которая за $7,5 тыс. предлагала мужчинам призывного возраста оформление в качестве музыкантов, сообщил генпрокурор страны Руслан Кравченко",https://tass.ru/proisshestviya/27032375,"Tue, 07 Apr 2026 18:15:56 +0300",website,tass.ru
Конкурсы по космическим профилям для учащихся РФ завершатся космической сменой в июле,"В рамках федерального проекта ""Кадры для космоса"" ФСИ определил 19 операторов реализации комплекса технологических и образовательных мероприятий по вовлечению школьников в аэрокосмическую тематику",https://tass.ru/obschestvo/27032399,"Tue, 07 Apr 2026 18:18:27 +0300",website,tass.ru
"Сын Трампа назвал ситуацию в ЕС ""катастрофой, требующей исправления""","Ситуация в Евросоюзе ""повлияет на западные ценности и западную цивилизацию"", заявил Дональд Трамп - младший ",https://tass.ru/mezhdunarodnaya-panorama/27032401,"Tue, 07 Apr 2026 18:19:02 +0300",website,tass.ru
Генерал СБУ в отставке: похищающих людей сотрудников ТЦК привлекут к ответу,"Василий Вовк также заявил, что и представители полиции, которые наблюдают за насилием, тоже становятся соучастниками противозаконного действия",https://tass.ru/mezhdunarodnaya-panorama/27032419,"Tue, 07 Apr 2026 18:21:38 +0300",website,tass.ru
ТАСС: ВСУ не забирают тела двух погибших наемников из Бразилии,"Пауло Рикардо Барбоса да Силва и Бруно Феррейра Соуза были уничтожены российскими войсками на купянском направлении, сообщили в российских силовых структурах",https://tass.ru/mezhdunarodnaya-panorama/27032481,"Tue, 07 Apr 2026 18:23:13 +0300",website,tass.ru
ТАСС: Украина строит мосты в Молдавию для доставки военных грузов,"Киев выделит €14,3 млн на восстановление моста в Маяках в Одесской область и создание в этом районе дополнительных путей, а также строительство автомобильного моста Ямполь - Косеуц, рассказали в российских силовых структурах ",https://tass.ru/mezhdunarodnaya-panorama/27032435,"Tue, 07 Apr 2026 18:23:34 +0300",website,tass.ru
Армия Израиля заявила о новом обстреле из Ирана,"Оборонные системы работают над перехватом угроз, сообщили в ЦАХАЛ",https://tass.ru/mezhdunarodnaya-panorama/27032509,"Tue, 07 Apr 2026 18:24:16 +0300",website,tass.ru
ТАСС: глава Генштаба ВСУ не знает реальной ситуации на линии фронта,"Андрей Гнатов перестал выполнять свои непосредственные обязанности и постоянно находится за границей, сообщили в российских силовых структурах",https://tass.ru/politika/27032445,"Tue, 07 Apr 2026 18:25:21 +0300",website,tass.ru
"ТАСС: ВСУ вербуют людей, приглашая их на подставные собеседования","Украинцев приглашают якобы на должности видеооператов, SMM-специалистов, а также бас-гитаристов, рассказали в российских силовых структурах",https://tass.ru/mezhdunarodnaya-panorama/27032501,"Tue, 07 Apr 2026 18:25:58 +0300",website,tass.ru
В Израиле объявили воздушную тревогу,Сирены прозвучали в районе Тель-Авива,https://tass.ru/mezhdunarodnaya-panorama/27032531,"Tue, 07 Apr 2026 18:26:50 +0300",website,tass.ru
"V Международный фестиваль ""Анимур"" открывает прием заявок",Конкурс пройдет в Хабаровске с 1 по 4 октября,https://tass.ru/obschestvo/27029881,"Tue, 07 Apr 2026 18:27:41 +0300",website,tass.ru
"ТАСС: каратели из ВСУ убили отказников из полка ""Берлинго"" в Сумской области","Родственники солдат 210-го ОШП продолжают публиковать объявления о поиске пропавших без вести у села Сопычь, сообщили в российских силовых структурах",https://tass.ru/politika/27032453,"Tue, 07 Apr 2026 18:28:48 +0300",website,tass.ru
ТАСС: на Украине за сутки зафиксированы два случая нападения на сотрудников ТЦК,"Кроме того, жительницу Днепропетровска приговорили к пяти годам тюрьмы за информирование о перемещении работников военкоматов, рассказали в российских силовых структурах",https://tass.ru/obschestvo/27032463,"Tue, 07 Apr 2026 18:30:48 +0300",website,tass.ru
Трутнев поручил создать меры поддержки бизнеса на Колыме,"Это поможет стимулировать компании набирать на работу больше жителей Магаданской области, отметил полномочный представитель президента в ДФО",https://tass.ru/ekonomika/27032353,"Tue, 07 Apr 2026 18:30:51 +0300",website,tass.ru
В США рассказали о цели визита Трампа в КНР,"Поездка американского лидера в Китай в мае будет нацелена на поддержание  стабильных торгово-экономических отношений между странами, заявил представитель США на торговых переговорах Джеймисон Грир",https://tass.ru/ekonomika/27032545,"Tue, 07 Apr 2026 18:30:53 +0300",website,tass.ru
"ЦБ повысил курс доллара на 8 апреля до 78,75 рубля","Официальный курс евро увеличен до 91,03 рубля",https://tass.ru/ekonomika/27032571,"Tue, 07 Apr 2026 18:32:02 +0300",website,tass.ru
Tehran Times: Иран продолжает переговоры с США по урегулированию кризиса,Подробности издание не приводит,https://tass.ru/mezhdunarodnaya-panorama/27032577,"Tue, 07 Apr 2026 18:32:59 +0300",website,tass.ru
Mehr: нефтяные объекты на острове Харк работают штатно,"По данным агентства, критическая инфраструктура острова, а также транспортная сеть и причалы функционируют без сбоев",https://tass.ru/mezhdunarodnaya-panorama/27032563,"Tue, 07 Apr 2026 18:33:56 +0300",website,tass.ru
В Калининградской области паромная переправа к Балтийской косе приостановила работу,Жители косы оказались временно отрезаны от сообщения с материком из-за сильного ветра,https://tass.ru/obschestvo/27032585,"Tue, 07 Apr 2026 18:36:16 +0300",website,tass.ru
Число жертв израильских ударов по Ливану с 2 марта выросло до 1 530,"Еще 173 получили ранения, сообщили в Минздраве республики ",https://tass.ru/mezhdunarodnaya-panorama/27032601,"Tue, 07 Apr 2026 18:37:20 +0300",website,tass.ru
Трутнев поручил Минтрансу подготовить доклад о транспортной доступности Колымы,"Полномочный представитель президента в ДФО отметил, что для работы в отрасли надо отдавать приоритет местным кадрам",https://tass.ru/ekonomika/27030221,"Tue, 07 Apr 2026 18:38:26 +0300",website,tass.ru
У погибшего при обстреле школы на Запорожье замглавы округа остались двое детей,"Семьям погибшего и пострадавшим будет оказана вся возможная помощь, отметил депутат Заксобрания региона, курирующий Каменско-Днепровский муниципальный округ, Степан Кувачев",https://tass.ru/proisshestviya/27032617,"Tue, 07 Apr 2026 18:40:05 +0300",website,tass.ru
Житель херсонского села Каиры пострадал при атаке украинского БПЛА,C начала суток украинские войска нанесли по территории округа 27 артиллерийских ударов и 19 атак БПЛА,https://tass.ru/proisshestviya/27032671,"Tue, 07 Apr 2026 18:41:36 +0300",website,tass.ru
WSJ: Иран прервал прямые контакты с США после угроз Трамп уничтожить страну,"Один из источников издания утверждает, что Тегеран намеренно пошел на этот шаг, чтобы продемонстрировать неодобрение и несогласие с позицией Вашингтона",https://tass.ru/mezhdunarodnaya-panorama/27032643,"Tue, 07 Apr 2026 18:42:04 +0300",website,tass.ru
WSJ: Иран прервал прямые контакты с США после угроз Трампа уничтожить страну,"Один из источников издания утверждает, что Тегеран намеренно пошел на этот шаг, чтобы продемонстрировать неодобрение и несогласие с позицией Вашингтона",https://tass.ru/mezhdunarodnaya-panorama/27032643,"Tue, 07 Apr 2026 18:42:04 +0300",website,tass.ru
В Нижегородской области подтопило территорию двух детских лагерей и пансионата,Также подтоплен музей самолетов и автогородок,https://tass.ru/proisshestviya/27032657,"Tue, 07 Apr 2026 18:44:23 +0300",website,tass.ru
В Кирове ветераны СВО впервые примут участие в шествии в День Победы,"В Кировской области традиционно пройдет акция ""Георгиевская лента"" и шествие ""Бессмертный полк""",https://tass.ru/obschestvo/27032661,"Tue, 07 Apr 2026 18:49:06 +0300",website,tass.ru
Имущество экс-замглавы Минтранса Семенова требуют обратить в доход РФ,"Он совместно с экс-руководителями ФГУП ""ЗащитаИнфоТранс"" Вячеславом Смирновым, Юрием Спасским и Виктором Парахиным организовали коррупционную схему освоения бюджетных средств",https://tass.ru/proisshestviya/27032711,"Tue, 07 Apr 2026 18:51:35 +0300",website,tass.ru
Новая волна непогоды в Дагестане и ликвидация последствий паводков. Совещание у Путина,"Президент подчеркнул, что сотрудники МЧС и других ведомств действуют скоординированно",https://tass.ru/obschestvo/27032515,"Tue, 07 Apr 2026 18:51:57 +0300",website,tass.ru
Бывший начальник ГУВМ МВД России Казакова стала замглавы ФССП России,,https://tass.ru/obschestvo/27032597,"Tue, 07 Apr 2026 18:53:02 +0300",website,tass.ru
В ДНР в мае пройдет гастрономический фестиваль с крупными рестораторами,Мероприятие соберет до 5 тыс. участников на своих площадках,https://tass.ru/obschestvo/27032745,"Tue, 07 Apr 2026 18:54:28 +0300",website,tass.ru
Экс-разведчик Кент: США разрушат статус сверхдержавы попыткой уничтожить Иран,"Еще есть время предотвратить катастрофу, если у американского президента Дональда Трампа ""хватит смелости заниматься серьезными переговорами, а не разрушением и демонстрацией безрассудной ярости"", заявил бывший директор Национального контртеррористического центра Соединенных Штатов ",https://tass.ru/mezhdunarodnaya-panorama/27032757,"Tue, 07 Apr 2026 18:54:37 +0300",website,tass.ru
СБ ООН не принял резолюцию Бахрейна по Ормузскому проливу,Россия и Китай проголосовали против,https://tass.ru/mezhdunarodnaya-panorama/27032777,"Tue, 07 Apr 2026 18:55:28 +0300",website,tass.ru
На Урале обсудят меры социальной поддержки ветеранов СВО и их семей,"На форуме также рассмотрят вопросы комплексной реабилитации людей с инвалидностью и практики социализации несовершеннолетних, склонных к совершению противоправных деяний",https://tass.ru/obschestvo/27032733,"Tue, 07 Apr 2026 18:56:17 +0300",website,tass.ru
Первый зампред Народного совета: провозглашение ДНР стало шагом к воссоединению с РФ,"Сергей Прокопенко подчеркнул, что одной из причин провозглашения ДНР как отдельной республики стало нежелание Киева учитывать мнение жителей Донбасса",https://tass.ru/obschestvo/27032727,"Tue, 07 Apr 2026 18:58:01 +0300",website,tass.ru
Ватерполист Федотов отметил важность победы россиян в первом матче на Кубке мира,Сборная России переиграла команду Бразилии в своем первом матче под эгидой World Aquatics после допуска до соревнований,https://tass.ru/sport/27032791,"Tue, 07 Apr 2026 18:58:04 +0300",website,tass.ru
"Коростелев рассказал, что компьютерные игры помогают ему отвлечься",В этом сезоне лыжник принимал участие в этапах Кубка мира и Олимпийских играх,https://tass.ru/sport/27032813,"Tue, 07 Apr 2026 18:58:52 +0300",website,tass.ru
В Ростове-на-Дону открыли пункты сбора помощи для жителей Дагестана,Передать гумпомощь можно в течение двух дней c 9:00 до 18:00 мск,https://tass.ru/obschestvo/27032793,"Tue, 07 Apr 2026 18:59:58 +0300",website,tass.ru
Посол РФ в Минске: у ОДКБ нет характера ориентированного на противостояние блока,"По словам Бориса Грызлова, в этом подход Организации Договора о коллективной безопасности принципиально отличается от Североатлантического альянса, который своими действиями лишь обостряет обстановку в регионах присутствия",https://tass.ru/politika/27032719,"Tue, 07 Apr 2026 19:00:31 +0300",website,tass.ru
Al Jazeera: в Ираке из-за ракетного удара погибли пять человек,"По данным агентства Reuters, еще пятеро получили ранения ",https://tass.ru/mezhdunarodnaya-panorama/27032833,"Tue, 07 Apr 2026 19:01:16 +0300",website,tass.ru
Al Jazeera: в Ираке из-за ракетного удара погибли пять человека,"По данным агентства Reuters, еще пятеро получили ранения ",https://tass.ru/mezhdunarodnaya-panorama/27032833,"Tue, 07 Apr 2026 19:01:16 +0300",website,tass.ru
Shafaq News: похищенную в Ираке американскую журналистку освободили,"Об освобождении объявила шиитская группировка ""Катаиб Хезболлах"" ",https://tass.ru/mezhdunarodnaya-panorama/27032889,"Tue, 07 Apr 2026 19:02:27 +0300",website,tass.ru
Трамп вновь заявил о поддержке Орбана в преддверии выборов в Венгрии,"Президент США назвал себя ""крупным поклонником"" венгерского премьера",https://tass.ru/mezhdunarodnaya-panorama/27032901,"Tue, 07 Apr 2026 19:02:47 +0300",website,tass.ru
Fox: Трамп не рассчитывает на достижение сделки с Ираном,"Американский лидер ""не захотел ставить на это"", рассказал ведущий телеканала Брет Байер",https://tass.ru/mezhdunarodnaya-panorama/27032849,"Tue, 07 Apr 2026 19:03:12 +0300",website,tass.ru
В Дагестане поручили очистить реку Черкес-Озень для предотвращения подтоплений,"Причиной стали повторные выходы реки из берегов, которые привели к подтоплению территорий, включая подстанцию ""Приморская""",https://tass.ru/obschestvo/27032863,"Tue, 07 Apr 2026 19:03:51 +0300",website,tass.ru
"Минэнерго США ожидает роста добычи нефти в стране в 2027 году до 13,95 млн б/с","Прогноз по добыче нефти в 2026 году понижен до 13,51 млн б/с",https://tass.ru/ekonomika/27032909,"Tue, 07 Apr 2026 19:04:58 +0300",website,tass.ru
Минэнерго США повысило прогноз по цене барреля нефти Brent в 2026 году до $96,"По прогнозу ведомства, в 2027 году цена Brent составит в среднем $76,09 за баррель",https://tass.ru/ekonomika/27032917,"Tue, 07 Apr 2026 19:05:01 +0300",website,tass.ru
Ответчик по иску прокуратуры освободил берег Старооскольского водохранилища,"Горшеченский районный суд ранее вынес первое решение по иску прокуратуры о самозахвате береговой полосы у водохранилища, обязав бывшего спикера Курской облдумы Юрия Амерева убрать забор, который препятствует проходу к береговой линии",https://tass.ru/obschestvo/27032895,"Tue, 07 Apr 2026 19:05:47 +0300",website,tass.ru
Белый дом резко отреагировал на пост о якобы планах США применить ЯО в Иране,"Портал Headquarters ранее опубликовал отрывок видеозаписи, где вице-президент Соединенных Штатов Джей Ди Вэнс говорит, что у Вашингтона в арсенале есть инструменты, которые пока не задействовали",https://tass.ru/mezhdunarodnaya-panorama/27032823,"Tue, 07 Apr 2026 19:07:50 +0300",website,tass.ru
Обвиняемый во взятке экс-глава ГУ МЧС Самары ранее признавал вину в надежде уйти на СВО,В ходе суда Олег Бойко отказался признавать вину в получении взяток,https://tass.ru/proisshestviya/27032933,"Tue, 07 Apr 2026 19:07:58 +0300",website,tass.ru
"Минэнерго США оценивает снижение добычи нефти на Ближнем Востоке в 7,5 млн б/с","Показатель может вырасти в апреле до 9,1 млн б/с, следует из отчета ведомства ",https://tass.ru/ekonomika/27032947,"Tue, 07 Apr 2026 19:10:32 +0300",website,tass.ru
ООН: реализация Трампом угроз Ирану равносильна самому тяжкому преступлению,Верховный комиссар организации по правам человека Фолькер Тюрк призвал немедленно прекратить резкие и подстрекательские высказывания,https://tass.ru/mezhdunarodnaya-panorama/27032977,"Tue, 07 Apr 2026 19:12:58 +0300",website,tass.ru
CCTV: КНР успешно запустила группу интернет-спутников,"Они будут использоваться для обеспечения услуг коммерческого интернета, сообщило Центральное телевидение Китая ",https://tass.ru/kosmos/27032805,"Tue, 07 Apr 2026 19:14:01 +0300",website,tass.ru
"Раскрыто сверхдревнее происхождение запасов льда в ""темных"" кратерах Луны","Они накапливались в этих выемках на протяжении как минимум 1,5 млрд лет, заявили израильские и американские ученые ",https://tass.ru/nauka/27032967,"Tue, 07 Apr 2026 19:17:00 +0300",website,tass.ru
В Татарстане паводком подтопило 31 приусадебный участок,Никто не пострадал,https://tass.ru/proisshestviya/27032943,"Tue, 07 Apr 2026 19:17:16 +0300",website,tass.ru
Лут: цены на основные продукты питания в Дагестане стабильные,"Дефицитов также нет, отметила министр сельского хозяйства РФ ",https://tass.ru/ekonomika/27032243,"Tue, 07 Apr 2026 19:20:49 +0300",website,tass.ru
Недовольство Мерцем опрошенных немцев достигло рекордного уровня в 78%,"С июня рейтинг канцлера Германии упал более чем вдвое, свидетельствуют результаты опроса общественного мнения, проведенного социологической службой Forsa",https://tass.ru/mezhdunarodnaya-panorama/27033029,"Tue, 07 Apr 2026 19:22:20 +0300",website,tass.ru
Недовольство Мерцем опрошенных немцев достигло рекордного уровня в 78%,,https://tass.ru/mezhdunarodnaya-panorama/27033029,"Tue, 07 Apr 2026 19:22:20 +0300",website,tass.ru
Figaro: во Франции подожгли обеспечивающие оружейные предприятия электроустановки,Около 3 тыс. домов оказались без электричества,https://tass.ru/proisshestviya/27032683,"Tue, 07 Apr 2026 19:22:50 +0300",website,tass.ru
Во Франции подожгли обеспечивающие оружейные предприятия страны электроустановки,,https://tass.ru/proisshestviya/27032683,"Tue, 07 Apr 2026 19:22:50 +0300",website,tass.ru
"Круглогодичная семейная академия ""Вместе"" начала работу в Мордовии",В академии будут помогать молодым родителям в вопросах воспитания детей на основе традиционных ценностей и сохранения преемственности,https://tass.ru/obschestvo/27032367,"Tue, 07 Apr 2026 19:24:47 +0300",website,tass.ru
Чимаев направил семь фур с гуманитарной помощью для пострадавших в Дагестане,"Общий объем помощи включает около 60 тонн муки, 41 тонну воды, 36 тонн макаронных изделий, 1,5 тонны подсолнечного масла, более 20 тонн других продуктов, а также свыше 10 тонн соков",https://tass.ru/obschestvo/27033039,"Tue, 07 Apr 2026 19:25:25 +0300",website,tass.ru
Рубио рассчитывает на новую информацию о возможности сделки США и Ирана,"Госсекретарь США отметил, что экономические последствия конфликта с республикой ""затрагивают весь мир""",https://tass.ru/mezhdunarodnaya-panorama/27033125,"Tue, 07 Apr 2026 19:28:21 +0300",website,tass.ru
Рубио рассчитывает на новую информацию о возможности сделки США и Ирана,,https://tass.ru/mezhdunarodnaya-panorama/27033125,"Tue, 07 Apr 2026 19:28:21 +0300",website,tass.ru
Опыт Волгоградской области по поддержке бизнеса переняли 29 регионов,"Сегодня представители разных частей РФ обсуждают, как, опираясь на лучшие практики и новые подходы, сделать инвестиционный климат более комфортным, привлекательным и эффективным, считает заместитель губернатора региона Анна Писемская",https://tass.ru/ekonomika/27033069,"Tue, 07 Apr 2026 19:28:56 +0300",website,tass.ru
Диспансеризация жилья: как решается судьба возрастных и аварийных домов в России,"Более половины всех жилых зданий в России были построены во второй половине прошлого века. За эти десятилетия многие из них исчерпали срок своей службы. По оценке фонда ""Институт экономики города"", в аварийном состоянии находятся примерно 3,8% многоквартирных домов — около 58 тыс. из более чем 1,5 млн по всей стране. Не первый год идет снос такого жилья и расселение жильцов. Что происходит с жилым фондом России и какие усилия предпринимаются для улучшения условий жизни людей — в материале ТАСС",https://tass.ru/ekonomika/27032011,"Tue, 07 Apr 2026 19:30:00 +0300",website,tass.ru
В Крыму увеличили субсидии на один проект инициативного бюджетирования,"Размер субсидии повысили до 1,8 млн рублей",https://tass.ru/obschestvo/27032985,"Tue, 07 Apr 2026 19:32:43 +0300",website,tass.ru
В Max стала доступна лента рекомендаций каналов,"Найти папку ""Каналы"" можно в правой верхней части экрана в разделе ""Чаты"", сообщила платформа ",https://tass.ru/ekonomika/27033157,"Tue, 07 Apr 2026 19:33:16 +0300",website,tass.ru
Открыли дверь. Российские ватерполисты выиграли первый матч после допуска,Сборная России победила команду Бразилии со счетом 10:7,https://tass.ru/sport/27033111,"Tue, 07 Apr 2026 19:33:50 +0300",website,tass.ru
В Дербентском районе Дагестана для информирования пострадавших создали кол-центр,"Номера телефонов кол-центра: +7 (988) 264-29-38, +7 (988) 264-56-38, +7 (988) 264-99-68, +7 (988) 264-82-58, +7 (988) 264-58-37",https://tass.ru/obschestvo/27033167,"Tue, 07 Apr 2026 19:34:21 +0300",website,tass.ru
"Tasnim: иранцы образуют живые цепи у объектов, по которым могут ударить США","Помимо этого, в Тегеране состоялся автопробег в поддержку вооруженных сил, сообщило агентство ",https://tass.ru/mezhdunarodnaya-panorama/27033117,"Tue, 07 Apr 2026 19:34:49 +0300",website,tass.ru
В Саратове в музее им. Радищева прозвучали произведения Гайдна и Рахманинова,"В музее состоялся концерт фортепианной музыки ""Мир классики: диалог поколений""",https://tass.ru/v-strane/27002737,"Tue, 07 Apr 2026 19:40:07 +0300",website,tass.ru
Президент Литвы назвал пугающими рассуждения о выходе США из НАТО,"Гитанас Науседа считает, что необходимо сделать все для того, чтобы альянс сохранялся в своем нынешнем статусе",https://tass.ru/mezhdunarodnaya-panorama/27033093,"Tue, 07 Apr 2026 19:40:25 +0300",website,tass.ru
Замглавы Анапы назначили запрет определенных действий,Наталью Рябоконь обвиняют в превышении должностных полномочий,https://tass.ru/proisshestviya/27033203,"Tue, 07 Apr 2026 19:44:22 +0300",website,tass.ru
Имущество замгубернатора Кубани Коробки обратили в доход РФ,Ленинский районный суд Краснодара удовлетворил антикоррупционный иск Генпрокуратуры,https://tass.ru/proisshestviya/27033207,"Tue, 07 Apr 2026 19:45:02 +0300",website,tass.ru
Небензя назвал недопустимым игнорирование первопричины кризиса на Ближнем Востоке,,https://tass.ru/politika/27033235,"Tue, 07 Apr 2026 19:45:25 +0300",website,tass.ru
Небензя: РФ продолжает усилия для восстановления мира в зоне Персидского залива,,https://tass.ru/politika/27033225,"Tue, 07 Apr 2026 19:45:29 +0300",website,tass.ru
"Орбан: США и Венгрия сталкиваются с общей проблемой под названием ""Брюссель""","Сторонники так называемой прогрессивной идеологии проиграли битву в США и сконцентрировались теперь в Евросоюзе, отметил венгерский премьер",https://tass.ru/mezhdunarodnaya-panorama/27033083,"Tue, 07 Apr 2026 19:46:53 +0300",website,tass.ru
"Бойцы Харьковской ВГА сбили дрон, перевозивший наркотики для украинской армии",БПЛА по ошибке залетел на подконтрольную РФ часть региона,https://tass.ru/armiya-i-opk/27033103,"Tue, 07 Apr 2026 19:47:35 +0300",website,tass.ru
В Дагестане направили 100 млн рублей на выплаты пострадавшим от стихии,,https://tass.ru/obschestvo/27033251,"Tue, 07 Apr 2026 19:48:24 +0300",website,tass.ru
Замглавы Минобороны РФ провел встречу с представителем Гвинеи,"В российском ведомстве отметили, что стороны обсудили актуальные вопросы сотрудничества в военной и военно-технической сферах",https://tass.ru/armiya-i-opk/27033259,"Tue, 07 Apr 2026 19:49:39 +0300",website,tass.ru
Небензя: РФ не могла поддержать предложенный Бахрейном проект резолюции СБ ООН,,https://tass.ru/politika/27033267,"Tue, 07 Apr 2026 19:50:18 +0300",website,tass.ru
Вице-губернатора Кубани освободили от должности в связи с утратой доверия,,https://tass.ru/proisshestviya/27033281,"Tue, 07 Apr 2026 19:51:14 +0300",website,tass.ru
Небензя назвал арабские страны жертвами трагедии в регионе,,https://tass.ru/politika/27033301,"Tue, 07 Apr 2026 19:54:16 +0300",website,tass.ru
Небензя: на территории Ирана гибнет огромное количество мирных жителей,,https://tass.ru/politika/27033305,"Tue, 07 Apr 2026 19:54:44 +0300",website,tass.ru
"ЦСКА вышел в финал ""пути регионов"" Кубка России благодаря хет-трику Лусиано","Во втором этапе полуфинала армейцы разгромили ""Крылья Советов""",https://tass.ru/sport/27033325,"Tue, 07 Apr 2026 19:56:03 +0300",website,tass.ru
Небензя: РФ и КНР призывали воздержаться от продвижения проекта резолюции СБ ООН,,https://tass.ru/politika/27033347,"Tue, 07 Apr 2026 19:58:45 +0300",website,tass.ru
Выплаты родственникам погибших в Дагестане составят по 3 млн рублей,Прорывы произошли на дамбе Геджухского водохранилища в Дербентском районе из-за переполнения после обильных осадков,https://tass.ru/obschestvo/27033193,"Tue, 07 Apr 2026 19:59:21 +0300",website,tass.ru
Небензя: РФ и КНР предлагают альтернативный проект резолюции по Ближнему Востоку,,https://tass.ru/politika/27033355,"Tue, 07 Apr 2026 19:59:23 +0300",website,tass.ru
Вэнс: Орбан бьется за энергобезопасность в отличие от большинства лидеров Европы,,https://tass.ru/ekonomika/27033339,"Tue, 07 Apr 2026 19:59:25 +0300",website,tass.ru
Эрдоган заявил о необходимости возобновить переговоры по урегулированию на Украине,,https://tass.ru/mezhdunarodnaya-panorama/27033361,"Tue, 07 Apr 2026 20:00:04 +0300",website,tass.ru
"Постпред КНР: США и Израиль ударили по Ирану, нарушив принципы Устава ООН",,https://tass.ru/mezhdunarodnaya-panorama/27033377,"Tue, 07 Apr 2026 20:01:38 +0300",website,tass.ru
В Ивановской области после ДТП с пассажирским автобусом завели дело,"Пострадали две женщины, им оказана медицинская помощь",https://tass.ru/proisshestviya/27033247,"Tue, 07 Apr 2026 20:03:20 +0300",website,tass.ru
Над регионами России сбили 15 украинских БПЛА,Работали силы ПВО,https://tass.ru/armiya-i-opk/27033395,"Tue, 07 Apr 2026 20:04:00 +0300",website,tass.ru
КНР в СБ ООН подвергла критике решение поспешить с голосованием по резолюции Бахрейна,,https://tass.ru/mezhdunarodnaya-panorama/27033413,"Tue, 07 Apr 2026 20:06:49 +0300",website,tass.ru
Атака ВСУ на село Великая Знаменка на Запорожье продолжалась более пяти часов,"В регионе отметили, что украинские войска целенаправленно били по спасателям, скорой и мирным жителям, которые пытались помочь детям в атакованной запорожской школе",https://tass.ru/proisshestviya/27033441,"Tue, 07 Apr 2026 20:07:44 +0300",website,tass.ru
Постпред КНР назвал причиной проблем в Ормузском проливе действия США и Израиля,"Пекин призывает Вашингтон и Тель-Авив немедленно прекратить незаконные военные действия, заявил Фу Цун",https://tass.ru/ekonomika/27033405,"Tue, 07 Apr 2026 20:07:55 +0300",website,tass.ru
Постпред Китая при ООН: резолюция РФ и КНР отстаивает свободу судоходства,,https://tass.ru/mezhdunarodnaya-panorama/27033449,"Tue, 07 Apr 2026 20:08:52 +0300",website,tass.ru
Эрдоган: Турция не одобряет цели полного разрушения Ирана,"Но Анкара и не поддерживает ответную позицию Тегерана касательно стран региона, заявил турецкий президент",https://tass.ru/mezhdunarodnaya-panorama/27033433,"Tue, 07 Apr 2026 20:09:12 +0300",website,tass.ru
Для дополнительной защиты. Что такое режим ЧС федерального характера,"Глава МЧС России Александр Куренков сообщил, что на фоне ситуации с паводками в Дагестане региональный режим ЧС скоро повысят до федерального уровня",https://tass.ru/info/27032613,"Tue, 07 Apr 2026 20:11:39 +0300",website,tass.ru
"Постпред Ирана: прискорбно, что Трамп на глазах у всего мира угрожает уничтожить страну",,https://tass.ru/mezhdunarodnaya-panorama/27033525,"Tue, 07 Apr 2026 20:18:35 +0300",website,tass.ru
Иран признателен РФ и КНР за голосование по резолюции по Ормузскому проливу,,https://tass.ru/mezhdunarodnaya-panorama/27033531,"Tue, 07 Apr 2026 20:18:49 +0300",website,tass.ru
Постпред Ирана при ООН: РФ и КНР встали на правильную сторону истории,,https://tass.ru/mezhdunarodnaya-panorama/27033545,"Tue, 07 Apr 2026 20:19:12 +0300",website,tass.ru
Постпред Ирана при ООН: РФ и КНР не позволили злоупотребить авторитетом СБ ООН,,https://tass.ru/mezhdunarodnaya-panorama/27033539,"Tue, 07 Apr 2026 20:19:30 +0300",website,tass.ru
"Постпред Ирана при ООН: удар по АЭС ""Бушер"" приведет к необратимым последствиям",,https://tass.ru/mezhdunarodnaya-panorama/27033591,"Tue, 07 Apr 2026 20:21:22 +0300",website,tass.ru
В Костромской области оформить гражданство теперь можно через МФЦ,Соответствующее распоряжение подписал губернатор региона Сергей Ситников,https://tass.ru/obschestvo/27033257,"Tue, 07 Apr 2026 20:22:16 +0300",website,tass.ru
"Рекордное количество граждан проголосовало на ""Госуслугах"" на премии ""Служение""",Россияне отдали 1 660 394 голоса,https://tass.ru/obschestvo/27033231,"Tue, 07 Apr 2026 20:24:28 +0300",website,tass.ru
В Калининградской области запустили паромную переправу к Балтийской косе,Сообщение останавливали из-за сильного ветра,https://tass.ru/obschestvo/27033287,"Tue, 07 Apr 2026 20:24:35 +0300",website,tass.ru
"Российский рынок акций закрылся в ""зеленой"" зоне","Курс юаня снизился до 11,39 рубля",https://tass.ru/ekonomika/27033597,"Tue, 07 Apr 2026 20:25:54 +0300",website,tass.ru
Постпред Ирана при ООН: Тегеран примет необходимые меры для защиты своего народа,,https://tass.ru/mezhdunarodnaya-panorama/27033651,"Tue, 07 Apr 2026 20:28:26 +0300",website,tass.ru
Постпред Ирана при ООН: республика отвергает идею временного прекращения огня,,https://tass.ru/mezhdunarodnaya-panorama/27033673,"Tue, 07 Apr 2026 20:29:42 +0300",website,tass.ru
Постпред Ирана: Тегеран возлагает на США ответственность за дальнейшие последствия,,https://tass.ru/mezhdunarodnaya-panorama/27033665,"Tue, 07 Apr 2026 20:30:07 +0300",website,tass.ru
Постпред Ирана при ООН: прекращение огня нужно США для перегруппировки,,https://tass.ru/mezhdunarodnaya-panorama/27033677,"Tue, 07 Apr 2026 20:31:52 +0300",website,tass.ru
В Чувашии подтопило около 60 придомовых территорий,"Также подтоплена часть территории детского лагеря ""Звездный""",https://tass.ru/proisshestviya/27033573,"Tue, 07 Apr 2026 20:33:27 +0300",website,tass.ru
Россельхознадзор: РФ с начала года увеличила экспорт пшеницы на 63%,"Показатель составил 11,2 млн тонн, сообщило ведомство",https://tass.ru/ekonomika/27033681,"Tue, 07 Apr 2026 20:33:58 +0300",website,tass.ru
В Белгородской области при атаках ВСУ пострадали пять человек,,https://tass.ru/proisshestviya/27033691,"Tue, 07 Apr 2026 20:35:03 +0300",website,tass.ru
"Почти 14,5 тыс. га земли бывшего вице-губернатора Кубани обращены в доход РФ",,https://tass.ru/proisshestviya/27033687,"Tue, 07 Apr 2026 20:35:49 +0300",website,tass.ru
ВСУ ударили по спортивно-оздоровительному комплексу ЗАЭС,Никто не пострадал,https://tass.ru/proisshestviya/27033715,"Tue, 07 Apr 2026 20:36:22 +0300",website,tass.ru
Эксперт Маклаков назвал развитие критического мышления защитой от киберугроз,"По данным АНО ""Диалог регионы"", наблюдается заметный разрыв между самооценкой пользователей и их реальной защищенностью",https://tass.ru/obschestvo/27033753,"Tue, 07 Apr 2026 20:39:39 +0300",website,tass.ru
"Мужчину осудили на 4,5 года за попытку взыскать €1,6 млн по фальшивому решению ЕСПЧ","Эраст Виндзор в ноябре 2022 года предоставил в Министерство финансов РФ копию постановления Европейского суда по правам человека, содержащие заведомо ложные сведения относительно взыскания в его пользу",https://tass.ru/proisshestviya/27033735,"Tue, 07 Apr 2026 20:39:55 +0300",website,tass.ru
В Дагестане восстановили газоснабжение для 12 тыс. абонентов,"За период сильных осадков и подтоплений зафиксирована 21 авария на объектах газоснабжения, на 15 из которых подача газа уже возобновлена",https://tass.ru/obschestvo/27033633,"Tue, 07 Apr 2026 20:42:59 +0300",website,tass.ru
"ТАСС: ВСУ публикуют фейки о ВС РФ у Волчанска, пытаясь одержать ""медиапобеду""","Таким образом противник пытается взять реванш с помощью медиаакций за реальное поражение на поле боя, сообщили в российских силовых структурах",https://tass.ru/armiya-i-opk/27033755,"Tue, 07 Apr 2026 20:43:16 +0300",website,tass.ru
Шахматистка Лагно обыграла Горячкину на турнире претенденток,"По итогам восьми туров Лагно набрала 4,5 очка, Горячкина - 3,5",https://tass.ru/sport/27033799,"Tue, 07 Apr 2026 20:45:51 +0300",website,tass.ru
Жительницу Бердянска осудили за призывы к экстремизму,Ее приговорили к шести годам колонии,https://tass.ru/proisshestviya/27033587,"Tue, 07 Apr 2026 20:47:54 +0300",website,tass.ru
В КЧР по народной программе ЕР построили и отремонтировали почти 200 соцобъектов,"Реализованы также меры поддержки семей с детьми и старшего поколения, участников СВО и членов их семей",https://tass.ru/obschestvo/27033807,"Tue, 07 Apr 2026 20:52:15 +0300",website,tass.ru
"На Запорожье заявили, что ВСУ пытаются уничтожить сотовую связь в Энергодаре",Связисты оперативно выполняют работы по восстановлению связи,https://tass.ru/proisshestviya/27033861,"Tue, 07 Apr 2026 20:53:38 +0300",website,tass.ru
ВСУ за день нанесли пять артиллерийских ударов по Энергодару,Среди мирных жителей никто не пострадал,https://tass.ru/proisshestviya/27033923,"Tue, 07 Apr 2026 20:58:22 +0300",website,tass.ru
"Умер бывший тренер ""Зенита"" Мирча Луческу",Ему было 80 лет,https://tass.ru/sport/27033965,"Tue, 07 Apr 2026 21:00:47 +0300",website,tass.ru
Белгородская область выделила 600 участков ветеранам СВО под строительство домов,Стоимость оформления в собственность составляет 500 рублей,https://tass.ru/obschestvo/27033971,"Tue, 07 Apr 2026 21:01:27 +0300",website,tass.ru
Танк ВСУ нанес два удара рядом с городской застройкой Энергодара,,https://tass.ru/proisshestviya/27034005,"Tue, 07 Apr 2026 21:05:43 +0300",website,tass.ru
В Шяуляе завершат эксгумацию останков советских воинов,Археологи достанут 53 тела,https://tass.ru/mezhdunarodnaya-panorama/27032281,"Tue, 07 Apr 2026 21:07:56 +0300",website,tass.ru
Минобороны ФРГ признало проблему с законом о новой модели военной службы,"В ведомстве заявили, что документы на выезд для молодых людей ""готовятся в срочном порядке""",https://tass.ru/mezhdunarodnaya-panorama/27034013,"Tue, 07 Apr 2026 21:11:12 +0300",website,tass.ru
"На Запорожье заявили, что большинство украинских БПЛА подавляется или уничтожается","Каждый день фиксируются атаки ударных дронов по городской инфраструктуре, отметил мэр города - спутника ЗАЭС Максим Пухов",https://tass.ru/obschestvo/27033981,"Tue, 07 Apr 2026 21:12:03 +0300",website,tass.ru
Danmarks radio: в Персидском заливе в судно датской Maersk попал снаряд,"Пострадавших нет, все члены экипажа в безопасности, сообщает радиостанция",https://tass.ru/mezhdunarodnaya-panorama/27034027,"Tue, 07 Apr 2026 21:13:09 +0300",website,tass.ru
Ганчев: Харьков стал заложником бандеровской хунты,"Промышленный потенциал города уничтожен, заявил глава военно гражданской администрации Харьковской области",https://tass.ru/politika/27034043,"Tue, 07 Apr 2026 21:16:59 +0300",website,tass.ru
DM: британский эсминец ушел на ремонт после сообщений об ударе по нему,"Согласно изданию, речь идет о ""технической проблеме со системой снабжения водой на борту""",https://tass.ru/mezhdunarodnaya-panorama/27034065,"Tue, 07 Apr 2026 21:19:06 +0300",website,tass.ru
Власти Кувейта призвали жителей эмирата не покидать дома в ночь на 8 апреля,"МВД страны отметило, что обращение является мерой предосторожности, необходимой для обеспечения безопасности людей",https://tass.ru/mezhdunarodnaya-panorama/27034085,"Tue, 07 Apr 2026 21:21:01 +0300",website,tass.ru
"В НовГУ рассказали, как лопаты XII-XIX веков поменяли представления о быте предков","Ученые Новгородского государственного университета изучили 54 деревянные лопаты и пришли к выводу, что инструменты одинаковой конструкции могли использоваться для разных работ",https://tass.ru/nauka/27033877,"Tue, 07 Apr 2026 21:21:03 +0300",website,tass.ru
В Мадагаскаре ввели чрезвычайное положение в области энергетики,Режим вводится на 15 сутокиз-за проблем в подаче электроэнергии и с длительными перебоями в энергоснабжении,https://tass.ru/mezhdunarodnaya-panorama/27033915,"Tue, 07 Apr 2026 21:23:07 +0300",website,tass.ru
В Ленобласти предложат Володину ввести лицензирование приютов для животных,"Сейчас законодательство не предусматривает обязательной регистрации приютов для животных, что позволяет функционировать неофициальным организациям",https://tass.ru/obschestvo/27033909,"Tue, 07 Apr 2026 21:24:00 +0300",website,tass.ru
"Эйфману, Спивакову и Фокину вручили премию за продвижение русской культуры",Церемония вручения состоялась в Таврическом дворце,https://tass.ru/kultura/27033705,"Tue, 07 Apr 2026 21:25:09 +0300",website,tass.ru
Сенатор Волошин: Киев атакует жителей Запорожской области без военной необходимости,"Украина продолжает свою хронику террора в отношении российских детей, заявил член Совфеда от ДНР",https://tass.ru/politika/27034093,"Tue, 07 Apr 2026 21:26:27 +0300",website,tass.ru
Депутат Бутина: западная Европа лишила граждан традиционного воспитания детей,"Семьи из недружественных стран ищут в России убежище для сохранения традиционных ценностей, заявила посол фонда Международной премии мира имени Л. Н. Толстого",https://tass.ru/politika/27034077,"Tue, 07 Apr 2026 21:30:47 +0300",website,tass.ru
"Роботы ""Яндекса"" начали перевозить образцы крови на территории московских больниц",Сотрудники стационаров прошли специальное обучение по использованию роботов в своей работе и управляют доставкой с помощью смартфонов,https://tass.ru/obschestvo/27034109,"Tue, 07 Apr 2026 21:31:33 +0300",website,tass.ru
Метель парализовала движение на дорогах Краснодара,"Ночью и утром 8, 9 и 10 апреля на территории Кубани ожидаются заморозки от 1 до 3 градусов",https://tass.ru/obschestvo/27034103,"Tue, 07 Apr 2026 21:33:12 +0300",website,tass.ru
Бутина назвала приоритетные страны для посла фонда премии мира имени Толстого,"Депутат Госдумы отметила, что государства глобального Юга открыты к сотрудничеству с Россией",https://tass.ru/politika/27034111,"Tue, 07 Apr 2026 21:33:31 +0300",website,tass.ru
Глава ВБ: операция против Ирана замедлит рост мировой экономики,"Аджай Банга отметил, что банк может оказать финансовую помощь некоторым странам",https://tass.ru/ekonomika/27034117,"Tue, 07 Apr 2026 21:36:39 +0300",website,tass.ru
В Коми предложили сформировать единые для всей России меры поддержки ветеранов,"Герой России, заместитель председателя Госсовета Коми Станислав Кочев предложил официально закрепить понятие ""волонтер СВО"" с четкими критериями включения в реестр",https://tass.ru/obschestvo/27034135,"Tue, 07 Apr 2026 21:38:46 +0300",website,tass.ru
Эксперт Косянчук: у Украины есть проблемы с доставкой топлива из-за мобилизации,"Экс-президент ассоциации ""Объединение операторов рынка нефтепродуктов Украины"" заявил, что большое количество водителей бензовозов ""бусифицировали""",https://tass.ru/mezhdunarodnaya-panorama/27034129,"Tue, 07 Apr 2026 21:42:13 +0300",website,tass.ru
Почетного консула Украины в Доминикане отозвали из-за откровенных фото,Вктория Якимова фотографировалась в откровенных позах и в кокошнике,https://tass.ru/mezhdunarodnaya-panorama/27034157,"Tue, 07 Apr 2026 21:47:13 +0300",website,tass.ru
"Минкультуры и фонд ""Защитники Отечества"" подписали соглашение о сотрудничестве","Соглашение подразумевает взаимодействие с региональными межведомственными комиссиями, а также филиалами фонда в регионах и проведение совместных культурно-просветительских проектов среди участников СВО",https://tass.ru/politika/27034165,"Tue, 07 Apr 2026 21:49:54 +0300",website,tass.ru
Детей из атакованной школы вывез на авто атаман окружного Запорожского казачьего общества,Первую группу детей Анатолий Бас вывез в Каменку Днепровскую на своем автомобиле,https://tass.ru/obschestvo/27034141,"Tue, 07 Apr 2026 21:50:15 +0300",website,tass.ru
В дагестанском селе Маджалис сохраняется угроза подтопления,Речь идет о корректировке русла реки для снижения давления воды на жилые дома и инфраструктуру,https://tass.ru/obschestvo/27034193,"Tue, 07 Apr 2026 21:51:25 +0300",website,tass.ru
В ООН осудили угрозы Трампа уничтожить иранскую цивилизацию,Генсек организации Антониу Гутерриш призвал к немедленным дипломатическим усилиям для прекращения конфликта,https://tass.ru/mezhdunarodnaya-panorama/27034179,"Tue, 07 Apr 2026 21:53:29 +0300",website,tass.ru
Ученый Толстиков: ледовый период на Белом море сократился на месяц за последние 40 лет,"В Арктике процессы потепления происходят быстрее, чем в других местах, отметил руководитель лаборатории географии и гидрологии Института водных проблем Севера Карельского научного центра Российской академии наук",https://tass.ru/obschestvo/27034073,"Tue, 07 Apr 2026 21:53:54 +0300",website,tass.ru
Медведев провел в Новороссийске совещание по защите Черноморского побережья,"Зампред Совбеза России также обсудил с командованием ВМФ, ВКС и руководителями оборонных предприятий вопросы поставок вооружений",https://tass.ru/politika/27034201,"Tue, 07 Apr 2026 21:53:55 +0300",website,tass.ru
В Воронежской области объявили ракетную опасность,"Работают системы оповещения, сообщил губернатор Александр Гусев",https://tass.ru/proisshestviya/27034221,"Tue, 07 Apr 2026 21:59:45 +0300",website,tass.ru
В Ростовской области объявили беспилотную опасность,В МЧС жителей призвали покинуть открытые участки улиц и не подходить к окнам,https://tass.ru/proisshestviya/27034225,"Tue, 07 Apr 2026 22:01:03 +0300",website,tass.ru
"""Единая Россия"" поможет пострадавшим от паводков в Дагестане",Секретарь генсовета партии Владимир Якушев отметил необходимость оперативного решения вопроса с первыми выплатами,https://tass.ru/obschestvo/27034237,"Tue, 07 Apr 2026 22:02:43 +0300",website,tass.ru
В Самарской области объявили ракетную опасность,Об этом жителей региона предупредил губернатор Вячеслав Федорищев,https://tass.ru/proisshestviya/27034245,"Tue, 07 Apr 2026 22:03:38 +0300",website,tass.ru
Tasnim: Иран в ответ на атаки США ударит по объектам Саудовской Аравии и ОАЭ,"По данным агентства, целями могут стать объекты нефтяной компания Saudi Aramco и порт Янбу, а также трубопровод Хабшан - Фуджейра",https://tass.ru/mezhdunarodnaya-panorama/27034231,"Tue, 07 Apr 2026 22:04:15 +0300",website,tass.ru
ТАСС: Сирия на двое суток продлила запрет на полеты в воздушном пространстве,"Исключением могут стать только полеты, получившие предварительное одобрение контролирующего органа в сфере гражданской авиации, сообщил источник в диспетчерской службе района полетной информации ""Дамаск""",https://tass.ru/ekonomika/27034273,"Tue, 07 Apr 2026 22:07:45 +0300",website,tass.ru
Нойер сравнялся с Месси по матчам в ЛЧ в стартовом составе за один клуб,"Матч против ""Реала"" стал для голкипера 136-м, в котором он вышел с первых минут в составе ""Баварии""",https://tass.ru/sport/27034283,"Tue, 07 Apr 2026 22:08:43 +0300",website,tass.ru
CENTCOM: США применили ударные БПЛА против Ирана,"Это беспилотные летательные аппараты одноразового использования, сообщило Центральное командование американских ВС",https://tass.ru/mezhdunarodnaya-panorama/27034251,"Tue, 07 Apr 2026 22:09:27 +0300",website,tass.ru
В Краснодарском крае объявили беспилотную опасность,Жителей просят укрыться в защищенном помещении без остекления,https://tass.ru/proisshestviya/27034257,"Tue, 07 Apr 2026 22:10:15 +0300",website,tass.ru
В Северной Осетии за год налоговые и неналоговые доходы увеличились на 15%,"Федеральные поступления составили порядка 30 млрд рублей, сообщил премьер республики Борис Джанаев",https://tass.ru/ekonomika/27034271,"Tue, 07 Apr 2026 22:12:08 +0300",website,tass.ru
"WP: в администрации США боятся, что глава Пентагона лжет Трампу об Иране","Американский лидер повторяет вслух вводящую в заблуждение информацию, пишет газета",https://tass.ru/mezhdunarodnaya-panorama/27034263,"Tue, 07 Apr 2026 22:12:19 +0300",website,tass.ru
Британия провела международную военную конференцию по открытию Ормузского пролива,"В ней участвовали военные специалисты из более чем 30 стран, сообщило Минобороны Соединенного Королевства",https://tass.ru/ekonomika/27034287,"Tue, 07 Apr 2026 22:13:33 +0300",website,tass.ru
В Северной Осетии на развитие АПК направят более 1 млрд рублей,"Субсидии предусмотрены на развитие 20 направлений сельского хозяйства, сообщил премьер республики Борис Джанаев",https://tass.ru/ekonomika/27034285,"Tue, 07 Apr 2026 22:14:46 +0300",website,tass.ru
В аэропорту Саратова ввели ограничения,"Они необходимы для обеспечения безопасности полетов, сообщили в Росавиации",https://tass.ru/ekonomika/27034319,"Tue, 07 Apr 2026 22:15:21 +0300",website,tass.ru
Спасавший детей в школе на Запорожье чиновник погиб от прямого попадания БПЛА ВСУ,"По данным департамента информационной политики администрации губернатора и правительства области, у Александра Резниченко остались жена и двое несовершеннолетних сыновей",https://tass.ru/proisshestviya/27034299,"Tue, 07 Apr 2026 22:18:08 +0300",website,tass.ru
В Адыгее объявили беспилотную опасность,Жителей попросили покинуть открытые участки улиц,https://tass.ru/proisshestviya/27034307,"Tue, 07 Apr 2026 22:19:17 +0300",website,tass.ru
В Чувашии объявили ракетную опасность,Об этом жителей предупредило региональное министерство по делам гражданской обороны и ЧС,https://tass.ru/proisshestviya/27034351,"Tue, 07 Apr 2026 22:21:59 +0300",website,tass.ru
"Иранская АЭС ""Бушер"" работает в штатном режиме","Этот ""огромный национальный комплекс"" подает энергию в общенациональную электросеть, сообщили на станции",https://tass.ru/ekonomika/27034345,"Tue, 07 Apr 2026 22:22:30 +0300",website,tass.ru
В аэропорту Пензы ввели ограничения,"Они необходимы для обеспечения безопасности полетов, сообщили в Росавиации",https://tass.ru/ekonomika/27034377,"Tue, 07 Apr 2026 22:23:05 +0300",website,tass.ru
В Оренбургской области объявили ракетную опасность,Губернатор региона Евгений Солнцев попросил жителей сохранять бдительность,https://tass.ru/proisshestviya/27034357,"Tue, 07 Apr 2026 22:24:26 +0300",website,tass.ru
В Ульяновской области объявили беспилотную опасность,"Возможно отключение мобильного интернета, сообщили в МЧС",https://tass.ru/proisshestviya/27034385,"Tue, 07 Apr 2026 22:25:41 +0300",website,tass.ru
Пакистан попросил Трампа продлить срок достижения соглашения с Ираном на две недели,,https://tass.ru/mezhdunarodnaya-panorama/27034401,"Tue, 07 Apr 2026 22:26:51 +0300",website,tass.ru
Движение по мосту из Саудовской Аравии в Бахрейн приостановлено,"Решение принято ""в качестве меры предосторожности""",https://tass.ru/mezhdunarodnaya-panorama/27034427,"Tue, 07 Apr 2026 22:30:07 +0300",website,tass.ru
ТАСС: ОАЭ предупредили авиакомпании об оценке рисков при полетах в страну,"По слова источника, для полета необходимо получить официальное уведомление от контролирующего органа в сфере гражданской авиации, подав заявку с проведенной оценкой операционных рисков",https://tass.ru/ekonomika/27034171,"Tue, 07 Apr 2026 22:30:45 +0300",website,tass.ru
В школах Марий Эл возросла доля изучающих марийский язык как государственный,"Число увеличилось с 9,8% до 12%",https://tass.ru/obschestvo/27034375,"Tue, 07 Apr 2026 22:30:54 +0300",website,tass.ru
Трое жителей Горловки ранены при ударе ВСУ,,https://tass.ru/proisshestviya/27034455,"Tue, 07 Apr 2026 22:32:21 +0300",website,tass.ru
Режиссер Германика хочет помирить братьев Емельяненко,Между Федором и Александром Емельяненко неоднократно случались размолвки,https://tass.ru/sport/27034495,"Tue, 07 Apr 2026 22:35:36 +0300",website,tass.ru
Иран готов к любому сценарию дальнейшего противостояния с США и Израилем,"Первый вице-президент республики Мохаммад Реза Ареф подчеркнул, что национальная безопасность и устойчивость инфраструктуры страны являются ""предметом точных расчетов""",https://tass.ru/mezhdunarodnaya-panorama/27034475,"Tue, 07 Apr 2026 22:35:48 +0300",website,tass.ru
Хорватия условилась создать с Украиной совместное производство беспилотников,"Компания Orqa сообщила, что первые образцы продукции ожидаются в ближайшем будущем",https://tass.ru/mezhdunarodnaya-panorama/27034419,"Tue, 07 Apr 2026 22:36:08 +0300",website,tass.ru
"В аэропортах в Бугульме, Казани, Нижнекамске и Самаре ввели ограничения",,https://tass.ru/obschestvo/27034507,"Tue, 07 Apr 2026 22:36:26 +0300",website,tass.ru
i: Британия вывела войска из Ирака после обстрелов Ирана,"Предполагается, что в Ираке находятся около 200 британских военных",https://tass.ru/mezhdunarodnaya-panorama/27034499,"Tue, 07 Apr 2026 22:37:16 +0300",website,tass.ru
В Москве и Подмосковье объявили желтый уровень погодной опасности,"Это связано с ожидаемыми осадками в виде снега, мокрого снега и дождя",https://tass.ru/obschestvo/27034313,"Tue, 07 Apr 2026 22:37:54 +0300",website,tass.ru
В ФПА заявили о значительном снижении числа злоупотреблений адвокатов правами,"Любые нарушения со стороны юристов фиксируются органами адвокатского самоуправления, сообщила президент Федеральной палаты адвокатов Светлана Володина",https://tass.ru/obschestvo/27034469,"Tue, 07 Apr 2026 22:39:27 +0300",website,tass.ru
В Пензенской области объявили ракетную опасность,Жителей попросили пройти в укрытие,https://tass.ru/proisshestviya/27034483,"Tue, 07 Apr 2026 22:40:38 +0300",website,tass.ru
"Якубов готов взять на себя вину за неудачу хоккейных команд ""Динамо"" в сезоне","Динамовские команды завершили выступление в КХЛ, ВХЛ и МХЛ",https://tass.ru/sport/27034555,"Tue, 07 Apr 2026 22:42:12 +0300",website,tass.ru
В аэропорту Ульяновска ввели ограничения,,https://tass.ru/obschestvo/27034549,"Tue, 07 Apr 2026 22:42:34 +0300",website,tass.ru
Fars: газовые месторождения Израиля включили в список возможных целей для атак,"По данным агентства, месторождения ""Кариш"" и ""Танин"" играют ключевую роль в энергоснабжении еврейского государства",https://tass.ru/mezhdunarodnaya-panorama/27033869,"Tue, 07 Apr 2026 22:42:38 +0300",website,tass.ru
Эксперт Быстрицкий рассказал о проблеме резолюции Бахрейна по Ормузскому проливу,"Главная слабость этого документа в том, что он далек от ситуации ""на земле"", считает председатель совета Фонда развития и поддержки международного дискуссионного клуба ""Валдай""",https://tass.ru/politika/27034435,"Tue, 07 Apr 2026 22:43:27 +0300",website,tass.ru
В Татарстане объявили ракетную опасность,Необходимо принять меры безопасности,https://tass.ru/proisshestviya/27034525,"Tue, 07 Apr 2026 22:44:42 +0300",website,tass.ru
"В Сысерти кластер ""На заводе"" возобновит работу с открытия киноклуба","Сооснователь кластера Илья Орлов-Бунин сообщил, что открытие состоится 12 июня",https://tass.ru/kultura/24133217,"Wed, 04 Jun 2025 12:59:11 +0300",website,tass.ru
В Москве с 7 по 10 июня температура может достичь 32 градусов,"Научный руководитель Гидрометцентра России Роман Вильфанд отметил, что это опасное явление",https://tass.ru/obschestvo/24133347,"Wed, 04 Jun 2025 13:00:23 +0300",website,tass.ru
Путин вечером проведет несколько международных телефонных разговоров,"Разговоры президента ожидаются после 18:00-20:00, отметил пресс-секретарь российского лидера Дмитрий Песков",https://tass.ru/politika/24133357,"Wed, 04 Jun 2025 13:00:33 +0300",website,tass.ru
Путин вечером проведет несколько международных телефонных разговоров,"Разговоры президента ожидаются после 18:00-20:00, отметил пресс-секретарь российского лидера Дмитрий Песков ",https://tass.ru/politika/24133357,"Wed, 04 Jun 2025 13:00:33 +0300",website,tass.ru
Песков: у Путина ожидается активный рабочий день,"У президента намечено несколько международных телефонных разговоров, отметил представитель Кремля",https://tass.ru/politika/24133371,"Wed, 04 Jun 2025 13:00:48 +0300",website,tass.ru
Путин обсудит с кабмином ликвидацию последствий ЧП в Брянской области,Глава государства 4 июня проведет совещание с кабмином,https://tass.ru/politika/24133365,"Wed, 04 Jun 2025 13:00:50 +0300",website,tass.ru
Песков: Крымский мост не пострадал от атаки Киева,Украинские формирования ранее выступили с утверждением о нанесении удара по мосту,https://tass.ru/politika/24133377,"Wed, 04 Jun 2025 13:00:55 +0300",website,tass.ru
"Песков рассказал, когда согласуют сроки нового раунда переговоров РФ и Украины","Это произойдет после изучения сторонами полученных друг от друга проектов меморандумов, отметил пресс-секретарь российского лидера",https://tass.ru/politika/24133399,"Wed, 04 Jun 2025 13:01:05 +0300",website,tass.ru
"Песков рассказал, когда согласуют сроки нового раунда переговоров РФ и Украины","Это произойдет после изучения сторонами полученных друг от друга проектов меморандумов, отметил пресс-секретарь российского лидера ",https://tass.ru/politika/24133399,"Wed, 04 Jun 2025 13:01:05 +0300",website,tass.ru
"Сафонов считает, что российские клубы могли бы бороться за выход в плей-офф Лиги чемпионов","Вратарь ПСЖ отметил, что в плей-офф российским командам пришлось бы тяжело",https://tass.ru/sport/24133345,"Wed, 04 Jun 2025 13:01:06 +0300",website,tass.ru
Песков переадресовал спецслужбам вопрос о подозреваемом в атаках на аэродромы РФ,"Так пресс-секретарь ответил на вопрос о наличии у Москвы планов обращаться к Астане в связи с информацией о том, что подозреваемый в причастности к атакам сбежал в Казахстан",https://tass.ru/politika/24133429,"Wed, 04 Jun 2025 13:01:27 +0300",website,tass.ru
Песков назвал неизменной позицию Путина по мораторию на смертную казнь,"Пресс-секретарь президента прокомментировал вопрос о том, как в Кремле относятся к идее отмены моратория",https://tass.ru/politika/24133407,"Wed, 04 Jun 2025 13:01:30 +0300",website,tass.ru
"Кремль готов рассмотреть вопрос о наградах водителям, мешавшим вылету дронов","Представления к госнаградам на этих водителей не поступали, сказал пресс-секретарь президента России Дмитрий Песков",https://tass.ru/politika/24133387,"Wed, 04 Jun 2025 13:01:48 +0300",website,tass.ru
"Кремль готов рассмотреть вопрос о наградах водителям, мешавшим вылету дронов","Представления к госнаградам на этих водителей не поступали, сказал пресс-секретарь президента России Дмитрий Песков ",https://tass.ru/politika/24133387,"Wed, 04 Jun 2025 13:01:48 +0300",website,tass.ru
"Центр знаний ""Машук"" окажет содействие Ингушетии в подготовке кадров",Соглашение предполагает сотрудничество по нескольким направлениям,https://tass.ru/obschestvo/24133471,"Wed, 04 Jun 2025 13:02:07 +0300",website,tass.ru
Песков: Россия принимает меры исходя из атак Киева на мирные объекты,"Представитель Кремля заявил, что киевский режим продолжает попытки атаковать объекты мирной инфраструктуры",https://tass.ru/politika/24133413,"Wed, 04 Jun 2025 13:02:10 +0300",website,tass.ru
Песков: РФ сделает все для раскрытия преступления по атакам на военные аэродромы,"Пресс-секретаря российского лидера спросили, будет ли Москва запрашивать помощь у Астаны",https://tass.ru/politika/24133481,"Wed, 04 Jun 2025 13:02:43 +0300",website,tass.ru
"Фестиваль имени Артемьева в Новосибирске откроет сюита из ""Сибирского цирюльника""",Мероприятие пройдет с 15 по 29 июня,https://tass.ru/kultura/24133265,"Wed, 04 Jun 2025 13:02:59 +0300",website,tass.ru
"Сафонов заявил, что в ПСЖ не были против его отъезда перед клубным чемпионатом мира",Вратарь был вызван в сборную России на товарищеские матчи с командами Нигерии и Белоруссии,https://tass.ru/sport/24133533,"Wed, 04 Jun 2025 13:04:36 +0300",website,tass.ru
ИРПО: большинство выпускников российских колледжей уже работали по специальности,"Исследование охватило ведущих работодателей страны, представляющих такие отрасли, как машиностроение, энергетика, фармацевтика и космические технологии",https://tass.ru/obschestvo/24133061,"Wed, 04 Jun 2025 13:04:50 +0300",website,tass.ru
На экс-главу Минпромэнерго Чувашии завели уголовное дело,Мужчина подозревается в получении коммерческого подкупа,https://tass.ru/proisshestviya/24133323,"Wed, 04 Jun 2025 13:05:01 +0300",website,tass.ru
МТС-банк выпустил цифровые финансовые активы на 5 млрд рублей,"Стратегия банка в отношении цифровых активов - это комплексный план, который не ограничивается только новыми выпусками, отметил председатель правления МТС-банка Эдуард Иссопов",https://tass.ru/ekonomika/24133513,"Wed, 04 Jun 2025 13:05:35 +0300",website,tass.ru
Песков: частоту встреч на переговорах по Украине вряд ли можно стандартизировать,"Все зависит от готовности сторон продолжать каждый раунд, заявил пресс-секретарь президента России",https://tass.ru/politika/24133555,"Wed, 04 Jun 2025 13:07:04 +0300",website,tass.ru
В Токмаке местный житель пострадал из-за атаки ВСУ,"В Министерстве здравоохранения Запорожской области сообщили, что пострадавшего доставили в местную больницу с ранениями средней степени тяжести",https://tass.ru/proisshestviya/24133447,"Wed, 04 Jun 2025 13:07:42 +0300",website,tass.ru
В Москве предложение студий снизилось почти на 20% за год,"По информации системы мониторинга и анализа новостроек bnMAP.pro, наблюдается рост средней площади предлагаемых квартир-студий",https://tass.ru/nedvizhimost/24133553,"Wed, 04 Jun 2025 13:08:05 +0300",website,tass.ru
В Северной Осетии Минздрав обязали отремонтировать медоборудование онкодиспансера,Исполнение решения суда находится на контроле прокуратуры региона,https://tass.ru/obschestvo/24133545,"Wed, 04 Jun 2025 13:09:50 +0300",website,tass.ru
"Гражданскую жену бывшего вице-главы ""Спасских ворот"" приговорили к четырем годам",Лилия Невская признана виновной по ч. 4 ст. 160 УК РФ,https://tass.ru/proisshestviya/24133621,"Wed, 04 Jun 2025 13:10:23 +0300",website,tass.ru
Футболиста Сафонова не сильно тревожила ситуация с задолженностью по алиментам,"Задолженность составляла 59,4 млн рублей",https://tass.ru/sport/24133647,"Wed, 04 Jun 2025 13:10:33 +0300",website,tass.ru
Суд оставил в силе решение о снятии Ле Пен с поста советника департамента,Политик намерена оспорить решение в Государственном совете,https://tass.ru/mezhdunarodnaya-panorama/24133581,"Wed, 04 Jun 2025 13:10:47 +0300",website,tass.ru
Казахстан вошел в двадцатку стран мира по золотому запасу,"За последние десять лет добыча золотосодержащих руд увеличилась в 2,2 раза, отметил вице-министр промышленности и строительства республики Иран Шархан",https://tass.ru/ekonomika/24133641,"Wed, 04 Jun 2025 13:11:34 +0300",website,tass.ru
Что известно о ситуации с задержанием блогера Арега Щепихина,,https://tass.ru/proisshestviya/24133551,"Wed, 04 Jun 2025 13:11:48 +0300",website,tass.ru
"Футболист Сафонов рассказал, с кем лучше всего общается в ПСЖ","По словам голкипера, язык позволяет лучше всего общаться с Хвичей Кварацхелией",https://tass.ru/sport/24133693,"Wed, 04 Jun 2025 13:13:53 +0300",website,tass.ru
СФ одобрил расширение полномочий кабмина по утверждению правил гостиничных услуг,"Согласно новой норме, к полномочиям будет относиться утверждение правил предоставления гостиничных услуг, устанавливающих в том числе виды и условия бронирования, а также при необходимости правил предоставления услуг иных средств размещения, устанавливающих в том числе виды и условия бронирования",https://tass.ru/ekonomika/24133393,"Wed, 04 Jun 2025 13:14:10 +0300",website,tass.ru
"""Полипластик"" и Институт ИИ МФТИ создадут ИИ-агентов для коммунальной отрасли","Председатель совета директоров компании Лев Гориловский заявил, что опыт института позволит наиболее эффективно и в кратчайшие сроки разработать AI-ассистентов",https://tass.ru/ekonomika/24133029,"Wed, 04 Jun 2025 13:14:33 +0300",website,tass.ru
В курском приграничье от удара украинского БПЛА погиб мирный житель,Врио губернатора региона Александр Хинштейн выразил соболезнования родным погибшего,https://tass.ru/proisshestviya/24133713,"Wed, 04 Jun 2025 13:14:40 +0300",website,tass.ru
В Ингушетии создадут экспериментальную площадку для блогеров юга России,"Пройти обучение смогут не только блогеры с аудиторией, но и желающие обучиться азам работы в медиапространстве",https://tass.ru/obschestvo/24133723,"Wed, 04 Jun 2025 13:15:15 +0300",website,tass.ru
МВД и ФСБ провели проверку отдела полиции в Екатеринбурге,Собранные материалы направлены в следственные органы,https://tass.ru/proisshestviya/24133657,"Wed, 04 Jun 2025 13:15:23 +0300",website,tass.ru
Трамп направил в Конгресс запрос о сокращении господдержки двух СМИ,"Конгресс официально получил от Белого дома запрос об аннулировании расточительных расходов в размере $9,4 млрд, заявил спикер Палаты представителей Конгресса США Майк Джонсон",https://tass.ru/ekonomika/24133615,"Wed, 04 Jun 2025 13:15:47 +0300",website,tass.ru
В семи округах РФ отмечаются очаги пятого класса пожароопасности,"Научный руководитель Гидрометцентра России Роман Вильфанд сообщил, что в ближайшие дни на северо-западе европейской части РФ произойдет существенное уменьшение класса пожарной опасности",https://tass.ru/obschestvo/24133661,"Wed, 04 Jun 2025 13:17:20 +0300",website,tass.ru
В Калининграде арестовали членов ОПГ за вымогательства у бойцов СВО,Им грозит лишение свободы на срок до семи лет,https://tass.ru/proisshestviya/24133695,"Wed, 04 Jun 2025 13:17:23 +0300",website,tass.ru
"В Подмосковье более 5,7 тыс. звонков поступило на горячую линию ЕГЭ и ОГЭ","По словам министра образования Московской области Ингрид Пильдес, чаще всего родителей интересуют сроки и способы получения результатов, вопросы подачи апелляций, а также особенности пересдачи экзаменов",https://tass.ru/obschestvo/24133747,"Wed, 04 Jun 2025 13:17:32 +0300",website,tass.ru
Мосгорсуд не выпустил из СИЗО помощника митрополита Тихона и клирика Иванковича,Они обвиняются в подготовке покушения в виде теракта в отношении священнослужителя,https://tass.ru/proisshestviya/24133775,"Wed, 04 Jun 2025 13:18:36 +0300",website,tass.ru
В Петербурге более 200 мигрантов доставили в отделы полиции после крупного рейда,Большинство доставленных в полицию нарушителей получили наказания в виде штрафов и уведомления о необходимости устранить нарушения,https://tass.ru/obschestvo/24133563,"Wed, 04 Jun 2025 13:19:51 +0300",website,tass.ru
В Нидерландах ребенок впал в кому после употребления конфет Haribo с каннабисом,"Полиция Нидерландов выясняет, как наркотическое вещество попало в упаковку сладостей",https://tass.ru/proisshestviya/24133749,"Wed, 04 Jun 2025 13:20:16 +0300",website,tass.ru
"Сафонов не считает, что его успехи сопоставимы с рекордом Овечкина","В составе ПСЖ россиянин выиграл четыре трофея - чемпионат, Кубок и Суперкубок Франции, а также Лигу чемпионов",https://tass.ru/sport/24133813,"Wed, 04 Jun 2025 13:21:26 +0300",website,tass.ru
Защита экс-ректора КФУ обжаловала приговор,Мужчину осудили на 22 года за организацию убийства,https://tass.ru/proisshestviya/24133815,"Wed, 04 Jun 2025 13:22:48 +0300",website,tass.ru
"Бойцы ""Севера"" завершили освобождение Кондратовки в Сумской области","Этого удалось достичь благодаря подразделениям группировки войск, подчеркнули в Минобороны",https://tass.ru/armiya-i-opk/24133861,"Wed, 04 Jun 2025 13:23:22 +0300",website,tass.ru
ВСУ за сутки потеряли около 1 475 военных в зоне СВО,"В зоне группировки ""Север"" противник потерял свыше 230 военнослужащих, ""Запад"" - до 220 человек, отметили в Минобороны",https://tass.ru/armiya-i-opk/24133869,"Wed, 04 Jun 2025 13:23:36 +0300",website,tass.ru
ВСУ за сутки потеряли около 1 475 военных в зоне СВО,"В зоне группировки ""Север"" противник потерял свыше 230 военнослужащих, ""Запад"" - до 220 человек, отметили в Минобороны ",https://tass.ru/armiya-i-opk/24133869,"Wed, 04 Jun 2025 13:23:36 +0300",website,tass.ru
Российские средства ПВО сбили за сутки 109 дронов ВСУ,"Также уничтожено три реактивных снаряда системы HIMARS противника, отметили в Минобороны России",https://tass.ru/armiya-i-opk/24133875,"Wed, 04 Jun 2025 13:23:55 +0300",website,tass.ru
Российские средства ПВО сбили за сутки 109 дронов ВСУ,"Также уничтожено три реактивных снаряда системы HIMARS противника, отметили в Минобороны России ",https://tass.ru/armiya-i-opk/24133875,"Wed, 04 Jun 2025 13:23:55 +0300",website,tass.ru
ВС РФ освободили населенный пункт Редкодуб в ДНР,"Этого удалось достичь благодаря подразделениям группировки войск ""Запад"", отметили в Минобороны",https://tass.ru/armiya-i-opk/24133887,"Wed, 04 Jun 2025 13:24:21 +0300",website,tass.ru
"ВС РФ уничтожили пусковую установку, РЛС и кабину управления ЗРК IRIS-T ВСУ","Удары нанесены оперативно-тактической авиацией, ударными беспилотными летательными аппаратами, ракетными войсками и артиллерией группировок войск российской армии, уточнили в Минобороны",https://tass.ru/armiya-i-opk/24133897,"Wed, 04 Jun 2025 13:24:47 +0300",website,tass.ru
Сафонов прокомментировал возможный переход в ПСЖ украинского футболиста Забарного,Голкипер французской команды призвал верить только официальной информации,https://tass.ru/sport/24133895,"Wed, 04 Jun 2025 13:24:55 +0300",website,tass.ru
Футболист ПСЖ Сафонов рассказал о встрече с Макроном после победы в Лиге чемпионов,Президент Франции пожал руку каждому футболисту команды,https://tass.ru/sport/24133903,"Wed, 04 Jun 2025 13:25:31 +0300",website,tass.ru
В Алёшках два жителя пострадали из-за атак ВСУ,"Губернатор Херсонской области Владимир Сальдо сообщил, что в Новокаховском городском округе повреждена линия электропередачи",https://tass.ru/proisshestviya/24133825,"Wed, 04 Jun 2025 13:25:44 +0300",website,tass.ru
Полиция проводит проверку в отношении блогера Щепихина,Он разместил в соцсетях видео с провокациями в отношении жителей Чечни,https://tass.ru/proisshestviya/24133945,"Wed, 04 Jun 2025 13:27:54 +0300",website,tass.ru
"ЦБ рекомендовал банкам проверять переводы на карты ""технических компаний""","Кредитным организациям предложено внедрять онлайн-мониторинг операций клиентов, чтобы оперативно выявлять дропперов, сообщил регулятор",https://tass.ru/ekonomika/24133991,"Wed, 04 Jun 2025 13:30:03 +0300",website,tass.ru
"ЦБ рекомендовал банкам проверять переводы на карты ""технических компаний""","Кредитным организациям предложено внедрять онлайн-мониторинг операций клиентов, чтобы оперативно выявлять дропперов, сообщил регулятор ",https://tass.ru/ekonomika/24133991,"Wed, 04 Jun 2025 13:30:03 +0300",website,tass.ru
Свыше 330 единиц медицинского оборудования закупят на Кубани в 2025 году по нацпроекту,"Речь, в частности, идет про аппараты искусственной вентиляции легких для взрослых и детей, аппараты УЗИ экспертного класса, специальные мониторы, используемые в акушерстве, устройства для транспортировки новорожденных",https://tass.ru/obschestvo/24134021,"Wed, 04 Jun 2025 13:31:29 +0300",website,tass.ru
"Жителя НАО приговорили к 5,5 года колонии за дискредитацию Вооруженных сил РФ","Также в апреле 2024 года мужчина выкрикивал лозунги нацистской организации, находясь в помещении бара в поселке Красное",https://tass.ru/proisshestviya/24133987,"Wed, 04 Jun 2025 13:33:19 +0300",website,tass.ru
В Кирилло-Белозерском музее открыли крепостные стены и башни XVII в.,"По словам генерального директора музея-заповедника Михаила Шаромазова, этого события посетители ждали долгие годы",https://tass.ru/kultura/24134049,"Wed, 04 Jun 2025 13:34:15 +0300",website,tass.ru
Рютте отказался комментировать передачу разведданных для ударов Украины по РФ,"Генсек НАТО заявил, что не считает правильным комментировать каждую операцию Киева, ее детали и последствия",https://tass.ru/mezhdunarodnaya-panorama/24134053,"Wed, 04 Jun 2025 13:35:05 +0300",website,tass.ru
Рютте отказался комментировать передачу разведданных для ударов Украины по РФ,"Генсек НАТО заявил, что не считает правильным комментировать каждую операцию Киева, ее детали и последствия ",https://tass.ru/mezhdunarodnaya-panorama/24134053,"Wed, 04 Jun 2025 13:35:05 +0300",website,tass.ru
Атаки ВСУ на Крымский мост и аэродромы и новый раунд переговоров. Темы брифинга Пескова,,https://tass.ru/politika/24133921,"Wed, 04 Jun 2025 13:35:30 +0300",website,tass.ru
Сальдо сообщил о массированной атаке Алёшек ВСУ,"По словам губернатора Херсонской области, под огонь попали районы Центрального рынка и Гвардейская улица",https://tass.ru/proisshestviya/24134031,"Wed, 04 Jun 2025 13:36:14 +0300",website,tass.ru
Захарова: Лавров встретится с главой МИД Абхазии в Москве 6 июня,"Глава МИД Абхазии Олег Барциц был назначен на этот пост в апреле 2025 года, отметила официальный представитель российского дипведомства",https://tass.ru/politika/24134085,"Wed, 04 Jun 2025 13:37:19 +0300",website,tass.ru
Захарова: Лавров встретится с главой МИД Абхазии в Москве 6 июня,"Глава МИД Абхазии Олег Барциц был назначен на этот пост в апреле 2025 года, отметила официальный представитель российского дипведомства ",https://tass.ru/politika/24134085,"Wed, 04 Jun 2025 13:37:19 +0300",website,tass.ru
Захарова: Лавров и глава МИД Белоруссии обсудят украинское урегулирование,"Максим Рыженков посетит Москву с официальным визитом 9-10 июня, заявила официальный представитель ведомства",https://tass.ru/politika/24134107,"Wed, 04 Jun 2025 13:38:36 +0300",website,tass.ru
Захарова: Лавров и глава МИД Белоруссии обсудят украинское урегулирование,"Максим Рыженков посетит Москву с официальным визитом 9-10 июня, заявила официальный представитель ведомства ",https://tass.ru/politika/24134107,"Wed, 04 Jun 2025 13:38:36 +0300",website,tass.ru
Mediacongo: ДРК проведет аудит минеральных ресурсов до подписания соглашения с США,"Издание отмечает, что для этого уже создан специальный комитет, в который вошли министры горнодобывающей промышленности и финансов страны",https://tass.ru/ekonomika/24134067,"Wed, 04 Jun 2025 13:39:02 +0300",website,tass.ru
"Захарова: Киев приложил немало усилий, чтобы сорвать очередной раунд переговоров","В ход пошли ""излюбленные ими террористические методы"", заявила официальный представитель МИД РФ",https://tass.ru/politika/24134135,"Wed, 04 Jun 2025 13:39:19 +0300",website,tass.ru
"Захарова: Киев приложил немало усилий, чтобы сорвать очередной раунд переговоров","В ход пошли ""излюбленные ими террористические методы"", заявила официальный представитель МИД РФ ",https://tass.ru/politika/24134135,"Wed, 04 Jun 2025 13:39:19 +0300",website,tass.ru
Актер Бикович считает Джоковича величайшим теннисистом в истории,"В мае Джокович стал третьим теннисистом, победившим на 100 турнирах в Открытую эру",https://tass.ru/sport/24134179,"Wed, 04 Jun 2025 13:41:12 +0300",website,tass.ru
Захарова: Украина и Россия изучат представленные на переговорах меморандумы,"Киев взял паузу на рассмотрение документа, отметила официальный представитель МИД РФ",https://tass.ru/politika/24134187,"Wed, 04 Jun 2025 13:42:46 +0300",website,tass.ru
Туристические маршруты по Приморью представят на ВЭФ-2025,"Заместитель директора инвестиционного департамента КРДВ Мария Бадмацыренова заявила, что к тому моменту приморские тропы будут в стадии высокой готовности",https://tass.ru/obschestvo/24134169,"Wed, 04 Jun 2025 13:42:56 +0300",website,tass.ru
Захарова: передача тел погибших между РФ и Украиной начнется в ближайшее время,"Российская сторона передаст Украине шесть тысяч тел погибших военнослужащих ВСУ, отметила официальный представитель МИД",https://tass.ru/politika/24134197,"Wed, 04 Jun 2025 13:43:42 +0300",website,tass.ru
Захарова: передача тел погибших между РФ и Украиной начнется в ближайшее время,"Российская сторона передаст Украине шесть тысяч тел погибших военнослужащих ВСУ, отметила официальный представитель МИД ",https://tass.ru/politika/24134197,"Wed, 04 Jun 2025 13:43:42 +0300",website,tass.ru
Захарова: Россия ответственно подойдет к достигнутым в Стамбуле договоренностям,"Речь идет обо всех договоренностях, подчеркнула официальный представитель МИД РФ",https://tass.ru/politika/24134219,"Wed, 04 Jun 2025 13:45:38 +0300",website,tass.ru
Захарова: Россия ответственно подойдет к достигнутым в Стамбуле договоренностям,"Речь идет обо всех договоренностях, подчеркнула официальный представитель МИД РФ ",https://tass.ru/politika/24134219,"Wed, 04 Jun 2025 13:45:38 +0300",website,tass.ru
Захарова: Зеленский зашелся в хамской истерике в адрес делегации РФ в Стамбуле,"Официальный представитель МИД России отметила, что ""чувствовалось, что достигнутые результаты кое-кого явно раздосадовали""",https://tass.ru/politika/24134233,"Wed, 04 Jun 2025 13:46:32 +0300",website,tass.ru
WSJ: гособлигации США становятся невыгодными из-за политики Трампа,"Издание отмечает, что высокая доходность американских облигаций нивелируется возросшими расходами на инструменты хеджирования колебаний валютных курсов",https://tass.ru/ekonomika/24134207,"Wed, 04 Jun 2025 13:47:05 +0300",website,tass.ru
Захарова указала на агрессивный настрой Украины к России,"В Киеве не склонны к поиску трезвых решений по урегулированию конфликта, считает официальный представитель МИД РФ",https://tass.ru/politika/24134269,"Wed, 04 Jun 2025 13:48:01 +0300",website,tass.ru
В ДНР предложили компенсировать беременным проезд на консультации к врачу,"Вице-спикер регионального парламента Алексей Дорофеев сообщил, что также рассматривается законопроект, направленный на запрет любых действий, побуждающих женщин к искусственному прерыванию беременности",https://tass.ru/obschestvo/24134255,"Wed, 04 Jun 2025 13:49:06 +0300",website,tass.ru
"На фестиваль ""Горький+"" приедут режиссеры из Китая и Латинской Америки",Мероприятие пройдет в Нижнем Новгороде с 20 по 22 июня,https://tass.ru/kultura/24134063,"Wed, 04 Jun 2025 13:50:45 +0300",website,tass.ru
ВС РФ зачистили село Редкодуб от ВСУ,Штурмовики установили в населенном пункте российские флаги,https://tass.ru/armiya-i-opk/24134289,"Wed, 04 Jun 2025 13:54:43 +0300",website,tass.ru
В Кабардино-Балкарии порядка 230 домовладений пострадали из-за дождей,"Глава администрации города Баксана Хачим Мамхегов сообщил, что за помощью в письменной форме обратились 39 жителей",https://tass.ru/obschestvo/24134333,"Wed, 04 Jun 2025 13:54:53 +0300",website,tass.ru
"Суд на Украине признал виновной девушку, снявшую видео под русские песни",На суде девушка в присутствии законного представителя признала вину,https://tass.ru/proisshestviya/24134311,"Wed, 04 Jun 2025 13:55:12 +0300",website,tass.ru
Российские операторы дронов уничтожили украинский танк Т-72 в ДНР,"Боевую задачу выполнили солдаты центра ""Рубикон""",https://tass.ru/armiya-i-opk/24134297,"Wed, 04 Jun 2025 13:57:34 +0300",website,tass.ru
Посол Палестины: мир должен перейти от слов к делу в связи с ситуацией в Газе,"Ибрагим Храиши подчеркнул, что Палестина не просит международное сообщество поставлять ей оружие, а всего лишь призывает к соблюдению международного права",https://tass.ru/mezhdunarodnaya-panorama/24134377,"Wed, 04 Jun 2025 13:59:06 +0300",website,tass.ru
"Защита осужденного сопредседателя ""Голоса"" обжаловала приговор",Суд ранее приговорил Григория Мельконьянца к пяти годам колонии общего режима по делу об организации деятельности нежелательной иностранной неправительственной организации,https://tass.ru/proisshestviya/24134403,"Wed, 04 Jun 2025 13:59:18 +0300",website,tass.ru
В ГД внесут законопроект о депортации мигрантов за проживание в подвалах,"По словам главы партии ""Новые люди"" Алексея Нечаева, мигранты зачастую обустраивают жилье в нежилых помещениях, например, на чердаках, в подвалах и электрощитовых, что создает угрозу безопасности",https://tass.ru/obschestvo/24133789,"Wed, 04 Jun 2025 13:59:41 +0300",website,tass.ru
"Рютте: НАТО рассматривает Черное и Балтийское моря как ""регионы альянса""","Подводная инфраструктура там находится под постоянной угрозой, заявил генсек организации",https://tass.ru/mezhdunarodnaya-panorama/24133783,"Wed, 04 Jun 2025 14:01:02 +0300",website,tass.ru
"Рютте: НАТО рассматривает Черное и Балтийское моря как ""регионы альянса""","Подводная инфраструктура там находится под постоянной угрозой, заявил генсек организации ",https://tass.ru/mezhdunarodnaya-panorama/24133783,"Wed, 04 Jun 2025 14:01:02 +0300",website,tass.ru
Постпред США: вопрос вступления Украины в НАТО не подлежит обсуждению,,https://tass.ru/mezhdunarodnaya-panorama/24134453,"Wed, 04 Jun 2025 14:01:14 +0300",website,tass.ru
"В МВД заявили, что информация о стрельбе возле ТРЦ ""Щелковский"" не поступала","Предварительно, пострадавших нет",https://tass.ru/proisshestviya/24133329,"Wed, 04 Jun 2025 14:02:07 +0300",website,tass.ru
"США пока не решили, продолжать или нет помощь Украине",,https://tass.ru/mezhdunarodnaya-panorama/24134491,"Wed, 04 Jun 2025 14:03:52 +0300",website,tass.ru
Список Украины из 339 детей поступил в аппарат детского омбудсмена РФ,"Ведомство работает по поручению президента, отметила Мария Львова-Белова",https://tass.ru/obschestvo/24134485,"Wed, 04 Jun 2025 14:03:57 +0300",website,tass.ru
СФ одобрил закон об упрощенном содержании объектов культурного наследия,Законом собственники объекта культурного наследия обязываются выполнять капитальный ремонт общего имущества в многоквартирных домах,https://tass.ru/obschestvo/24133525,"Wed, 04 Jun 2025 14:04:29 +0300",website,tass.ru
Матвиенко: доступность детского спорта не должна измеряться кошельком родителей,"Председатель Совфеда отметила, что доступность спорта не должна измеряться кошельком родителей или доходами семьи",https://tass.ru/obschestvo/24133033,"Wed, 04 Jun 2025 14:06:43 +0300",website,tass.ru
ДОМ.РФ и VK Tech займутся развитием ИИ-технологий для строительной отрасли,"Cовместная работа направлена на развитие ""полигона данных"" для строительства, который разрабатывается на базе IT-компании",https://tass.ru/nedvizhimost/24134431,"Wed, 04 Jun 2025 14:08:39 +0300",website,tass.ru
РЖД: погибший под Брянском машинист до конца исполнил свой долг,"Павел Мишин в момент происшествия остался в кабине и применил экстренное торможение, благодаря чему многие пассажиры выжили",https://tass.ru/obschestvo/24134521,"Wed, 04 Jun 2025 14:08:48 +0300",website,tass.ru
На Викторию Боню составили протокол по делу о пропаганде наркотиков,Материалы дела поступили в мировой судебный участок 184,https://tass.ru/proisshestviya/24134595,"Wed, 04 Jun 2025 14:09:03 +0300",website,tass.ru
Генеративный ИИ научили определять расстояния между генами в нитях ДНК,Это ускорит разработку лекарств и методов диагностики генетических заболеваний,https://tass.ru/nauka/24134535,"Wed, 04 Jun 2025 14:09:31 +0300",website,tass.ru
В РФ первые пять месяцев 2025 года стали самыми теплыми за всю историю наблюдений,"Научный руководитель Гидрометцентра России Роман Вильфанд отметил, что нынешняя зима в России стала рекордно теплой",https://tass.ru/obschestvo/24132977,"Wed, 04 Jun 2025 14:09:34 +0300",website,tass.ru
На арктическом форуме в Архангельске обсудят развитие автотуризма,"Заместитель директора инвестиционного департамента КРДВ Мария Бадмацыренова сообщила, что в год 80-летия Победы регионы Дальнего Востока и Арктики готовы также предложить патриотические туры",https://tass.ru/obschestvo/24134589,"Wed, 04 Jun 2025 14:11:16 +0300",website,tass.ru
В Магаданской области объявили чрезвычайную пожарную опасность,Такие погодные условия будет сохраняться в регионе с 5 по 7 июня,https://tass.ru/obschestvo/24134601,"Wed, 04 Jun 2025 14:12:58 +0300",website,tass.ru
МИД Ирана не пойдет на сделку с США без сохранения возможности обогащения урана,,https://tass.ru/mezhdunarodnaya-panorama/24134665,"Wed, 04 Jun 2025 14:15:43 +0300",website,tass.ru
Нижегородская область и ЦБ будут сотрудничать в сфере повышения финансовой грамотности,"Министр цифрового развития и связи региона Александр Синелобов сообщил, что стороны проведут несколько мероприятий в этом направлении",https://tass.ru/ekonomika/24134627,"Wed, 04 Jun 2025 14:17:03 +0300",website,tass.ru
Захарова: РФ приняла к сведению слова Вучича о ревизии поставок сербской продукции,,https://tass.ru/politika/24134697,"Wed, 04 Jun 2025 14:18:01 +0300",website,tass.ru
Трамп уклонился от объяснения своих слов о гибели иранской цивилизации,"В ответ на вопрос о причинах подобных заявлений американский лидер сказал, что ""придется это выяснить""",https://tass.ru/mezhdunarodnaya-panorama/27034925,"Tue, 07 Apr 2026 23:53:12 +0300",website,tass.ru
"В аэропортах Оренбурга, Перми и Уфы ввели ограничения",Они необходимы для обеспечения безопасности полетов,https://tass.ru/ekonomika/27034911,"Tue, 07 Apr 2026 23:51:11 +0300",website,tass.ru
В аэропортах Саратова и Пензы сняли ограничения на прием и выпуск самолетов,,https://tass.ru/ekonomika/27034919,"Tue, 07 Apr 2026 23:51:08 +0300",website,tass.ru
Иран провел 99-й этап ответной операции против Израиля и США,Армия исламской республики поразила объекты в ОАЭ и Кувейте,https://tass.ru/mezhdunarodnaya-panorama/27034903,"Tue, 07 Apr 2026 23:48:24 +0300",website,tass.ru
"Ограничения ввели в аэропортах Оренбурга, Перми и Уфы",,https://tass.ru/ekonomika/27034887,"Tue, 07 Apr 2026 23:47:06 +0300",website,tass.ru
В Дагестане оползень разрушил участок автодороги,Проезд в Верхнее Казанище возможен только по объездной дороге села Агачкала,https://tass.ru/proisshestviya/27034859,"Tue, 07 Apr 2026 23:45:50 +0300",website,tass.ru
В Пермском крае ввели режим ракетной опасности,Об этом сообщили в приложении МЧС,https://tass.ru/proisshestviya/27034879,"Tue, 07 Apr 2026 23:43:03 +0300",website,tass.ru
В Москве и Подмосковье после полуночи начнутся осадки,,https://tass.ru/obschestvo/27034871,"Tue, 07 Apr 2026 23:40:10 +0300",website,tass.ru
Полиция Ирака применила газ для разгона протеста у консульства Кувейта в Басре,"Участники акции перелезли через внешние заграждения, выставленные у дипмиссии, сообщил представитель полицейского управления",https://tass.ru/mezhdunarodnaya-panorama/27034863,"Tue, 07 Apr 2026 23:35:33 +0300",website,tass.ru
"The Times of Israel: Израиль признал, что его удар повредил синагогу в Тегеране","Как утверждает израильская сторона, целью атаки была ликвидация одного из иранских военных, пишет издание",https://tass.ru/mezhdunarodnaya-panorama/27034853,"Tue, 07 Apr 2026 23:33:51 +0300",website,tass.ru
"Театр Пушкина выпустил спектакль ""Протагонист""",Ближайший показ пройдет 8 апреля,https://tass.ru/kultura/27034841,"Tue, 07 Apr 2026 23:32:40 +0300",website,tass.ru
Президент УЕФА Чеферин назвал Луческу выдающейся личностью,Румынский тренер умер в возрасте 80 лет,https://tass.ru/sport/27034829,"Tue, 07 Apr 2026 23:30:49 +0300",website,tass.ru
В ЛНР задержали находящегося в федеральном розыске пособника мошенников,Мужчину задержали на выезде из поселка Юбилейный,https://tass.ru/proisshestviya/27034801,"Tue, 07 Apr 2026 23:30:18 +0300",website,tass.ru
В аэропорту Кирова ввели временные ограничения,Меры необходимы для обеспечения безопасности полетов,https://tass.ru/ekonomika/27034811,"Tue, 07 Apr 2026 23:28:56 +0300",website,tass.ru
В аэропорту Ижевска ввели временные ограничения,Они необходимы для обеспечения безопасности полетов,https://tass.ru/ekonomika/27034805,"Tue, 07 Apr 2026 23:27:02 +0300",website,tass.ru
В Вене открылась выставка ко Дню космонавтики,"В экспозиции, в частности, представлены уникальные фотографии из архива Российского центра науки и культуры, выполненные фотокорреспондентами ТАСС и Агентства печати ""Новости"" в 1952-1986 годы",https://tass.ru/obschestvo/27034753,"Tue, 07 Apr 2026 23:26:55 +0300",website,tass.ru
"Валерия Гай Германика презентовала фильм ""Емельяненко""",Картина была снята еще в 2020 году и представляет собой документальный фильм о жизни бойца Александра Емельяненко,https://tass.ru/sport/27034763,"Tue, 07 Apr 2026 23:26:49 +0300",website,tass.ru
Мишустин создал правкомиссию по ликвидации последствий паводков в Дагестане,Ее возглавил министр по делам ГОЧС Александр Куренков,https://tass.ru/obschestvo/27034783,"Tue, 07 Apr 2026 23:25:30 +0300",website,tass.ru
Трамп: США ведут напряженные переговоры по Ирану,Ход диалога американский лидер комментировать не стал,https://tass.ru/mezhdunarodnaya-panorama/27034775,"Tue, 07 Apr 2026 23:23:39 +0300",website,tass.ru
Министр сельского хозяйства Ирана провел разговор с российской коллегой,"Голамреза Нури подчеркнул, что за последние годы объем торговли между двумя странами вырос, несмотря на санкционное давление и региональные конфликты",https://tass.ru/ekonomika/27034695,"Tue, 07 Apr 2026 23:16:48 +0300",website,tass.ru
В Геленджике после атаки ВСУ 6 апреля повреждены семь домов и восемь квартир,Продолжается подомовой обход для оценки ущерба,https://tass.ru/proisshestviya/27034729,"Tue, 07 Apr 2026 23:11:00 +0300",website,tass.ru
Такер Карлсон призвал военных США саботировать приказы Трампа об ударах по Ирану,"По мнению журналиста, наступил ""поворотный момент"", после которого ""ничто не будет прежним""",https://tass.ru/obschestvo/27034733,"Tue, 07 Apr 2026 23:10:33 +0300",website,tass.ru
США ответят на предложение Пакистана продлить срок заключения сделки с Ираном,"Президент Соединенных Штатов Дональд Трамп осведомлен о предложении, сообщила пресс-секретарь Белого дома",https://tass.ru/mezhdunarodnaya-panorama/27034703,"Tue, 07 Apr 2026 23:09:34 +0300",website,tass.ru
На Кольцевой линии метро Москвы перекрывали движение из-за человека на пути,"Граждан призывали воспользоваться поездами в направлении по часовой стрелке, Большой кольцевой и радиальными линиями",https://tass.ru/obschestvo/27034639,"Tue, 07 Apr 2026 23:09:04 +0300",website,tass.ru
В аэропорту Чебоксар ввели ограничения,Они необходимы для обеспечения безопасности полетов,https://tass.ru/obschestvo/27034713,"Tue, 07 Apr 2026 23:07:15 +0300",website,tass.ru
В Воронеже отменили сигнал ракетной опасности,Угроза перестала действовать на территории всего региона,https://tass.ru/proisshestviya/27034629,"Tue, 07 Apr 2026 23:04:27 +0300",website,tass.ru
В Удмуртии объявили ракетную опасность,Об этом сообщил председатель госкомитета республики по делам ГО и ЧС Андрей Шуткин,https://tass.ru/proisshestviya/27034673,"Tue, 07 Apr 2026 23:02:58 +0300",website,tass.ru
"КЧР предлагает запустить программу ""Сельский водопровод"" в небольших поселениях","В регионе разработали более 50 предложений для новой народной программы ""Единой России""",https://tass.ru/obschestvo/27034409,"Tue, 07 Apr 2026 23:00:06 +0300",website,tass.ru
ЦАХАЛ ждет возможного усиления ударов Ирана по Израилю,Это связано с истечением сроков ультиматума Тегерану от Вашингтона,https://tass.ru/mezhdunarodnaya-panorama/27034665,"Tue, 07 Apr 2026 22:58:41 +0300",website,tass.ru
"NYP: ЦРУ помогло спасти летчика в Иране с помощью технологии ""Призрачный шепот""","Секретная технология, по данным газеты, использует квантовую магнитометрию в сочетании с ИИ для поиска электромагнитного отпечатка человеческого сердцебиения",https://tass.ru/mezhdunarodnaya-panorama/27034651,"Tue, 07 Apr 2026 22:58:39 +0300",website,tass.ru
Депутат Водолацкий: разговор с детьми на одном языке снизит их агрессивность,"По словам парламентария, распространена работа деструктивных организаций и мошенников, которые пытаются ""перепрошить"" ребенка или получить над ним контроль",https://tass.ru/obschestvo/27034595,"Tue, 07 Apr 2026 22:56:37 +0300",website,tass.ru
Расходы Автодора на строительство и ремонт дорог до 2030 года превысят 1 трлн рублей,"Средства будут направлены на реализацию новых инфраструктурных проектов, а также на поддержание и модернизацию действующих трасс",https://tass.ru/ekonomika/27034633,"Tue, 07 Apr 2026 22:56:31 +0300",website,tass.ru
Макрон проведет заседание совета по обороне из-за угроз США в адрес Ирана,"Ожидается, что оно пройдет 8 апреля в 08:30 по местному времени, сообщил телеканал BFMTV",https://tass.ru/mezhdunarodnaya-panorama/27034617,"Tue, 07 Apr 2026 22:53:56 +0300",website,tass.ru
Российские соотечественницы выступили за укрепление позиций русского языка,"Делегаты встречи под названием ""Женские лица российской идентичности"" выразили обеспокоенность по поводу проявления русофобии коллективным Западом и попыток ""отмены"" всего русского",https://tass.ru/obschestvo/27032767,"Tue, 07 Apr 2026 22:53:44 +0300",website,tass.ru
"Лидер нидерландских левых назвал угрозы США уничтожить Иран ""проявлением абсурда""","По оценке Йессе Клавера, подобные действия ""вызывают беспокойство"", так как ведут лишь к дальнейшей эскалации обстановки на Ближнем Востоке и угрожают ""как безопасности жителей Ирана, так и всей мировой экономике""",https://tass.ru/mezhdunarodnaya-panorama/27034515,"Tue, 07 Apr 2026 22:51:03 +0300",website,tass.ru
В Запорожье произошел взрыв,В городе объявлена воздушная тревога,https://tass.ru/mezhdunarodnaya-panorama/27034585,"Tue, 07 Apr 2026 22:49:34 +0300",website,tass.ru
"Чемпион России Рябыкин раскритиковал игру сына за ""Динамо"" в плей-офф МХЛ","Защитник бело-голубых Елисей Рябыкин в серии с ""Динамо-Шинником"" (1-3) не набрал ни одного очка",https://tass.ru/sport/27034593,"Tue, 07 Apr 2026 22:49:33 +0300",website,tass.ru
"В BSW считают, что кабмин ФРГ должен осудить ""варварство"" США касательно Ирана","Внешнеполитический эксперт партии Севим Дагделен заявила, что ""иранский народ восстает против американского империализма, вставая на защиту цивилизации""",https://tass.ru/mezhdunarodnaya-panorama/27034445,"Tue, 07 Apr 2026 22:49:04 +0300",website,tass.ru
"РКН: неполадки в сети ""Ростелекома"" стали причиной сбоя у провайдеров","Центр мониторинга и управления сетью связи общего пользования с 21:24 до 23:08 мск 6 апреля фиксировал всплеск обращений пользователей о проблемах работы государственных, игровых, банковских и других сервисов",https://tass.ru/ekonomika/27034567,"Tue, 07 Apr 2026 22:48:56 +0300",website,tass.ru
В Северной Осетии 9 мая приостановят работу рынков,На территории площади Штыба и проспекте Мира во Владикавказе также должны приостановить продажу алкоголя,https://tass.ru/obschestvo/27034433,"Tue, 07 Apr 2026 22:47:01 +0300",website,tass.ru